:020000040000FA
:100000008FEF15F012001200E4EF19F01200C69AFB
:020010001200DC
:10001800ECEF19F01200CDAB000000000000010069
:100028007A2B0000E10000001E0000000001B6511C
:100038000DE1030EE66EBE0EE66E8F0EE66EE2EC86
:100048000BF0E552E552E5520001B66F12009394A9
:100058009386A36AA46AF29EF29CF29CDCEF0BF0F2
:10006800EDEC0AF000016F8910681168126A136AD2
:10007800E15065EC0BF01016EE501116EE5012160A
:10008800EE501316100E1F0B07E0D89010361136DD
:1000980012361336E806F9E1105000016F131150BB
:1000A80070131250711313507213FB0EDBCF73F0E1
:1000B800FC0EDBCF74F0FD0EDBCF75F0FE0EDBCF50
:1000C80076F0756B766BF2EF0AF000016F99716B41
:1000D800726B736B746B756B766B1200EDEC0AF0D8
:1000E800FB0EDBCF6FF0FC0EDBCF70F0FD0EDBCF2D
:1000F80071F0FE0EDBCF72F00001735174117511AF
:1001080076110EE073C0E6FF74C0E6FF75C0E6FF27
:1001180076C0E6FFA5DFE552E552E552E55201D08B
:10012800D4DFF2EF0AF00001696BD9EC14F004C0D7
:1001380064F005C065F006C066F007C067F000010E
:10014800686B020EE66EE66AE66AE66AC7DFE552A3
:10015800E552E552E552030EE66EE66A5DEC14F0F0
:10016800E552E55200016A6F736B746B756B766BC1
:10017800D0EC0AF00101300E2E6F750E2F6F306B28
:10018800AE0EE66E000E10EC0BF00101A00E2E6F05
:10019800860E2F6F010E306FAA0EE66E000E10EC61
:1001A8000BF00101800E2E6F840E2F6F1E0E306F24
:1001B800B20EE66E000E10EC0BF04CEC0BF0DD0E00
:1001C800E66E000E10EC0BF0BEEC0BF00001B66B07
:1001D800010E776F796F786F2BEF00F0D6EC0BF08C
:1001E800FE0EDBCF10F0000E10C0DFFF03EC0BF0AB
:1001F800D9EC0AF064C010F0ADEC0BF065C010F05B
:10020800ADEC0BF066C010F0D9EC0BF0020EE76E07
:10021800B6EC0AF0FDE167C010F0C0EC0AF002E2AB
:10022800E16AE552E16EF2EF0AF0D6EC0BF0FC0E53
:10023800DBCF10F0D9EC0BF00D0EE76EB6EC0AF040
:10024800FDE1FD0EDBCF10F0FE0EDBCF11F0A5ECCB
:100258000AF0060EE76EB6EC0AF0FDE16AC010F08F
:10026800D9EC0BF0070EE76EB6EC0AF0FDE169C0B9
:1002780010F0C0EC0AF002E2E16AE552E16EF2EF3A
:100288000AF0EDEC0AF0040EE12600018F511C0B78
:10029800E842E842106EDF6E03EC0BF0070EE76EE3
:1002A800B6EC0AF0FDE11F0E00018D15040DF3CF29
:1002B80014F0060E8CC0E7FF070B04E0E742E79E48
:1002C800E806FCE1E7501410FDEC0AF0060EE76EB4
:1002D800B6EC0AF0FDE13F0E00018C15FDEC0AF0CA
:1002E800070EE76EB6EC0AF0FDE169C010F0D9EC34
:1002F8000BF0060EE76EB6EC0AF0FDE16AC010F0EE
:10030800C0EC0AF002E2E16AE552E16EF2EF0AF0AF
:10031800040E6CEC0BF088EC0BF0B5EC0BF010E174
:1003280028EC0BF0B5EC0BF00BE028EC0BF0BAEC7A
:100338000BF06AC0E6FF030E57EC0BF0A2EC0BF0D3
:100348001200D9CFE6FFE1CFD9FF0A0EE126030E4E
:100358000001985DE76E070EE7CFDBFF0D0E1F0B60
:100368008CC010F08DC011F08EC012F08FC013F049
:1003780007E0D8901332123211321032E806F9E150
:100388003F0E1016116A126A136A080E10C0DBFFBE
:10039800130E1F0B8CC010F08DC011F08EC012F020
:1003A8008FC013F007E0D890133212321132103296
:1003B800E806F9E1109E116A126A136A090E10C064
:1003C800DBFF080EDB500001845D05E1090EDB5000
:1003D8000001855D02E00D0E4FD200017B51000146
:1003E800915D02E0020E48D292C0DFFFDF500001AB
:1003F800875D02E00E0E40D200017AA323D00001EF
:100408007B0504E0030E00017B5D19E1040E000189
:100418007A1515E188C010F089C011F08AC012F071
:100428008BC013F01006000E115A000E125A000E5F
:10043800135A10C0F6FF11C0F7FF12C0F8FF0001F1
:100448007A8528D000017AAD23D000017B0504E02D
:10045800030E00017B5D19E1800E00017A1515E19C
:1004680088C010F089C011F08AC012F08BC013F058
:100478001006000E115A000E125A000E135A10C020
:10048800F6FF11C0F7FF12C0F8FF00017A8F02D003
:10049800050EF2D1070EDB5002E1FF0EEDD100018F
:1004A8007B51020A01E14AD1030A03E0020A01E092
:1004B800D3D100017AA3EED0070EDBCF10F0116A7A
:1004C800126A136A800EE96E000EEA6EEE5010266C
:1004D800EE501122EE501222EE501322020E10C0DE
:1004E800DBFF030E11C0DBFF040E12C0DBFF050E9D
:1004F80013C0DBFF070EDB5000018725E76E060EF1
:10050800E7CFDBFF060EDB50400802E2140EB4D141
:10051800D950020FE96EDACFEAFF00018851EE5C8C
:10052800106E00018951EE58116E00018A51EE5883
:10053800126E00018B51EE58136E105000017C5D55
:10054800115000017D59125000017E5913500001CD
:100558007F5902E2130E90D1010EDB6A070EDB50C1
:10056800F36E010EDBCFF4FFF350F45C0EE2010EE4
:10057800DB50030FEA6A900FE96E000EEA22EF5093
:10058800F56E0F00010EDB2AE9D7060EDB50400896
:1005980026E2D950020FE96EDACFEAFF000188514E
:1005A800EE5C106E00018951EE58116E00018A51FF
:1005B800EE58126E00018B51EE58136E1050000168
:1005C8007C190CE1115000017D1908E1125000015D
:1005D8007E1904E1135000017F1900E158E1060E6D
:1005E800DB50400826E0D950020FE96EDACFEAFF67
:1005F80000018851EE5C106E00018951EE58116EB1
:1006080000018A51EE58126E00018B51EE58136E9C
:10061800105000017C190CE1115000017D1908E10E
:10062800125000017E1904E1135000017F1900E106
:100638001CE1840EA66E550EA76EAA0EA76EA682A2
:100648000000A6B2FED7A6940001876B020EDBCF8E
:1006580080F0030EDBCF81F0040EDBCF82F0050EB5
:10066800DBCF83F0000E08D111D0020EDBCF80F073
:10067800030EDBCF81F0040EDBCF82F0050EDBCF5B
:1006880083F0060EDBCF87F0FF0EF6D002D0120EF5
:10069800F3D053D000017AAD50D0010EDB6A070EBB
:1006A800DB50F36E010EDBCFF4FFF350F45C11E284
:1006B8000B00010EDB50030FEA6A900FE96E000E83
:1006C800EA22EF50F55C02E00B0ED6D0010EDB2AD1
:1006D800E6D7070EDBCF10F000011050000180278D
:1006E800000E812382238323880EE96E000EEA6EB2
:1006F800EE500001805D106EEE5000018159116EC0
:10070800EE5000018259126EEE5000018359136EAB
:10071800105000017C190CE1115000017D1908E10D
:10072800125000017E1904E1135000017F1900E105
:1007380004E10001876B000E9FD08ED0020E80C0AE
:10074800DBFF030E81C0DBFF040E82C0DBFF050E5A
:1007580083C0DBFF010EDB6A070EDB50F36E010E70
:10076800DBCFF4FFF350F45C41E200017AA316D02A
:10077800010EDB50030FEA6A900FE96E000EEA22C1
:10078800EF50E66E020EDBCFE6FF030EDBCFE6FF8F
:1007980090EC14F0E552E552E5521BD000017AAD19
:1007A80018D0020EDBCFE6FF030EDBCFE6FF5DECD1
:1007B80014F0E552E552106E010EDB50030FEA6AA1
:1007C800900FE96E000EEA22EF50105C02E00B0E6B
:1007D80053D0D950020FE96EDACFEAFFEE2A000EA5
:1007E800EE22EE22EE22010EDB2AB6D7020EDBCF76
:1007F80080F0030EDBCF81F0040EDBCF82F0050E14
:10080800DBCF83F0880EE96E000EEA6EEE50000131
:10081800805D106EEE5000018159116EEE5000019E
:100828008259126EEE5000018359136E1050000168
:100838007C190CE1115000017D1908E112500001EA
:100848007E1904E1135000017F1900E104E1000161
:10085800876B000E11D000D0070EDB5000018727F0
:10086800000186510001875D03E30001876B02D018
:10087800FF0E02D0000E00D0106E0A0EE15C02E2FC
:10088800E16AE552E16E1050E552E7CFD9FF120058
:10089800D6EC0BF0020E00017A1503E1400E7A1532
:1008A80002E00C0EA2D0910508E0020E915D05E071
:1008B800030E915D02E0020E98D0000E95C0DFFF96
:1008C80003EC0BF0D9EC0AF094C010F0ADEC0BF08F
:1008D80093C010F0ADEC0BF092C010F0D9EC0BF017
:1008E800D880FF0EEE54FF0EEE54FF0EEE54000EAD
:1008F800EE5402E2030E79D0B0EC0BF0EECF10F01C
:10090800EECF11F0EECF12F0EFCF13F01050111020
:100918001210131002E1110E68D0D0EC0AF0000199
:10092800910503E0030E915D02E1400E04D0020E32
:10093800915D02E1010E866F210E905D02E1020ECB
:1009480004D0260E905D02E1400E7A6F91C07BF0D4
:100958000D0EE3EC0AF003E0F6EC0AF0FDE153ECCF
:100968000BF010C084F0130EE3EC0AF003E0F6EC91
:100978000AF0FDE1109ECCEC0BF010C085F0DFCF43
:100988007CF0010EDBCF7DF0020EDBCF7EF0030E94
:10099800DBCF7FF000017B51030A18E0010A0DE06C
:1009A800030A22E1C00E806F330E816F826B836B66
:1009B800C00E886F330E896F07D0040E806F816B6D
:1009C800826B836B886F896B8A6B0DD0EA0E806FA0
:1009D8007F0E816F010E826F836BEA0E886F7F0E28
:1009E800896F010E8A6F8B6B000E106E040EE15C2E
:1009F80002E2E16AE552E16E1050F2EF0AF0EDEC26
:100A08000AF0060EE1260D0EE3EC0AF003E0F6EC20
:100A18000AF0FDE153EC0BF01050DF6E130EE3EC1F
:100A28000AF003E0F6EC0AF0FDE15FEC0BF0020ED1
:100A3800DB6A030EDB6A040EDB6A050EDB6A020E54
:100A480000017A1505E1400E7A1502E1080E5FD023
:100A5800DF50845D04E1010EDB50855D02E00D0E80
:100A680056D07B51915D02E0020E51D07B51030AB2
:100A780014E0010A0AE0030A22E11FEC0BF0C00EA1
:100A8800105E330E115A000E06D01FEC0BF0040E48
:100A9800105E000E115A125A09D01FEC0BF0EA0E24
:100AA800105E7F0E115A010E125A000E135A73EC83
:100AB8000BF0040E12C0DBFF050E13C0DBFF7AA596
:100AC80023D0010E106ECCEC0BF07AEC0BF0102654
:100AD800EE501122EE501222EE5013227C51105C7F
:100AE8007D5111587E5112587F51135804E2D0ECB1
:100AF8000AF00F0E0CD07B0507E16C916C836CC07B
:100B0800E6FF020E57EC0BF0D0EC0AF0000E106E68
:100B1800060EE15C02E2E16AE552E16E1050F2EF86
:100B28000AF0D0EC0BF005E1FE0EDB50010B0108DA
:100B380002E1000E01D0010EF2EF0AF0D0EC0BF04A
:100B480005E0FE0EDB50010B010802E0000E01D0AB
:100B5800010EF2EF0AF0EDEC0AF00F0EE126DE6A64
:100B6800DE6ADE6A140EDD6EDD52DD520E0EDB80AB
:100B7800ABEC0AF0106E0F0EE15C02E2E16AE5529E
:100B8800E16E1050F2EF0AF0EDEC0AF0110EE126DA
:100B9800FD0EDBCF06F0FE0EDBCF07F00F0E06C012
:100BA800DBFF100E07C0DBFFFC0EDBCFE6FFF2EC2D
:100BB80000F034EC0BF0070EF36E0C0EF3CFDBFFF6
:100BC8000E0EDB90040E68C0DBFF050E69C0DBFF6C
:100BD800060E6AC0DBFF000173517411751176119E
:100BE80007E0D9500F0FE96EDACFEAFFEE88ED5231
:100BF800FF0EE76E81EC0BF0E7501016116A070E36
:100C080010C0DBFF81EC0BF011C010F0116AFF0E71
:100C18001016000E1116080E10C0DBFF7351E76E98
:100C2800090EE7CFDBFF74C010F075C011F076C075
:100C380012F00001136A1050E76E0A0EE7CFDBFFCF
:100C4800ABEC0AF0106E110EE15C02E2E16AE552CB
:100C5800E16E1050F2EF0AF0EDEC0AF0040EE12616
:100C6800070EE3EC0AF003E0F6EC0AF0FDE153ECC2
:100C78000BF01050DF6E8CC010F05FEC0BF00D0E17
:100C8800E3EC0AF003E0F6EC0AF0FDE11F0E1116A2
:100C9800126A136A73EC0BF0DF5017E1010EDB5098
:100CA80014E17AEC0BF0ED1010E194EC0AF040EC52
:100CB8000BF0B5EC0BF009E040EC0BF0BAEC0BF0E4
:100CC8000001775102E1A2EC0BF0040EE15C02E2B4
:100CD800E16AE552E16EF2EF0AF0EDEC0AF0E65255
:100CE800FE0EDB5002E0C00E01D0800E0001901114
:100CF800DF6E080EE66EE66AE66A9F0EE66E000E86
:100D0800C4EC0BF045EC01F004C09BF005C09CF06E
:100D180006C09DF007C09EF0FE0EDB500EE0FD0EF3
:100D2800DBCFE6FFF90EDB5003E0FA0EDB5001D013
:100D3800000EE552E724020F07D0FA0EDBCFE6FFDC
:100D4800FD0EDB50E552E7240001A76FA991DFCF24
:100D58009FF0FD0EDB046CEC0BF0A00EE66E000EAF
:100D6800E66EBAEC0BF0D95065EC0BF0ED1024E010
:100D7800FE0EDB5006E0FE0EDB501EE0F90EDB50E7
:100D88001BE0FA0EDBCFE6FFE66AFB0EDBCFE6FFE1
:100D9800FC0EDBCFE6FFFD0EDB50116A9F0F106ED5
:100DA800000E112210C0E6FF11C0E6FFC9EC13F0D7
:100DB800126E060EE15E1250FE0EDB5026E0010EAA
:100DC800E66EE66AD950FE0FE66EFF0EDA20E66E92
:100DD800FD0EDB50136A9F0F126E000E1322F90EE0
:100DE800DB5003E0FA0EDB5001D0000E00011224A4
:100DF800106E000E1320116E10C0E6FFE66EC9ECEF
:100E080013F0146E060EE15E1450010EE552E6D39F
:100E1800D9CFE6FFE1CFD9FF0A0EE126040EDB6A3F
:100E2800050EDB6A0D0E1F0B8CC010F08DC011F083
:100E38008EC012F08FC013F007E0D8901332123230
:100E480011321032E806F9E13F0E1016116A126AE3
:100E5800136A060E10C0DBFF130E1F0B8CC010F0B8
:100E68008DC011F08EC012F08FC013F007E0D8903B
:100E78001332123211321032E806F9E1109E116A6B
:100E8800126A136A070E10C0DBFF8CC010F08DC009
:100E980011F08EC012F08FC013F03F0E1016116AB9
:100EA800126A136A080E10C0DBFF060E1F0B8CC0F7
:100EB80010F08DC011F08EC012F08FC013F007E053
:100EC800D8901332123211321032E806F9E1109E2E
:100ED800116A126A136A090E10C0DBFF080EDB5094
:100EE8003F0804E0090EDB507F0802E1000E3FD105
:100EF800060EDB5000016A5D04E0060EDB503F0879
:100F080005E1070EDB500001695D02E0000E2FD1FC
:100F180007DB030E0001905D03E18CEC01F024D1A6
:100F28000001900515E1060EE66E6FC010F070C066
:100F380011F071C012F072C013F0126A136A10C077
:100F4800E6FF11C0E6FF20DEE552E552E5520CD17E
:100F580000016A51000801E307D100019051270AF6
:100F680001E1EFD0040A01E1D9D0010A01E1B4D0CE
:100F7800070A57E0040A40E0070A3EE0060A01E0D3
:100F8800F3D00001910521E1640EE66E000EE66ED5
:100F9800040EE66E070EE66E020EE66EE66A86DA66
:100FA800106E060EE15E10506F0EE66E000EE66ED5
:100FB800040EE66E070EE66E010EE66EE66A76DA57
:100FC800106E060EE15E105016D0020E0001915D03
:100FD8000BE16CC0E6FFA5DDE552000904E02BEC4F
:100FE80000F0E0EF19F007D0030E0001915D03E176
:100FF8002BEC00F0FF00B8D0E66A010EE66E860E14
:10100800E66E000EE66E060EE66E42DCE66E65DE05
:10101800106E060EE15E1050E76E040EE7CFDBFFA0
:10102800A3D000016C9300016C81010EE66E010EE5
:10103800E66EE66A90EC14F0E552E552E5526CC0B3
:10104800E6FF020EE66EE66A90EC14F0E552E55211
:10105800E552C00EDE6E330EDE6EDE6ADD6ADD52EC
:10106800DD52D9CFE9FFDACFEAFFFF0EEE5C7F0E43
:10107800EE58010EEE58000EEE581CE2DFCFF6FFD8
:10108800010EDBCFF7FF020EDBCFF8FF940EA66E42
:10109800550EA76EAA0EA76EA682D9CFE9FFDACFA2
:1010A800EAFF400EEE26000EEE22000EEE22000EA3
:1010B800EE22D7D7E66AE66A000EE66EE66A020E08
:1010C800E66EE66A0ADE106E060EE15E1050E76E06
:1010D800040EE7CFDBFF48D0A5EC01F0E76E050E64
:1010E800E7CFDBFF050EDB50FF0801E13DD0010E25
:1010F800E66E010EE66E870EE66E000EE66E020ED6
:10110800E66E050EDBCFE6FFE8DD106E060EE15E4B
:101118001050E76E040EE7CFDBFF26D0E66AE66ADA
:10112800000EE66EE66A020EE66E69DCE66ED5DD56
:10113800106E060EE15E1050E76E040EE7CFDBFF7F
:1011480013D00001010E6E6F0101A00E2E6F860EE6
:101158002F6F010E306FAA0EE66E000EE66E19ECC8
:1011680012F0E552E55200D0040EDB5000D0106EAC
:101178000A0EE15C02E2E16AE552E16E1050E552C6
:10118800E7CFD9FF12000001785133E0000169511F
:1011980030E10001B6512DE0AE0EE66E000EE66EAF
:1011A8005BEC12F0E552E552000923E00101A00EC4
:1011B8002E6F860E2F6F010E306FAA0EE66E000E90
:1011C800E66E19EC12F0E552E552C5DC000903E0C1
:1011D8000001786B0ED00101300E2E6F750E2F6F47
:1011E800306BAE0EE66E000EE66E19EC12F0E552AC
:1011F800E5526CC0E6FFA2DCE552000906E10001F9
:101208006D0503E000016E514FE00001010E6E6FA5
:101218000001775148E0AA0EE66E000EE66E5BEC20
:1012280012F0E552E55200093EE0E66AE66AE66A2F
:10123800E66A72EC00F0E552E552E552E55200012B
:10124800B65131E0640EE66E000EE66E040EE66EF0
:10125800070EE66E020EE66EE66A28D9106E060ED6
:10126800E15E1050000902E0000E01D0010E0001FD
:10127800776F0001775117E16F0EE66E000EE66E8C
:10128800040EE66E070EE66E010EE66EE66A0ED9ED
:10129800106E060EE15E1050000902E0000E01D04B
:1012A800010E0001776F43D000016E5140E1020E3C
:1012B800E66EE66AE66AE66A72EC00F0E552E55226
:1012C800E552E5520001795124E00001B65121E0D0
:1012D800AA0EE66E000EE66E5BEC12F0E552E552E1
:1012E800000917E06F0EE66E000EE66E040EE66E5D
:1012F800070EE66E010EE66EE66AD8D8106E060E88
:10130800E15E1050000902E0000E01D0010E00015C
:10131800796FB20EE66E000EE66E5BEC12F0E552E7
:10132800E552000904E02BEC00F0E0EF19F0939C83
:10133800D90EE66E000EE66E5BEC12F0E552E55251
:10134800000912E08150400B0FE0819C0101200E42
:101358002E6F4E0E2F6F306BD90EE66E000EE66EB6
:1013680019EC12F0E552E552939EDD0EE66E000E82
:10137800E66E5BEC12F0E552E552000912E081508E
:10138800800B0FE0819E0101200E2E6F4E0E2F6FF5
:10139800306BDD0EE66E000EE66E19EC12F0E552CB
:1013A800E55259EC0CF0010864E10F0EE1266FECF0
:1013B8000DF0EECF8CF0EECF8DF0EECF8EF0EECFBD
:1013C8008FF0EECF90F0EECF91F0EECF92F0EECF1F
:1013D80093F0EECF94F0EECF95F0EECF96F0EECFFF
:1013E80097F0EECF98F0EECF99F0EECF9AF0106E1E
:1013F8000F0EE15E105000019AB13BD000018F51F1
:101408001C0BE842E842030A31E0060A2FE0020A10
:101418002DE0030A03E0060A01E02BD0F9DC0009FD
:1014280024E09BC0E6FF9CC0E6FF9DC0E6FF9EC08F
:10143800E6FF9FC0E6FFA0C0E6FFA1C0E6FFA2C08E
:10144800E6FFA3C0E6FFA4C0E6FFA5C0E6FFA6C06E
:10145800E6FFA7C0E6FFA8C0E6FFA9C0E6FF99EC33
:101468000CF0106E0F0EE15E105003D030EC06F059
:1014780000D00101125119E0010111A716D0010E87
:10148800E66E6FC010F070C011F071C012F072C03B
:1014980013F0126A136A108A10C0E6FF11C0E6FF43
:1014A800C8EC05F0E552E552E552120092D80F0E4D
:1014B800E12600016A51000829E2FC0EDBCFE6FFB5
:1014C800FD0EDBCFE6FFFE0EDBCFE6FF19EC01F0E9
:1014D800E552E552C5D8FB0EDB50E76E0C0EE7CFA0
:1014E800DBFF0E0EDB90FB0EDBCFE6FFE66AF90EA4
:1014F800DBCFE6FFFA0EDBCFE6FFD950040FE66E2E
:10150800000EDA20E66E32D922D801D0010E106E14
:101518000F0EE15C02E2E16AE552E16E10505ED026
:10152800939CD90EE66E000EE66E5BEC12F0E55267
:10153800E552000905E08150400B02E1818C1AD97F
:101548001200126A136A1050EFD8B0EF0BF004D9EA
:10155800E0D8DFD8DED899EC0CF0106E0F0EE15E03
:1015680010501200D890EF36010EEB36020EEB3613
:10157800030EEB36E70612000BD91050D5D8DECF94
:1015880004F0DECF05F0DECF06F0DDCF07F0DD5248
:10159800DD52040EE15C1200120EE66EE66AE66A9F
:1015A8007A0EE66E000EC4EF0BF0EF50EE6AEFCF46
:1015B800F4FFEE6EEF50F4CFEEFFEF6E12001F0B4C
:1015C8008CC010F08DC011F08EC012F08FC013F0D7
:1015D8001200D9CFE6FFE1CFD9FF1200E552E7CFDD
:1015E800D9FF1200D8901332123211321032E806A5
:1015F8001200106ECDD8E85097D8B0EF0BF0010E5E
:10160800DB6A020EDB6A030EDB6AB0EF0BF0106ECA
:10161800060EE15E10501200E66E19EC12F0E5526B
:10162800E5521200040EE126DE6ADE6ADE6ADD6A31
:10163800DD52DD52120080C010F081C011F082C06E
:1016480012F083C013F01200010EE66EE66A950EE2
:10165800E66E000EE66E6A0EE66E000EE66E12008C
:10166800E55204C0DEFF05C0DEFF06C0DEFF07C08E
:10167800DDFFDD52DD521200010EE66EE66A900EC5
:10168800E66E000EE66E690EE66E000EE66E12005D
:101698000101200E2E6F4E0E2F6F306B12003F0E81
:1016A8001016CCEF0BF0E66EE66A90EC14F0E552FB
:1016B800E552E5521200109E6BD8010E10C0DBFFF8
:1016C8001200FB0FE96EFF0EDA20EA6EEE501200F0
:1016D800E66EE66A910EE66E000EE66E1200020EE7
:1016E80010C0DBFF030E11C0DBFF1200D950020F40
:1016F800E96EDACFEAFFEE5012000F0EDBCF10F0E2
:10170800100EDBCF11F01200640EE66E000EE66ECE
:101718001200EECFE6FFEECFE6FFEECFE6FFEECF0C
:10172800E6FFEECFE6FF1200DE121150DE12125075
:10173800DE121350DD12DD52DD521200E5DF040E19
:10174800E66E070EE66E020EE66EE66AAFDE0BEF99
:101758000BF02BD8D9EF0AF0D9CFE9FFDACFEAFF9F
:101768001200A0EC13F053DF00091200C9EC13F0CB
:101778000BEF0BF08DDFD90EE66E000E10EF0BF0BD
:10178800E66EF4EC13F0106E050EE15E10501200D8
:10179800116A126A136A12001CDFFE0EDB50020B7C
:1017A8000208120016DF16EF0BF0116AA5EF0AF017
:1017B8000F014097746A3F0E7EEF0EF06CDA939437
:1017C80093869F0E97DA00094BE0800E776EFE0E27
:1017D800DB50706EFD0EDB50716EFC0EDB50726ECE
:1017E800606A0F01506B0D01F86B0E01206B306BB6
:1017F800406B506B606B706B746A0D01D469D5696E
:10180800400EF06FA90EF16FAA0EF26FEA0EF36F99
:10181800FA6BFC6B0F01080E016F056F096F0D6FF6
:10182800116F156F0D01616F656F696F716F756F5E
:10183800796F816F856F896F0F011B6B1A6B196B3D
:10184800186B1F6B1E6B1D6B1C6B0D01936B926BE2
:10185800916B906B200E736E1F0E4CDA000902E13B
:10186800000E01D0010E1CD216DA0101100E2E6FE7
:10187800270E2F6F306B1FDA1F0E6F14106EFE0EBF
:10188800DB50E00B10106F6EE00E6E14106EFE0E43
:10189800DB50E00B105C07E0D50EE66E000E04DAB4
:1018A800F3E0000E01D0010EFBD10F0E6F14106E85
:1018B800E00E771410091010776E800E60148008FF
:1018C80001E1010C000CE7D9E652DF6AFDD90EE20E
:1018D80003DAEF50E66EDF50EA6AB90FE96E000EE0
:1018E800EA22E552E750EF6EDF2AF0D7A4BEA49EA5
:1018F800609EE552D5D1CFD9E652E00E7716030E99
:101908007712DF6AE1D90EE2DF50EA6AC70FE96EA3
:10191800000EEA22EF50E66EDFD9E552E750EF6E8F
:10192800DF2AF0D76086E552BBD1B5D9020EE12691
:10193800FC0EDB50080805E2080EF36EFC0EF3CF30
:10194800DBFFFC0EDBCFCCF0D950F00FE96EFF0EB9
:10195800DA20EA6E0E0EE926000EEA22EF50010B9D
:1019680029E10001CC9D010EDB6AFC0EDB50F36E11
:10197800010EDBCFF4FFF350F45C1EE2D950F40FF4
:10198800106EFF0EDA20116E010EDB501024E96E86
:10199800000E1120EA6EEF50E66E010EDB50EA6A87
:1019A800CD0FE96E000EEA22E552E750EF6E010E08
:1019B800DB2ADBD70001CC8DF00EDBCF10F0F10E67
:1019C800F20EF30E10500001CB6F58D9080E8BD9C8
:1019D800FEE110500001CA6FF00EDBCF18F0F10ED7
:1019E800DBCF19F0F20EDBCF1AF0F30EDBCF1BF0D2
:1019F8000D0ED8901B321A3219321832E806F9E166
:101A0800E00E1C6E1D6A1E6A1F6AE85018161D50EB
:101A180019161E501A161F501B16F00EDBCF14F0A5
:101A2800F10EDBCF15F0F20EDBCF16F0F30EDBCFA5
:101A380017F016C010F0126A136A030E10165ED95A
:101A4800105018100001C96F19D9150E4CD9FEE1B4
:101A580010500001C86FC987030EC76F0101C00E7F
:101A68002E6FCF0E2F6F6A0E306F25D9E00E7716C6
:101A7800030E77120F0140A70BD0A9EC0EF0D50E7C
:101A8800E66E000E11D9F6E00F014097000E1AD04D
:101A9800939EDD0EE66E000E07D912E08150800B92
:101AA8000FE1818E0101200E2E6F4E0E2F6F306BCD
:101AB800DD0EE66E000EE66E19EC12F0E552E55208
:101AC8001ADF010E106E020EE15C02E2E16AE552D5
:101AD800E16E1050E5D0DFD8100EE126F4DE0F0ECF
:101AE8000001BE15E76E0C0EE7CFDBFFB9AB03D0E4
:101AF8000E0EDB8029D00E0EDB900F0EDB6A0C0E6B
:101B0800DB50F36E0F0EDBCFF4FFF350F45C1CE2F6
:101B18000F0EDB50EA6ABF0FE96E000EEA22EF50A3
:101B2800E66ED950040F106EDACF11F00F0EDB50AD
:101B38000F011024E96E000EDA20EA6EE552E75034
:101B4800EF6E0F0EDB2ADBD7BAC010F0D7D8030E22
:101B58001F0B02E08CD8FEE17BD80001BB51E00BE3
:101B6800E838E840106ECAD8E8507ED8EFCF13F0B6
:101B7800020E1F0B02E07BD8FEE1030E0001BB152D
:101B8800146E156A166A176AE85010121550111269
:101B980016501212175013125BD8B4D8EFCF13F0A7
:101BA800100E1F0B02E063D8FEE152D8BCC010F043
:101BB800A5D8080E1F0B02E05AD8FEE11050ADD888
:101BC800BDC010F09BD810504FD8EECF13F0EECF19
:101BD80014F0EECF15F0EECF16F0EECF17F0EECFF3
:101BE80018F0EECF19F0EECF1AF0EECF1BF0EECFD3
:101BF8001CF0EECF1DF0EFCF1EF0D9CFE9FFDACF02
:101C0800EAFFED50ED501EC0EDFF1DC0EDFF1CC0FA
:101C1800EDFF1BC0EDFF1AC0EDFF19C0EDFF18C0A6
:101C2800EDFF17C0EDFF16C0EDFF15C0EDFF14C0A6
:101C3800EDFF13C0EDFF12C0EDFF11C0EDFF10C0A6
:101C4800EFFF100EE15C02E2E16AE552E16E28D096
:101C580010C0DFFF010E11C0DBFF020E12C0DBFF58
:101C6800030E13C0DBFF120058D886EF0EF0D89091
:101C78001036113612361336E8061200F00EDBCF96
:101C880010F0F10EDBCF11F0F20EDBCF12F0F30EF5
:101C9800DBCF13F01200D9CFE6FFE1CFD9FF120056
:101CA800E552E7CFD9FF1200E66E5BEC12F0E55281
:101CB800E55200091200D50EE66E000EE66E19EC2C
:101CC80012F0E552E5521200DF50106E116A0E0E46
:101CD800105C000E11581200DF50EA6A600FE96EBE
:101CE8000F0EEA221200D89013321232113210323B
:101CF800E8061200E66EB8DDE5521200116A126AB3
:101D0800136A1200D9CFE9FFDACFEAFFEECF10F05D
:101D1800EECF11F0EECF12F01200DE121150DE12EB
:101D28001250DE121350DD12DD52DD521200010195
:101D3800500E2E6FC30E2F6F306BA4D919EC12F012
:101D4800E552E5520001F96B1200D9CFE6FFE1CF69
:101D5800D9FF050EE12696D95BEC12F0E552E55263
:101D6800000915E00101500E316FC30E326F336B5D
:101D780089D92FEC12F0E552E5520001FB1FFC1F38
:101D8800FA2B040EFA5D03E1FA6BFD1FFE1F00013A
:101D9800E551FD15106EE351FB15E1111010DF6ED2
:101DA800F9A10BD0939AD9CFE9FFDACFEAFFEF5028
:101DB800010B02E0819A01D0818AF9A30BD0939894
:101DC800D9CFE9FFDACFEAFFEF50020B02E08188B2
:101DD80001D08198F9A516D0EB51FD15106EE95187
:101DE800FB15E7111010DF6E080EF36E020E25D9F1
:101DF800829094903CD98280020EDB06FDE18290AD
:101E080007EC00F00001F9A716D0F151FD15106E8E
:101E1800EF51FB15ED111010DF6E080EF36E030E77
:101E28000CD98292949223D98282030EDB06FDE1BB
:101E3800829207EC00F00001F9A932D0F551FB15A8
:101E4800146EF651FC15156EF3511410126EF45100
:101E58001510136EF751FD15166EF851FE15176E15
:101E680012501610106E13501710116E10C0DEFFAE
:101E7800DD6E080EF36E040EE0D8829494941BD99C
:101E880011C010F0116A1050E66E7DEC15F0E552A5
:101E9800EED88284040EDB06FDE1829407EC00F0A4
:101EA800050EE15C02E2E16AE552D4D0C1D803E153
:101EB800DE68DD680CD0E1D804E0D890F336E80697
:101EC800FCE1F350106E116A10BE1168FFD8F3D808
:101ED800DED8F6D8DCD8020EA6D8EDD8D8D8040EAD
:101EE800FAD802E2E16AE552B5D0A2D803E1DE6889
:101EF800DD680CD0C2D804E0D890F336E806FCE1DF
:101F0800F350106E116A10BE1168E0D8D4D8C4D846
:101F1800020EE926000EEA22D3D8BED8ECD8BCD8E7
:101F2800040ED9D802E2E16AE55294D081D803E1DF
:101F3800DE68DD680CD0A1D804E0D890F336E80656
:101F4800FCE1F350106E116A10BE1168BFD8B3D807
:101F5800A8D8040EE926000EEA22B2D8A2D8CBD817
:101F6800A0D8020EB8D802E2E16AE55273D060D870
:101F780003E1DE68DD680CD080D804E0D890F33641
:101F8800E806FCE1F350106E116A10BE11689ED885
:101F980044D88CD8B0D88AD8040E45D88CD886D8DE
:101FA800020E99D802E2E16AE55254D09DD857D87A
:101FB8000750DF6E54D80350020801E2DF2ADFA081
:101FC80004D0DE52010EDD6E02D0010EDB6ADF9016
:101FD800DF42E6680101F30E0F6F000E106FC7DFD6
:101FE800E552DF50ABEC15F0F3CFF3F0F4CFF4F09B
:101FF8000001010EF35F000EF45B010EDB5007E0F9
:10200800DF50ABEC15F0F3CFF7F0F4CFF8F0020E99
:10201800E15C02E2E16AE5521DD04DD8101E111EA6
:1020280055D85FEF10F0E926000EEA2273EF10F0A2
:102038005BD8FE0EDB50FF081200F3CFDBFF800EEB
:10204800E66EE66A020EE66EA5EC14F0E552E5527D
:10205800E5521200E16EE552E7CFD9FF1200050EF6
:10206800106E0C6EFE0EDBCF07F09DEF15F0DFCF84
:10207800E6FF7DEC15F0E5521200010EF36EFE0E40
:10208800DB501200050EE66E010EE66E120009C165
:10209800E9FF0AC1EAFF12000BC1E9FF0CC1EAFF20
:1020A80012000DC1E9FF0EC1EAFF12000FC1E9FFDE
:1020B80010C1EAFF1200DECF10F0DDCF11F01200E0
:1020C8001050EE121150ED1211EF10F010C0DEFF9B
:1020D80011C0DDFF1200A7DF020EE15C12001050F4
:1020E800EE161150ED161200D9CFE6FFE1CFD9FF59
:1020F800020EE1261200F3DF5FEF10F0D9CFE6FF02
:10210800E1CFD9FF040EE1260101400E2E6F190E12
:102118002F6F010E306FD9CFE6FFDACFE6FF19EC4B
:1021280012F0E552E552D9CFE6FFDACFE6FF4EECE2
:1021380012F0E552E552040EE15C02E2E16AE55272
:10214800E16EE552E7CFD9FF120029D9010EDB6A0B
:10215800000E16D900016B6F010E12D900016D6FC8
:10216800020E0ED900016C6F00016B0509E1000138
:102178006A6B020EE66E000E0AD9E66A030E07D9EC
:102188006CC0E6FF95EC05F0E552000968E0020E28
:1021980000016D15020863E1040E00016C11E66E82
:1021A8000CD904D904E0040EDF14040815E0050E68
:1021B800F36E010EDBCFF4FFF350F45C0DE2640E16
:1021C800E66E66EC15F0E552060EDF6EDFCFE6FF31
:1021D800F4D8010EDB2AE5D7E9D804E0040EDF14B1
:1021E800040814E0E66A0101E10E0B6F000E0C6FA3
:1021F80079EC0FF0E552A9EC0EF0040EE66EE66AF3
:10220800E66AE66A34EC00F0E55226D00101700E69
:10221800266F3D0E276F286B040E00016C1504080D
:1022280009E007D028C1FBFF27C1FAFF01012651A9
:10223800F96EF8DF00016CA503D06C876C9505D0AA
:10224800080E6C15080801E16C976CC0E6FF020ED9
:10225800E66EE66A90EC14F0E552E552E552020E9D
:10226800E15C02E2E16AE552E16EE552E7CFD9FFAF
:10227800120000016E6B939E819E939C819C070EB9
:10228800B46E0D0EC16E12000101046B020E036FD5
:10229800026B050E016F1200D0B206D00101010ECB
:1022A800006FD082D0801200D0B006D00101020E9B
:1022B800006FD08082EF10F0D0B603D00101050E78
:1022C8001CD0D0B805D00101060E006FD0881200CE
:1022D800D0B403D00101040E10D0FCAE05D001012A
:1022E800070E006FFC9E1200FCAC05D00101080E21
:1022F800006FFC9C12000101030E006F1200040025
:10230800A9EC0EF066EC13F01200B3DF09EC12F042
:102318009BEC0EF00001010EF96FA9EC0EF0E66AD5
:102328000101E10E0D6F000E0E6F9AEC0FF0E552F1
:1023380048EC13F0B1DFA8DF2BEF00F030D8DE6AED
:10234800DD6AE66866EC15F0E552DFDFFEDE97EC45
:1023580000F01AEC00F0DECF10F0DDCF11F0C40E63
:10236800105C090E115804E31AEC00F0DE6ADD6A0D
:10237800C6DFC7EC08F0DF2A010EEDE3DB2AEBD756
:10238800E66EE66A5DEC14F0E552E5521200E66E80
:10239800E66A90EC14F0E552E552E5521200D9CF06
:1023A800E6FFE1CFD9FF020EE1261200DFCFE6FFFC
:1023B80095EC05F0E55200091200020EE8DF020E66
:1023C800DFDFDF6E1200D2D8030EE126D8D89EA038
:1023D80004D0D5D801012D2B9E90020E2DC1DBFF14
:1023E800DFCF10F0010EDBCF11F0020EDBCF12F0C1
:1023F80010C005F011C006F012C007F0030EE15C32
:1024080002E2E16AE552E16EB6D0750EE66E0AECBC
:1024180015F0E552000EE66EE66A4AEC15F0E55254
:10242800E5529E9001012D6B1200A0D8030E93D89F
:10243800D9CFE9FFDACFEAFFEE5001012E25106E61
:10244800EE502F21116EEE503021A7D802E2E16A3A
:10245800E552E16E90D08AD8030EE126AED8EECFD1
:10246800DFFF010EEECFDBFF020EEECFDBFFD9CF91
:10247800E9FFDACFEAFFEE5001013125106EEE5088
:102488003221116EEE50332188D802E2E16AE5521A
:10249800E16E71D06BD8FD0EDBCFE6FFFE0EDBCF11
:1024A800E6FF05D8E552E5520009F5E064D05ED8AC
:1024B800060E51D87FD8EECFDBFF040EEECFDBFF40
:1024C800050EEECFDBFF42D8EF5035E1DFCF12F03B
:1024D800010EDBCF13F0020EDBCF14F0149E030EB7
:1024E800DBCF15F0040EDBCF16F0050EDBCF17F0AF
:1024F800179E1550125C165013581750145802E3C3
:10250800000E01D0010E116ED9CFE9FF3FD801E0CE
:10251800010E106ED950030FE96E38D801E0010E94
:10252800105C02E0000E01D0010E1118E66E0ED804
:10253800E552E750EF6E0AD8EF50106E060EE15CD8
:1025480002E2E16AE552E16E105015D033D8E9266F
:10255800000EEA221200E12636DF05C0DFFF010E79
:1025680006C0DBFF020E07C0DBFF1200D9CFE6FF73
:10257800E1CFD9FF1200E552E7CFD9FF12002BECCB
:1025880015F0F3CFDEFFF4CFDDFF1200DACFEAFF5C
:10259800EE52EE52EF50800B1200126E0ED810C0A1
:1025A800EEFF11C0EEFF12C0EEFFD0DFEF6A030EA0
:1025B800E15C120002D8030E1200FD0EDBCFE9FF2A
:1025C800FE0EDBCFEAFF12009288928A96809682EE
:1025D80096841200D9CFE6FFE1CFD9FF030EE1269A
:1025E800F3DF020EDB6A80A8DB8080AADB8284A08E
:1025F800DB8484A2DB8684A4DB88010E11C1DBFFA7
:10260800DF6A050EDF5C32E2D950010FE96EDACFDE
:10261800EAFFEF50010B02E0020EDB8AD950020FED
:10262800E96EDACFEAFFEF50010B0FE072D8EFCF77
:1026380010F0050E105C02E26CD8EF2A6AD8EF5051
:1026480005080EE1020EDB8A0BD063D8EF500008B4
:1026580002E25FD8EF065DD8EF5002E1020EDB9A86
:10266800DF2A020E5DD8010E5BD8CBD7020EDB50F5
:10267800106E030EE15C02E2E16AE552E16E105071
:10268800E552E7CFD9FF12000101200E2E6F4E0E42
:102698002F6F306B4CD819EC12F0E552E55201015E
:1026A800116B126B050EE66EE66AE66A170EE66EA9
:1026B800010EE66EF4EC13F0106E050EE15E10509C
:1026C800E8EF12F0D9CFE6FFE1CFD9FFE6522FD8D5
:1026D8005BEC12F0E552E552000914E00101200E0E
:1026E800316F4E0E326F336B22D82FEC12F0E55259
:1026F800E55270DFDF6EDF5001011119126FDFCF75
:1027080011F102D00101126BE552E552E7CFD9FF72
:102718001200DF50EA6A170FE96E010EEA22120072
:10272800DBCFF3FFF390F342F3CFDBFF1200130E7E
:10273800E66E010EE66E1200D9CFE6FFDACFE6FFAD
:10274800FA0EE3CFD9FFFB0EE3CFDAFFFC0EE3CF9F
:10275800E9FFFD0EE3CFEAFFF80EE35003E1F90EBF
:10276800E35008E0F80EE30602E2F90EE306DE5055
:10277800EE5CF2E0F36EFF0EE3CFDAFFE552FF0EF8
:10278800E3CFD9FFE552F3501200D9CFE6FFDACFF5
:10279800E6FFFA0EE3CFD9FFFB0EE3CFDAFFFC0E1C
:1027A800E3CFE9FFFD0EE3CFEAFFE9CFF3FFEACF7E
:1027B800F4FFF80EE35003E1F90EE35008E0F80ED9
:1027C800E30602E2F90EE306DECFEEFFF2D7FF0ED4
:1027D800E3CFDAFFE552FF0EE3CFD9FFE55212004F
:1027E800FE0EE3CFE9FFFF0EE3CFEAFFE9CFF3FFE9
:1027F800EACFF4FFFB0EE35003E1FC0EE35009E0DF
:10280800FB0EE30602E2FC0EE306FD0EE350EE6E5D
:10281800F1D71200260EF66E000EF76E000EF86E57
:1028280001010900F550216F0900F550226F03E1FD
:10283800216701D03DD00900F5501C6F0900F55003
:102848001D6F0900F5501E6F09000900F550E96E6B
:102858000900F550EA6E090009000900F5501F6FDC
:102868000900F550206F09000900F6CF23F1F7CFD2
:1028780024F1F8CF25F11CC1F6FF1DC1F7FF1EC1D9
:10288800F8FF01011F5302E1205307E00900F5504A
:10289800EE6E1F07F8E22007F9D723C1F6FF24C11F
:1028A800F7FF25C1F8FF01012107000E225BBFD702
:1028B8001200D9CFE6FFE1CFD9FFFF0EE76EFD0E7C
:1028C800DBCF10F0E75010161050A96EFE0EDBCFCC
:1028D80011F011C010F01150AA6EA69EA69CA680F9
:1028E800A850E552E7CFD9FF120001013451A96E73
:1028F80035C110F01050AA6E36C1A8FFA69EA69C3E
:10290800A684550EA76EAA0EA76EA6821200A6B2BE
:1029180002D0A694010C000CD9CFE6FFE1CFD9FF75
:10292800FC0EDBCF36F1FD0EDBCF34F1FE0EDBCF34
:1029380035F1DBDFECDF0009FDE0E552E7CFD9FF39
:102948001200D9CFE6FFDACFE6FFE1CFD9FFE2CF19
:10295800DAFF3F0EC716C66AFD0EDB50C612FB0E25
:10296800DB50C712FC0EDB50030A09E0010A04E041
:10297800020A06E1C78C04D0C78CC68801D0C68875
:10298800FD0EDB50050A05E0010A05E19486928AEE
:1029980003D0948601D094969488949AC68AE55276
:1029A800E5CFDAFFE7CFD9FF1200D9CFE6FFE1CFB5
:1029B800D9FF040EE126000E12EC00F0E76E030EBC
:1029C800E7CFDBFF11EC00F0E76E020EE7CFDBFF8D
:1029D80010EC00F0E76E010EE7CFDBFF0FEC00F024
:1029E800DF6EDECF04F0DECF05F0DECF06F0DDCF00
:1029F80007F0DD52DD5200D0040EE15C02E2E16A2C
:102A0800E552E16EE552E7CFD9FF1200D9CFE6FFD4
:102A1800DACFE6FFE1CFD9FFE2CFDAFFFD0EDB50D8
:102A28007E0BCD6EFD0EDBAC02D0CD8E01D0CD9EDF
:102A3800CF6ACE6A9E90DBAE02D09D8001D09D9079
:102A4800CD80E552E5CFDAFFE7CFD9FF1200D9CF25
:102A5800E6FFDACFE6FFE1CFD9FFE2CFDAFFE652B1
:102A6800E652CE50DF6E010ECFCFDBFFDECF10F087
:102A7800DDCF11F010C0F3FF11C0F4FFE552E552AD
:102A8800E552E5CFDAFFE7CFD9FF1200D9CFE6FF4D
:102A9800DACFE6FFE1CFD9FFE2CFDAFFE652E6521E
:102AA800FC0EDBCFDEFFDBCFDDFF010EDB50CF6E90
:102AB800DF50CE6EE552E552E552E5CFDAFFE7CFBB
:102AC800D9FF1200FF0EE350216EEF0E01D0F30E76
:102AD800E76EE72E6DEF15F00C0E206EE76AE72E15
:102AE80073EF15F0202E72EF15F0212E6BEF15F015
:102AF8001200D9CFE6FFE1CFD9FFFE0EDB50C96E39
:102B0800C6AE02D0FF0E03D0C7A0FED7C950E5520B
:102B1800E7CFD9FF12001CEE00F02CEE00F0F86AA7
:102B28000F9C0EEC14F003EC00F0A2EC11F0FBD7B4
:102B38001200036A080EE76ED890073603360C5069
:102B4800035C02E3036E072AE72EF7D71200F36A45
:102B5800F46AF32A0F0B05E0D890F336F436E8044C
:102B6800FBE1120000EE00F00D0EEE6AEA62FDD7FE
:102B7800120000000000000000000000000000003B
:102B8800000000000000000000000000000000003D
:0633C000CCEFBDF012008D
:0633D80032EF87F0120045
:1033F00010009E7D010005010000EA0000009B7D99
:1034000001003F07000003000000907D0100E0067E
:1034100000000B0000008F7D01004E08000001003D
:1034200000006C7D0100BD06000023000000397D16
:1034300001003706000033000000317D0100210744
:103440000000080000002B7D0100FA0500000600C6
:103450000000DD7C0100000800004E000000AD7C93
:1034600001006A060000300000007F7C0100D204E9
:1034700000002E0000005E7C01000007000021001B
:1034800000002F610100FF01000001000000247C0A
:103490000100C00500003A000000207C0100380750
:1034A000000004000000087C0100720A00001800FF
:1034B000000071DB1C0EE126D0C9DFFF010ED1C96F
:1034C000DBFF020ED3C9DBFF030ED2C9DBFF040E04
:1034D0006BC8DBFF050ECDC9DBFF060EC9C9DBFFDC
:1034E000070ECAC9DBFF080ECBC9DBFF090ECCC92A
:1034F000DBFF0A0E91CADBFF0B0E92CADBFF0C0E3C
:1035000093CADBFF0D0E94CADBFF0E0E06CADBFF6B
:103510000F0E07CADBFF100E09CADBFF110E08CA27
:10352000DBFF120E6BC8DBFF130E05CADBFF140EA8
:10353000FAC9DBFF150EFBC9DBFF160EFCC9DBFF6A
:10354000170EFDC9DBFF180E96CADBFF190E97CACE
:10355000DBFF1A0E98CADBFF1B0E99CADBFF1E0E9B
:10356000E66E070EE5DA120EE66E070EE1DA150ECC
:10357000E66E070EDDDA180EE66E070ED9DA1B0EC0
:10358000E66E070ED5DAD9CFE6FFDACFE6FF000EFA
:10359000E66E070EE66EC0D8F0DA91DB090EE66E35
:1035A000070EE66EB9D8E9DA0901BF5111E0800EC5
:1035B0000901C01503E0080166510AE008016D51D8
:1035C00007E1040EE66E4AEC7FF0E552000907E0E1
:1035D000010EDB6A020EDB6A030EDB6A09D0D2DA67
:1035E000BAD8CBDA120EE66E070EE66ECBDAE3DA65
:1035F0000A01045111E0800E0901C01503E0080121
:1036000066510AE008016D5107E1050EE66E4AECCD
:103610007FF0E552000907E00F0EDB6A100EDB6A4F
:10362000110EDB6A09D0A3DA96D8A7DA180EE66E77
:10363000070EE66E9CDABFDADF500901D05D06E0C6
:10364000DFCFD0F9010EE66E310E35DA010EDB5018
:103650000901D15D06E0010EDBCFD1F9E66E320E35
:103660002ADA020EDB500901D35D07E0020EDBCF40
:10367000D3F9010EE66E340E1EDA030EDB5009019B
:10368000D25D07E0030EDBCFD2F9010EE66E330EFA
:1036900012DA040EDB5008016B5D07E0040EDBCF8D
:1036A0006BF8010EE66E3E0E06DA0E0EDB500A01D6
:1036B000065D07E00E0EDBCF06FA010EE66E8D0EFC
:1036C000FAD90F0EDB500A01075D07E00F0EDBCFC2
:1036D00007FA010EE66E8E0EEED9100EDB500A01CF
:1036E000095D07E0100EDBCF09FA010EE66E900EC1
:1036F000E2D9110EDB500A01085D07E0110EDBCFA5
:1037000008FA010EE66E8F0ED6D91C0EE15C02E2BD
:10371000E16AE552E16E44D23EDAE0DA8DDADEDAD1
:1037200010DA05EC93F0D2DA0901C0AF13D0DBDA7E
:1037300054DAE2D9F3D9AFDA02E1DED97DDA77D90A
:103740004CDADAD9FED9ADDA05E1D6D9FAD904ECEA
:1037500093F0BCDA25D21FDA0D0EE1260C0EDB6ADF
:10376000C5DAECD9A5D942DA22DA22E008016351A0
:1037700003E108016B511CE124DA7CC8DBFF050E74
:103780007DC8DBFF060E7EC8DBFF070E7FC8DBFFB0
:1037900036DAD4D9080E3ADAEF6A45DA84D9CED9C6
:1037A00058D905EC93F077DA38E041D9030E26D0EA
:1037B0009DDA7ED91BDA82EC95F0010A23E008013C
:1037C000635103E108016B511DE0FBD980C8DBFFA9
:1037D000050E81C8DBFF060E82C8DBFF070E83C81B
:1037E000DBFFBFD913DA010EEF6E21D9BDD9EF6A25
:1037F0007DDA2FD956DA11E01AD9020E19DA010E44
:10380000EF6E0BD00C0EDB6ADE6ADE6ADE6ADD6A02
:10381000DD52DD5208DAA8D9EF6A09D9050E08DAB7
:10382000EF0401E0AAD00C0EDB5001E1A4D0FFD8D8
:103830000A0EFED906DA080EDBCF08F0090EDBCF40
:1038400009F00A0EDBCF0AF00B0EDBCF0BF008C03D
:1038500034F009C035F00AC036F00BC037F004C0B0
:103860002FF005C030F006C031F007C032F004EC94
:1038700093F029D92FC0E6FF30C0E6FF31C0E6FF44
:1038800032C0E6FF28ECBCF078D92EC0DEFF2FC096
:10389000DEFF30C0DEFF31C0DDFFDD52DD521CD95E
:1038A000DBCF04F0050EDBCF05F0060EDBCF06F014
:1038B000070EDBCF07F0CED999D979D903E0B7D875
:1038C000030E57D009D9DBCF0CF0050EDBCF0DF07E
:1038D000060EDBCF0EF0070EDBCF0FF0346A356A31
:1038E000366A400E376E0CC02FF00DC030F00EC09F
:1038F00031F00FC032F0EEEC93F02FC008F030C082
:1039000009F031C00AF032C00BF0BFD99BEC93F044
:10391000C2D907E08CD8EFCF00F0020E005C2DE298
:103920001FD0DAD8DBCF08F0050EDBCF09F0060E8A
:10393000DBCF0AF0070EDBCF0BF0A7D994D99BECB5
:1039400093F0A9D910E073D8EFCF00F0010E005C1E
:1039500003E26DD8010EEF6E6AD8EF5002080DE257
:1039600066D8020E06D063D8EF50010806E25FD891
:10397000010EEF6E02D05BD8EF6A0D0EE15C02E241
:10398000E16AE552E16E0CD106D9EBD851D9EF6A64
:103990004ED80AD9EF5011E14AD8E6D8EF500DE1E0
:1039A0007DD9EF6A9CC834F79DC835F7D3D8DCD8E9
:1039B00091D97ED91AE172D916D039D8EF50E66E76
:1039C0006DD9E552E750EF6E9AC834F79BC835F7CA
:1039D000C1D880D9C9D86CD908E160D9EF6AC1D8FB
:1039E000E926000EEA22010EEF6E58D9EF5006E1EB
:1039F0000801675103E052D9010EEF6E060184A160
:103A00000AD098C834F799C835F71E0EE66E070E2F
:103A1000E66EDED80BD01E0EE66E070E89D80009C2
:103A200005E03CD9EF6AFFD89FD8EF6AB9D0FD0E08
:103A3000DBCFE9FFFE0EDBCFEAFF12002FC004F060
:103A400030C005F031C006F032C007F015D9F6EFEE
:103A50001DF0EECF08F0EECF09F0EECF0AF0EFCF79
:103A60000BF0040EDBCF10F0050EDBCF11F0060ECD
:103A7000DBCF12F0070EDBCF13F007D910C02FF009
:103A800011C030F012C031F013C032F09BEC93F053
:103A90002FC00CF030C00DF031C00EF032C00FF06E
:103AA000EBD833EF1EF00A0EC3D897D8FFEF1DF006
:103AB000C8D82AEF1EF0E66EE66AEDEC9CF0E552FF
:103AC000E552E55212002FC000F030C001F031C0C5
:103AD00002F032C003F01200D9CFE9FFDACFEAFFDB
:103AE0007CD8040E12002FC0EEFF01C0EEFF02C012
:103AF000EEFF03C0EEFF120088C834F089C835F02D
:103B00008AC836F08BC837F01200E9CF00F0EACF50
:103B100001F0E9CFE6FFEACFE6FF120074C82FF00C
:103B200075C830F076C831F077C832F005EF93F001
:103B3000E66E2AECB7F0E552E5521200040E18EFDB
:103B40001EF078C82FF079C830F07AC831F07BC801
:103B500032F01200F90EDBCFE9FFFA0EDBCFEAFFFD
:103B600012004DD8080E1200030E18EF1EF0090EB9
:103B7000E66E070EE66E5FEF1EF0E552E552E55287
:103B8000E5521200000EE66E070EE66ED9CFE6FF94
:103B9000DACFE6FF1200D9CFE6FFE1CFD9FF12005E
:103BA000E552E7CFD9FF1200020E18EF1EF08BECA2
:103BB00095F0010A1200E8DE006E060EE15E00508C
:103BC0001200010EF36E0C0EF3CFDBFF040E120099
:103BD00007ECB7F0E552E5521200EECF00F0EECF61
:103BE00001F0EECF02F0EFCF03F0120000C02FF093
:103BF00001C030F002C031F003C032F01200FB0E01
:103C0000DBCFE9FFFC0EDBCFEAFF1200EECFDBFFDC
:103C1000090EEECFDBFF0A0EEECFDBFF0B0EEECF71
:103C2000DBFF73EF1EF003DFBFDFEF6A17EF1DF05E
:103C3000E926000EEA22120071DF45DF54D873EF47
:103C40001DF0EECF04F0EECF05F0EECF06F0EFCF93
:103C500007F0120004C034F005C035F006C036F09D
:103C600007C037F0120008C02FF009C030F00AC0BA
:103C700031F00BC032F012002FC034F030C035F0FC
:103C800031C036F032C037F01200346A356A400E67
:103C9000366E376E1200D2DED7EF1DF0C8DEEE5260
:103CA000120004EC93F0CADE82EC95F0010A1200D7
:103CB0002CDF2AECB7F0E552E55200091200D9508A
:103CC0000E0FE66E000EDA20E66E1200FCDEAFDEAE
:103CD00073EF1DF01ADF7CDFAAEF1DF090DF060EF8
:103CE000A7DF58EF1DF0A3DE9EEF1DF0A0DE53EF1F
:103CF0001DF0D9CFE6FFE1CFD9FFFC0EDB5009E084
:103D0000080E2ED8EF26D8A00CD0FE0E29D8EF1220
:103D100008D0040E25D8EF5ED8B003D0010E20D80D
:103D2000EF1617D8EF50FE0BC80803E212D8EF8049
:103D300009D00FD8EF50FE0B006E960E005C02E229
:103D400008D8EF9006D8EF50010BE552E7CFD9FF26
:103D50001200FD0EDBCFE9FFFE0EDBCFEAFF120003
:103D6000006EF7DF00501200B55C3A0163EF57F0C8
:103D7000070EB46E0E0EE66E040EE66EEB0EE66EE9
:103D8000F4ECBBF0E552E552E55212000501586B28
:103D90000501010E596F1EEC3BF0C8EC3AF0E66AE3
:103DA00085EF3BF005017A5104E1010EE66E85ECEA
:103DB0003BF01200939E819E939C819C05017A6B3F
:103DC00005017B6B7C6B0501010E096F1EEC2AF06F
:103DD00026D8B7DAE66A04EC23F0E552E3DF46ECD6
:103DE0003CF0C8EC3AF01EEC3BF0C8EC3AF097EC33
:103DF0003EF0C7EC3DF0F28CF28E0501556B566B30
:103E00000501020E576F0501086B1200939493860B
:103E1000D09EA36AA46AF29CF29C90EF88F050DADC
:103E20000501066FFF0E0501065D06E10501066B43
:103E300006C5E6FF39DAE5520501056B06016405A2
:103E4000030D060106016551F324E96E0601060122
:103E50006651F420EA6EEFCF04F50501076B05010A
:103E6000586B0501010E596FB50EE66EE66AE66AFB
:103E7000000EE66E030EE66EC1EC3EF039EC3FF04C
:103E800082EC3FF0E66AE9EC39F0C1EC3EF0040E5A
:103E9000E66EE66A010EE66E010EE66E08EC3DF097
:103EA00076EC3DF0F72A000EF82299EC3FF035EF62
:103EB0003AF0C5EC3EF01EE1030E31181BE174EC44
:103EC0003AF0ED50ED5050C5EDFF4FC5EDFF4EC53A
:103ED000EDFF4DC5EDFF4CC5EDFF4BC5EDFF4AC5F0
:103EE000EDFF49C5EDFF48C5EDFF47C5EDFF46C5F0
:103EF000EFFF24D00B0EE66EE66AE66A420EE66E2F
:103F0000070EE66EC1EC3EF074EC3AF0ED50ED5069
:103F10004CC7EDFF4BC7EDFF4AC7EDFF49C7EDFFAB
:103F200048C7EDFF47C7EDFF46C7EDFF45C7EDFFAB
:103F300044C7EDFF43C7EDFF42C7EFFFF4EF39F091
:103F4000C5EC3EF007E1030E311804E1010E080153
:103F50004A1501D0000EF4EF39F0C5EC3EF005E152
:103F6000030E311802E108014A91F4EF39F0F8EC40
:103F700039F007019991100E15EC3CF0F40EDBCFEF
:103F8000E6FFF50EDBCFE6FFAAEC3CF02EC08BF788
:103F90002FC08CF730C08DF731C08EF7F60EDB28BE
:103FA0000701976FF70EDBCF8FF7F60EDBCFE6FF3B
:103FB000E66AD950F80F3CEC3CF0900EE66E070E26
:103FC000E66E35EC3AF08B0EE66E070E5DEC3BF0DC
:103FD000000902E1000E01D0010EF4EF39F073EC9C
:103FE0003EF008014A13F4EF39F0FBEC3DF0DF6AD4
:103FF00055C500F056C501F0FD0EDB50001803E179
:10400000FE0EDB5001183EE0FD0EDBCF55F5FE0E37
:10401000DBCF56F5A8EC3DF0EE52EE52EE6AEE6ABA
:10402000FDEC39F0050E00C0DBFF060E01C0DBFF22
:10403000070EDB6A080EDB6AD950050F81EC3BF0F6
:10404000100EE76E40EC3AF0FDE1100EF2EC3BF0A2
:10405000D950050F81EC3BF0EE500012EE500112EA
:10406000EE500212EE50031262EC3FF00050EE12DE
:104070000150EE120250EE120350EE1217EC3EF019
:10408000010EDF6EDF50006E090EE15C02E2E16AB4
:10409000E552E16E0050F4EF39F01FEC3EF002E023
:1040A00000EC3EF0F4EF39F01FEC3EF006E08FEC50
:1040B0003EF06AEC2BF0E552E552F4EF39F0A1EC5A
:1040C0003DF005015551561113E00501556B566B36
:1040D000040E4FEC3DF074EC3AF0EE98EE52EE6ABE
:1040E000EE6A74EC3AF0EE989DEC3EF000EC3EF097
:1040F000040EE15C02E2E16AE552E16EF4EF39F0B0
:10410000050155511200A1EC3DF04FEC3DF0006867
:104110000168026A036A74EC3AF0D3EC3AF019ECE5
:104120003BF0040EE15C02E2E16AE552E16EF4EF7D
:1041300039F0E9DFF3CF00F0080EDFEC3CF00018B7
:1041400005E1015003E1025001E1035001E0000CE0
:10415000010CFBEC3DF0DF6AA8EC3DF050EC3CF0CC
:10416000080EEECFDBFF62EC3FF0FB0EDB50EE12F1
:10417000FC0EDB50EE12FD0EDB50EE12FE0EDB509D
:10418000EE12AEEC3CF0070EDBCF02F0080EDBCFF8
:1041900003F062EC3FF00050EE1808E10150EE1819
:1041A00005E10250EE1802E10350EE1809E017ECA9
:1041B0003EF0FA0EDB5002E000EC3EF0010EDF6E46
:1041C000DF50006E090EE15C02E2E16AE552E16E49
:1041D0000050F4EF39F0FBEC3DF0080EDB6A040E02
:1041E0004FEC3DF074EC3AF0040EEECFDBFF50ECF8
:1041F0003CF04BEC3BF088EC3FF0001E011E021E31
:10420000031E0050DE160150DE160250DE1603506B
:10421000DD16DD52DD52AAEC3BF0060EDBCF02F0DC
:10422000070EDBCF03F074EC3AF00050EE1808E113
:104230000150EE1805E10250EE1802E10350EE18AD
:104240000CE09DEC3EF0FA0EDB5002E000EC3EF09C
:10425000010EF36E080EF3CFDBFF080EDB50006E8D
:10426000090EE15C02E2E16AE552E16E0050F4EF12
:1042700039F005010651120013EC3EF0DF6AFE0E24
:10428000DB500501065D0CE0FE0EDBCF06F5FE0EF1
:10429000DBCFE6FF09D8E55254EC3EF0010EDF6EAD
:1042A000DF50E552F4EF39F0F8EC39F0FE0EDBCFD9
:1042B000E6FF030EE66E19D8E552E552F4EF39F049
:1042C00013EC3EF0030EE66E06D8E552DF6EDF50CB
:1042D000E552F4EF39F073EC3EF0A96EAA6AA69E9F
:1042E000A69CA680A850F4EF39F0F8EC39F0A6B2FD
:1042F000FED7FE0EDB50A96EAA6AFD0EDB50A86E3B
:10430000A69EA69CA6840301C76B550EA76EAA0E97
:10431000A76EA682A6B2FED70301C751F4E1F4EF5F
:1043200039F0F8EC39F0FB0EDBCF00F5FC0EDBCFFB
:1043300001F5FD0EDBCF02F5FE0EDBCF03F5F4EF4A
:1043400039F078EC3EF00801486B0801496B080130
:10435000466BDE6ADD6A68EC3AF0E4EC3CF00DE2B4
:1043600030EC3AF0010E9EEC3AF0FDE1B5EC3CF099
:10437000DF2A010EF0E3DB2AEED708014B6B0801C0
:104380004C6B0801476BDE6ADD6A68EC3AF0E6ECDC
:104390003CF00DE230EC3AF0010E9EEC3AF0FDE11B
:1043A000BCEC3CF0DF2A010EF0E3DB2AEED7010E75
:1043B000E66EE66EE66AA3EC3EF054EC3EF000ECEE
:1043C0003EF0020EE15C02E2E16AE552E16EF4EFDA
:1043D00039F078EC3EF07DEC3EF001E380D0FC0E4D
:1043E000DB50F36EFC0EDB50F35C02E0000E01D0FC
:1043F000010E006EA5EC3DF0EF50001470E111ECE1
:104400003DF062EC3AF0FDE1DDEC39F00800F550EA
:10441000020B65E011EC3DF062EC3AF0FDE159EC85
:104420003EF004082CE10801475154E108014C29F1
:10443000DE6EDD6A68EC3AF0E6EC3CF002E3DE6A40
:10444000DD6A08014B51006E016A0050DF1803E17C
:104450000150DE52DD180FE030EC3AF0010E9EEC18
:104460003AF0FDE1320EE926050EEA22B1EC3BF00E
:10447000DFCF4CF82FD00801010E476F2BD0080179
:10448000465128E108014929DE6EDD6A68EC3AF000
:10449000E4EC3CF002E3DE6ADD6A08014851006E9C
:1044A000016A0050DF1803E10150DE52DD180FE011
:1044B00030EC3AF0010E9EEC3AF0FDE10A0EE926EE
:1044C000050EEA22B1EC3BF0DFCF49F803D008013A
:1044D000010E466FA5EC3DF0FC0EDB50EF12020E14
:1044E000E15C02E2E16AE552E16EF4EF39F0F8ECEA
:1044F00039F07DEC3EF010E229EC3BF00DE211ECDE
:104500003DF062EC3AF0FDE104EC3EF005E0A5EC94
:104510003DF0FC0EDB50EF12F4EF39F013EC3EF0FF
:10452000DF6A7DEC3EF010E229EC3BF00DE211EC8D
:104530003DF062EC3AF0FDE104EC3EF005E0A5EC64
:104540003DF0EF50020BDF6EDF50E552F4EF39F033
:10455000F8EC39F07DEC3EF00EE229EC3BF00BE29A
:1045600011EC3DF062EC3AF0FDE104EC3EF003E0CA
:10457000A5EC3DF0EF92F4EF39F073EC3EF005015D
:104580005413F4EF39F0050154511200F8EC39F0EE
:10459000FE0EDB1C05015417F4EF39F0A1EC3DF0E1
:1045A000FA0EDB1C006EA5EC3DF00050EF16F80E85
:1045B000DB500BE0F90EDB50040804E1FB0EDBCF0F
:1045C0004BF803D0FB0EDBCF48F8040EE15C02E2AF
:1045D000E16AE552E16EF4EF39F005015251120043
:1045E000F8EC39F0FE0EDBCF52F5F4EF39F00501AF
:1045F00053511200F8EC39F0FE0EDBCF53F5F4EF17
:1046000039F0050151511200F8EC39F0FE0EDBCF04
:1046100051F5F4EF39F001010051120094EC3BF038
:10462000E9C3EDFFE8C3EDFFE7C3EDFFE6C3EDFF30
:10463000E5C3EDFFE4C3EDFFE3C3EDFFE2C3EDFF30
:10464000E1C3EDFFE0C3EFFFF4EF39F094EC3BF092
:10465000F3C3EDFFF2C3EDFFF1C3EDFFF0C3EDFFD8
:10466000EFC3EDFFEEC3EDFFEDC3EDFFECC3EDFFD8
:10467000EBC3EDFFEAC3EFFFF4EF39F094EC3BF04E
:10468000FDC3EDFFFCC3EDFFFBC3EDFFFAC3EDFF80
:10469000F9C3EDFFF8C3EDFFF7C3EDFFF6C3EDFF80
:1046A000F5C3EDFFF4C3EFFFF4EF39F00301DB5185
:1046B000120013EC3EF0010EE66ED950F90F3CECFF
:1046C0003CF0D950FB0F3CEC3CF0D950FC0F3CECDB
:1046D0003CF039EC3AF0B3EC28F0006E090EE15EE4
:1046E0000050DF6EDF50E552F4EF39F0D8EC3DF0CA
:1046F0005EEC3DF016E230EC3AF0020E9EEC3AF041
:10470000FDE121EC3DF0CEEC3AF006E191EC3CF01D
:1047100003E108EC3EF007D0DF2A010EE9E3DB2AD3
:10472000E7D7F368F468020EE15C02E2E16AE55261
:10473000E16EF4EF39F0D8EC3DF05EEC3DF020E2B4
:1047400030EC3AF0020E9EEC3AF0FDE121EC3DF047
:10475000CEEC3AF010E191EC3CF00DE130EC3AF0A7
:10476000020E9EEC3AF0FDE1C3EC3AF0EFEC3DF0C6
:1047700019EC3BF007D0DF2A010EDFE3DB2ADDD79F
:10478000F368F468020EE15C02E2E16AE552E16E70
:10479000F4EF39F0D8EC3DF05EEC3DF011E20EECB8
:1047A0003DF0EF0408E00EEC3DF0EF50020803E0AE
:1047B00008EC3EF007D0DF2A010EEEE3DB2AECD74F
:1047C000F368F468020EE15C02E2E16AE552E16E30
:1047D000F4EF39F0D8EC3DF05EEC3DF010E20EEC79
:1047E0003DF05FEC3EF006E191EC3CF003E108ECBB
:1047F0003EF007D0DF2A010EEFE3DB2AEDD7F368A6
:10480000F468020EE15C02E2E16AE552E16EF4EF67
:1048100039F0D8EC3DF068EC3AF094EC3AF01AE25A
:10482000DECF02F0DDCF03F0046A030E01EC3CF0B2
:10483000FDE104EC3AF0FD0EDB50001806E191ECCE
:104840003CF003E108EC3EF007D0DF2A010EE3E381
:10485000DB2AE1D7F368F468020EE15C02E2E16A68
:10486000E552E16EF4EF39F0F8EC39F0070EE1268D
:10487000DF6AFC0EDB5036E00D0E61EC3DF003E02C
:10488000DCEC3AF0FDE187EC3CF0030E00C0DBFF0E
:10489000040E01C0DBFFD950030F81EC3BF0FF0E8B
:1048A000EE1805E11F0EED1802E1010E96D0D95069
:1048B000030F81EC3BF081EC3CF052E3070E61EC1E
:1048C0003DF003E0DCEC3AF0FDE13F0EDFEC3CF0C4
:1048D000010E00C0DBFF7F0EF6EC3DF0020E00C0C3
:1048E000DBFF40D0A9EC3EF0070B080DEDEC39F0F2
:1048F000C9EC3EF0E00BE838E840F310E76E010E3B
:10490000E7CFDBFFEDEC39F036EC3FF0EF50030B77
:10491000200DA9EC3EF0E840E840E8401F0BF31002
:10492000E76E020EE7CFDBFF3F0EF6EC3DF0050E23
:1049300000C0DBFF060E61EC3DF003E0DCEC3AF07A
:10494000FDE1009E016A026A036A060E00C0DBFFF9
:10495000050EDB503F0804E0060EDB507F0802E145
:10496000000E3BD062EC3EF0EF6A020EDB50050118
:10497000055D05E1010EDB500501065D1AE0020E42
:10498000DB507F0804E1010EDB503F0812E0020E0D
:10499000DB500501055D04E1010EDB503F0809E035
:1049A000020EDB507F080AE1010EDB500501065DB7
:1049B00005E1010EDB5002E0010EDF6E020EDB505E
:1049C0007F0803E162EC3EF0EF80010EDB503F0810
:1049D00003E162EC3EF0EF82DF50006E070EE15C17
:1049E00002E2E16AE552E16E0050F4EF39F073EC57
:1049F0003EF00501045D02E1010E01D0FE0EF4EF70
:104A000039F078EC3EF0FD0EDB50DE6EDD6A74ECC2
:104A10003AF0EE50ED6EEF6AFE0EDB50DF1208EC5E
:104A20003EF0020EE15C02E2E16AE552E16EF4EF73
:104A300039F0F8EC39F00F0E0CEC3BF012E259ECC7
:104A40003BF0E20E036E730E046E010E056EFE0E59
:104A5000DBCF06F0076A086A030E07EC3CF0FDE1C5
:104A60005FD0200E0CEC3BF01CE3FE0EDB50E00FA1
:104A7000006E010E005C15E2300E0CEC3BF011E212
:104A800059EC3BF0620E036E740E046E010E056E5F
:104A9000FE0EDB50E00FE8EC3CF007EC3CF0FDE1F3
:104AA0003FD0300E0CEC3BF01CE3FE0EDB50D00F81
:104AB000006E020E005C15E2400E0CEC3BF011E2C1
:104AC00059EC3BF06A0E036E740E046E010E056E17
:104AD000FE0EDB50D00FE8EC3CF007EC3CF0FDE1C3
:104AE0001FD0FE0EDB5040082DE2FE0EDB50BB0F48
:104AF000006E010E005C26E2500E0CEC3BF022E250
:104B000059EC3BF05A0E036E740E046E010E056EE6
:104B1000FE0EDB50BB0FE8EC3CF007EC3CF0FDE197
:104B200003500624006E04500720016E0550082033
:104B3000026EDBEC3DF05AEC3CF0096E070EE15ED4
:104B400009500BD059EC3BF0E20EE66E730EE66EA8
:104B5000010E5AEC3CF041EC3CF0F4EF39F0F8EC8B
:104B600039F00C0EE126060EDB6A070EDB6A080E32
:104B7000DB6AD950FD0FB8EC3BF002E1F36A05D1D6
:104B8000EDEC39F0EE52090EEECFDBFF0A0EEECF60
:104B9000DBFF0B0EEECFDBFF63EC3BF00800080EF3
:104BA000F5CFDBFF0CEC3DF0E0EC3DF00050010BED
:104BB00002E0010E01D0000EE76E020EE7CFDBFF30
:104BC000DB5014E01BEC3FF0EE52EF50E66E0FDFCF
:104BD000E552006E016A00BE0168C3EC3CF00001C2
:104BE000800E011403E0AAEC3BF0A8D01BEC3FF0D0
:104BF000EF50040803E1010EEDEC3CF005EC3FF052
:104C0000040B42E0F70EDBCFDEFFDBCFDDFF68EC0D
:104C10003AF0080EDB5067EC3EF02BE2CEEC3EF0B3
:104C2000B1EC3AF0FDE125EC3EF09B0EE66E070E8E
:104C3000E66E52EC3BF018EC3DF09FC700F0A0C7C9
:104C400001F0060EDB5000180FE1070EDB500118D3
:104C50000BE159EC3BF09B0EE66E070EE66E97EC0F
:104C60003AF035EC3AF064D0DF2A010ED0E3DB2ACB
:104C7000CED7AEEC3EF001E087D005EC3FF0040B60
:104C800001E182D0FC0E76D005EC3FF0020B75E01E
:104C9000F70EDBCFDEFFDBCFDDFF5EEC3DF056E253
:104CA00005EC3FF0080B1BE030EC3AF0020E9EECF6
:104CB0003AF0FDE121EC3DF08CEC3CF042E259ECA5
:104CC0003BF030EC3AF0020E9EEC3AF0FDE1C3EC22
:104CD0003AF0BFEC3BF0B1EC3AF0FDE123D018EC38
:104CE0003DF030EC3AF0020E9EEC3AF0FDE121ECA2
:104CF0003DF0E0EC3DF0060EDB50001822E1070E1F
:104D0000DB5001181EE159EC3BF030EC3AF0020E9A
:104D10009EEC3AF0FDE1C3EC3AF0BFEC3BF0B1ECB5
:104D20003AF0FDE125EC3EF097EC3AF052EC3BF026
:104D300068EC3AF0010E0026000E012219EC3BF05F
:104D400025D0DF2A010EA9E3DB2AA7D7AEEC3EF07F
:104D50001BE105EC3FF0020B17E00CEC3DF0EECF51
:104D600002F00250080B10E1D950F70FB8EC3BF0FD
:104D70000BE1FD0EF36EF46809D005EC3FF0100B6B
:104D800003E0010EF36E01D0F36AF46A0C0EE15CED
:104D900002E2E16AE552E16EF4EF39F0FBEC3DF03E
:104DA000010EDB6A7CEC3BF0040EDB6A050EDB6A6D
:104DB0004EEC3AF0EF6ADF6AF40EDB50DF5C01E3A1
:104DC000B9D059EC3BF0DFCF03F0046A056A030E5B
:104DD000B1EC3AF0FDE1D950F50FE96EFF0EDA20A3
:104DE000EA6EEE500324006EEE500420016EEE5089
:104DF0000520026EDBEC3DF0E66E9B0EE66E070EC4
:104E0000E66E52EC3BF0060E9CC7DBFF070E9DC71B
:104E1000DBFF080E9EC7DBFF07019BA510D058ECF7
:104E20003DF00BEC3EF0CDEC3DF099EC3CF007E0B2
:104E3000020E9FC7DBFF030EA0C7DBFF7BD0010E76
:104E400007019B1504E1080E07019B1527E08FEC75
:104E50003FF099EC3CF016E08FEC3FF0A9EC3AF013
:104E6000010EF36E040EF3CFDBFF07019BA705D005
:104E7000010EF36E050EF3CFDBFF95EC3CF00EE375
:104E8000DB2A0CD0080E07019B1508E0040EDB049A
:104E900005E0020EF36E040EF3CFDBFF800E070178
:104EA0009B150DE0050EDB500AE058EC3DF0D950A3
:104EB000050F81EC3EF00BEC3EF035EC3AF0020EC3
:104EC00007019B151AE0040EDB50020816E058ECAF
:104ED0003DF00BEC3EF04EEC3AF0EF50D3EC3DF0F1
:104EE0001FEC3AF00800F5CF00F04EEC3AF000501D
:104EF000EF2695EC3CF001E3DB2A020E07019B153F
:104F00000CE1010E07019B1508E1080E07019B1536
:104F100004E1040E07019B150BE01FEC3AF0010EB3
:104F2000DBCFE7FF0800F550E726010EE7CFDBFFF8
:104F3000DF2A42D7C6EC3BF019EC3BF0090EE15CEE
:104F400002E2E16AE552E16EF4EF39F0F8EC39F093
:104F500044EC3DF018ECB8F00EEC3EF0000941E0F6
:104F600044EC3DF035EC3AF0D950F90FB8EC3BF099
:104F700017E193EC3EF04DDCE552E552F90EF3CF2C
:104F8000DBFFFA0EF4CFDBFF10EC3BF0FCEC3BF068
:104F900026E2010EE66EE3EC3AF0E9EC21F01CD0DB
:104FA000010EE66EE3EC3AF06DEC3EF0020EE66EBA
:104FB000BDEC22F0E552EDEC39F0EF50400B40082B
:104FC00005E1040EE66EBDEC22F0E552020EE66E3F
:104FD000E3EC3AF077EC22F0E552E552E552010EAF
:104FE00001D0000EF4EF39F013EC3EF0850EDF6EC9
:104FF0004EEC3AF0FA0EDBCFEFFF6BEC3FF08FECAC
:105000003EF0040EE66E050EE66E010ED3EC3DF0AA
:1050100093EC3EF0F60EDBCFE9FFF70EDBCFEAFFB5
:10502000020E9EEC3AF0FDE121EC3DF06DEC3AF021
:10503000020E55EC3AF093EC3EF0F80EDBCFE9FFB0
:10504000F90EDBCFEAFF040E16EC3AF06DEC3AF005
:10505000040E55EC3AF0E552F4EF39F0A1EC3DF0D6
:1050600024EC3DF0020EF3CFDBFF030EF4CFDBFFA9
:10507000DE6ADD6A5EEC3DF019E230EC3AF0020ED9
:105080009EEC3AF0FDE121EC3DF0E0EC3DF0020E4B
:10509000DB50001806E1030EDB50011802E1F60EAA
:1050A0003BD0DF2A010EE6E3DB2AE4D7000EE66EF2
:1050B000E66A76EC23F0E552E55294EC3DF029E205
:1050C000040E24EC3DF0F3CF00F0F4CF01F030EC0F
:1050D0003AF0020E9EEC3AF0FDE121EC3DF000C00A
:1050E000EEFF01C0EDFF30EC3AF0020E9EEC3AF01C
:1050F000FDE1C3EC3AF0B1EC3BF0010EE66E39ECA9
:105100003AF06DEC3EF0010EE66EFAEC22F0E5525C
:1051100002D0F70E01D0000E006E040EE15C02E238
:10512000E16AE552E16E0050F4EF39F0F8EC39F045
:10513000EDEC39F0020E9EEC3AF0FDE121EC3DF091
:10514000EE6AED6AEDEC39F0020E9EEC3AF0FDE10C
:10515000C3EC3AF0EE6AED6A010EE66EFAEC22F06C
:10516000E552F4EF39F0A1EC3DF011EC3DF062ECCA
:105170003AF0FDE104EC3EF0010802E0FA0E5ED0E8
:10518000F60EDB0406E0F60EDB50020802E0F40E39
:1051900055D07CEC3BF0C6EC3BF017EC3BF01AE250
:1051A00020EC3CF0CFEC39F05FEC3EF00EE191ECFE
:1051B0003CF00BE10EEC3DF0EF0405E00EEC3DF0B1
:1051C000EF50020802E1F50E39D095EC3CF0E3E334
:1051D000DB2AE1D7CAEC23F094EC3DF02CE20EEC94
:1051E0003DF0F60EDBCFEFFFDBA013D08FEC3EF0EF
:1051F00097EC3AF05EEC3FF086EC3EF08FEC3EF040
:10520000E3EC3AF09DEC3FF086EC3EF03FEC3FF0F3
:1052100008D03FEC3FF09DEC3FF0EF6A5EEC3FF0D2
:10522000EF6AB3EC3FF0B1EC3BF0010EE66EF0EC50
:1052300022F0E55202D0F70E01D0000E006E040EEF
:10524000E15C02E2E16AE552E16E0050F4EF39F010
:10525000F8EC39F039EC3AF004D8E552E552F4EFC5
:1052600039F0F8EC39F0030EE126020EDB6A11EC9E
:105270003DF062EC3AF0FDE104EC3EF0010802E0A2
:10528000FA0E32D0DE6ADD6A5EEC3DF027E20EEC0B
:105290003DF05FEC3EF01DE191EC3CF01AE10EECCC
:1052A0003DF0EF6A0EEC3DF0EE52EE6AED6A9DECD9
:1052B0003FF0EF6AB3EC3FF0EE6AED6A5EEC3FF070
:1052C000EF6A010EE66EF0EC22F0E552010EEDEC15
:1052D0003CF0DF2A010ED8E3DB2AD6D7020EDB50E2
:1052E00002E0000E01D0F90E006E030EE15C02E256
:1052F000E16AE552E16E0050F4EF39F0D8EC3DF090
:105300005EEC3DF010E20EEC3DF0EF5007E0B3EC48
:105310003FF08CEC3CF002E2010E06D0DF2A010ED9
:10532000EFE3DB2AEDD7000E006E020EE15C02E235
:10533000E16AE552E16E0050F4EF39F0F8EC39F033
:10534000050EE126DE527F0EDD6E3F0EEDEC3CF0E9
:1053500039EC3AF0EAEC23F0E552E552030EF3CFD4
:10536000DBFF040EF4CFDBFF030EDBCF00F0040EF7
:10537000DBCF01F0FCEC3BF047E2F60EDBCFE6FFC3
:1053800027EC3CF0E3EC3AF097EC3AF07FD841ECB4
:105390003CF0DF6E38EC3DF0EF50010B0FE038ECE5
:1053A0003DF0060E16EC3AF0010EEFCFDBFF38ECC5
:1053B0003DF0F6EC3EF0020EEFCFDBFF8FEC3EF05F
:1053C00040EC3BF0B0EC3DF08FEC3EF0D950020FDA
:1053D00081EC3EF0B0EC3DF093EC3EF038EC3DF06B
:1053E000EE526DEC3AF029EC3AF0EF50E76EFB0E1E
:1053F000DBCF02F0FC0E65EC3DF0020E006E29ECF6
:105400003AF00050EF2602D0F80EDF6EDF50006E4B
:10541000050EE15C02E2E16AE552E16E0050F4EF54
:1054200039F0010EE66E010EE66E75EC21F0E552E4
:10543000E55206EC1FF0FF00FED71200020EE66EEA
:10544000010EE66E75EC21F0E552E552120013EC08
:105450003EF029EC3AF0EF50C009DF6E2CEC3DF045
:105460008FEC3EF0D950F70F3CEC3CF0F80EDB50DF
:10547000D3EC3DF0F80EDB50020FE66E4EEC3AF046
:10548000E552E750EF6EE552F4EF39F013EC3EF0E1
:1054900029EC3AF0EF508009DF6E4EEC3AF0F80E4E
:1054A000DBCFEFFF2CEC3DF04EEC3AF0EF50E55245
:1054B000F4EF39F0A1EC3DF0FC0EDBCF00F02AEC6C
:1054C0003EF0070EE76E40EC3AF0FDE1FE0EDB50D9
:1054D0007F0B72EC3FF0060EE76E40EC3AF0FDE118
:1054E000FD0EDB503F0B72EC3FF0070EE76E40EC19
:1054F0003AF0FDE105C500F09BEC3DF0060EE76ECD
:1055000040EC3AF0FDE106C500F0016AD1EC3EF056
:1055100002E2E16AE552E16EF4EF39F0F8EC39F0BD
:1055200063EC3CF0F90EDB50100A0CE0180A06E0C0
:105530000C0A08E174EC3AF0030E07D074EC3AF070
:10554000050E03D074EC3AF0070EEE1274EC3AF04C
:105550000D0EE76E40EC3AF0FDE1FA0EDB500FE085
:1055600074EC3AF0EE681F0EEE1274EC3AF00D0E89
:10557000E76E40EC3AF0FDE1FDEC39F019D0FDECBE
:1055800039F01AEC3AF074EC3AF0060EE76E40ECA3
:105590003AF0FDE1FB0EDBCF00F09BEC3DF0070E97
:1055A000E76E40EC3AF0FDE1FC0EDBCF00F0016A63
:1055B000D1EC3EF002E2E16AE552E16EF4EF39F03F
:1055C000F8EC39F063EC3CF0FE0EDBCF00F0000E9F
:1055D0002AEC3EF06DEC3BF000C500F09BEC3DF09A
:1055E0006DEC3BF001C500F09BEC3DF06DEC3BF049
:1055F00002C500F09BEC3DF0020EE76E40EC3AF085
:10560000FDE103C500F0016AD1EC3EF002E2E16A7F
:10561000E552E16EF4EF39F0F8EC39F0F70EDBA269
:1056200004D0060EE66ECCDF2CD0F70EDBA02BD01C
:10563000CDEC3BF0EE52EE52EE52EF501C0BE84236
:10564000E842E66ECDEC3BF0EF503F0BE66ECDEC62
:105650003BF0C9EC3EF01F0B040DF3CF05F0060E36
:10566000046ECDEC3BF0EF5004C0E7FFE75204E0DE
:10567000E8427F0BE706FCE10510E66E1BDFE55212
:10568000E552E55211D0F70EDBAC16D0F10EDB502F
:10569000040B0809100915EC3CF097EC3AF03EDFDA
:1056A000046E060EE15E0450CAEC3CF02EEC3CF0B9
:1056B0002EC0EEFF35EC3CF02EEC3CF00C0E16EC60
:1056C0003AF0F20EDBCFEFFF2EEC3CF0D5EC3EF0E3
:1056D000F4EF39F0F8EC39F0FD0EDBCFE6FF70DFC8
:1056E000E5522EC09BF72FC09CF730C09DF731C00C
:1056F0009EF76CEC3CF0030F0701A76F0701A9911F
:1057000004C59FF705C5A0F706C5A1F76CEC3CF0F2
:10571000E66EE66A890EF66E730EF76E010EF86E8F
:1057200028EC3FF0A20EE66E070EE66E35EC3AF07E
:10573000FE0EDBCF00F0016A026A036A200E001839
:1057400008E1015006E1025004E1035002E10701C3
:10575000A28B9B0EE66E070E5DEC3BF0F4EF39F08A
:1057600013EC3EF0DF6A06016451DF5C14E2DF50A7
:10577000030D06016551F324E96E06016651F4201C
:10578000EA6EEFCF00F0FE0EDB50005C02E1DF506E
:1057900003D0DF2AE8D7FF0EE552F4EF39F0D9CF76
:1057A000E6FFE1CFD9FF0A0EE126DE6ADD6A020ECE
:1057B000DB6A080EE66EE66AE66A8B0EE66E070E98
:1057C000E66E8FECB8F0006E050EE15E0050080E3C
:1057D000E66EE66AE66A930EE66E070EE66E8FECFC
:1057E000B8F0006E050EE15E00500F0EE66EE66A40
:1057F000E66AFB0EDBCFE6FFFC0EDBCFE6FF8FECAD
:10580000B8F0006E050EE15E00508B0EE66E070EDE
:10581000E66EFD0EDBCFE9FFFE0EDBCFEAFF040EE6
:10582000E926000EEA22EF50E66E19EC25F0E5526B
:10583000E552E55207018BA9A2EF30F0000EE66EAB
:10584000E66AFD0EDBCFE6FFFE0EDBCFE6FF930E32
:10585000E66E070EE66E8B0EE66E070EE66EAFEC9A
:1058600025F0006E080EE15E0050F3CFDEFFF4CFAE
:10587000DDFFDECF00F0DDCF01F0013404E20050A7
:105880000008000E015402E3A1EF30F0FD0EDBCF63
:10589000E9FFFE0EDBCFEAFF040EE926000EEA2246
:1058A000EF500C0A02E154EF30F0070A01E1B9D3DE
:1058B000030A01E15DD2010A01E15AD2030A01E1C2
:1058C00057D20C0A01E171D1010A01E16ED1020A3D
:1058D00001E1DED0400A01E1DBD0410A02E0A1EFA4
:1058E00030F0FD0EDBCFE9FFFE0EDBCFEAFF040E4A
:1058F000E926000EEA22010EE926000EEA22EF5008
:10590000E66E2EDFE552E76E030EE7CFDBFFFF0EFC
:10591000F36E030EDBCFF4FFF350F45C04E3FE0EF2
:10592000DE6EDD68A6D0DECF00F0DDCF01F0000630
:10593000000E015A030EDB50030D060106016551EE
:10594000F324E96E060106016651F420EA6EEECFFB
:1059500002F0EECF03F0EFCF04F000010450011885
:10596000E8AE02D0013404D00050035C015004586A
:1059700001E27CD0070193A175D0DECF00F0DDCF2E
:1059800001F00006000E015A00C0E6FF01C0E6FF6C
:10599000FD0EDBCFE9FFFE0EDBCFEAFF040EE926AA
:1059A000000EEA22EE52E9CF02F0EACF03F0030E36
:1059B0000226000E032202C0E6FF03C0E6FF930E9C
:1059C000E66E070EE66EA6EC27F0046E060EE15EAC
:1059D0000450FD0EDBCFE9FFFE0EDBCFEAFF0D0E1C
:1059E000E926000EEA22EF503AE191C7E6FFFD0EEC
:1059F000DBCFE9FFFE0EDBCFEAFF040EE926000E47
:105A0000EA22E9CF02F0EACF03F002C0E6FF03C0CA
:105A1000E6FFD950020FE66E000EDA20E66EFB0EAE
:105A2000DBCFE9FFFC0EDBCFEAFF040EE926000E18
:105A3000EA22E9CF04F0EACF05F004C0E6FF05C092
:105A4000E6FF24DD066E070EE15E0650006E016A79
:105A500000BE016800C0DEFF01C0DDFF02D0DE6ACB
:105A6000DD6A03D0FA0EDE6EDD6803D0FE0EDE6E58
:105A7000DD68FD0EDBCFE9FFFE0EDBCFEAFF0D0E8A
:105A8000E926000EEA22EF5002E0DE6ADD6A59D311
:105A9000DECF00F0DDCF01F0013404E20050000859
:105AA000000E015401E380D0DECF00F0DDCF01F025
:105AB0000006000E015A00C0E6FF01C0E6FF930E8B
:105AC000E66E070EE66E91C7E6FFD950020FE66E4E
:105AD000000EDA20E66EFB0EDBCFE9FFFC0EDBCF1B
:105AE000EAFF040EE926000EEA22E9CF02F0EACF2F
:105AF00003F002C0E6FF03C0E6FFF4EC27F0046EFB
:105B0000090EE15E0450040E0701931508091009FF
:105B1000E66E020EDBCFE6FFFD0EDBCFE6FFFE0EEC
:105B2000DBCFE6FFFB0EDBCFE6FFFC0EDBCFE6FFB5
:105B30008BC7E6FF8CC7E6FF8DC7E6FF8EC7E6FF83
:105B40008FC7E6FF90C7E6FF91C7E6FF92C7E6FF63
:105B500063DD006E0E0EE15E0050FB0EDBCFE6FF54
:105B6000FC0EDBCFE6FFA2EC34F0E552E552DECFCF
:105B7000E6FFDDCFE6FFFD0EDBCFE6FFFE0EDBCF5F
:105B8000E6FF930EE66E070EE66E8B0EE66E070ED0
:105B9000E66EAFEC25F0006E080EE15E0050F3CF2C
:105BA000DEFFF4CFDDFF74D7CCD2070193A3D0D0B2
:105BB000FD0EDBCFE9FFFE0EDBCFEAFF040EE92688
:105BC000000EEA22EF5006083AE1FD0EDBCFE9FFB6
:105BD000FE0EDBCFEAFF040EE926000EEA22EE52AB
:105BE000E9CF02F0EACF03F002C0E6FF03C0E6FF10
:105BF000930EE66E070EE66EDECF04F0DDCF05F005
:105C00000406000E055A04C0E6FF05C0E6FF2EECB0
:105C100028F0066E060EE15E0650006E016A00BEB8
:105C2000016800C0DEFF01C0DDFFDECF00F0DDCF88
:105C300001F00001800E011401E083D237D0DECFE5
:105C400000F0DDCF01F0013404E200500008000E46
:105C500001542CE2DECF00F0DDCF01F00006000E93
:105C6000015A00C0E6FF01C0E6FF96EC28F0E552BD
:105C7000E552DECFE6FFDDCFE6FFFD0EDBCFE6FF30
:105C8000FE0EDBCFE6FF930EE66E070EE66E8B0E82
:105C9000E66E070EE66EAFEC25F0006E080EE15ED4
:105CA0000050F3CFDEFFF4CFDDFFC9D7FD0EDBCF11
:105CB000E9FFFE0EDBCFEAFF0D0EE926000EEA2219
:105CC000EF5045E1DECF00F0DDCF01F00001800EA6
:105CD00001143BE191C7E6FFFD0EDBCFE9FFFE0EAD
:105CE000DBCFEAFF040EE926000EEA22E9CF02F03C
:105CF000EACF03F002C0E6FF03C0E6FFD950020F6F
:105D0000E66E000EDA20E66EFB0EDBCFE9FFFC0E3E
:105D1000DBCFEAFF040EE926000EEA22E9CF04F009
:105D2000EACF05F004C0E6FF05C0E6FF46EC2AF026
:105D3000066E070EE15E0650006E016A00BE016845
:105D400000C0DEFF01C0DDFF02D0DE6ADD6A0FD0D9
:105D5000FD0EDBCFE9FFFE0EDBCFEAFF0D0EE926DD
:105D6000000EEA22EF5003E1FB0EDE6EDD68E9D1A2
:105D7000FD0EDBCFE9FFFE0EDBCFEAFF040EE926C6
:105D8000000EEA22EF500A0856E1DECF02F0DDCF26
:105D900003F00206000E035A02C0E6FF03C0E6FF4E
:105DA00031EC29F0E552E552006E016A00BE01684F
:105DB00000C0DEFF01C0DDFF0001800E01143AE1EA
:105DC00091C7E6FFFD0EDBCFE9FFFE0EDBCFEAFF5A
:105DD000040EE926000EEA22E9CF02F0EACF03F032
:105DE00002C0E6FF03C0E6FFD950020FE66E000EC8
:105DF000DA20E66EFB0EDBCFE9FFFC0EDBCFEAFF1D
:105E0000040EE926000EEA22E9CF04F0EACF05F0FD
:105E100004C0E6FF05C0E6FF46EC2AF0066E070E5A
:105E2000E15E0650006E016A00BE016800C0DEFF40
:105E300001C0DDFFF5D0FD0EDBCFE9FFFE0EDBCFAD
:105E4000EAFF040EE926000EEA22EF50080861E19D
:105E5000010EE66EFD0EDBCFE9FFFE0EDBCFEAFFA3
:105E6000040EE926000EEA22EE52E9CF02F0EACF54
:105E700003F0050E0226000E032202C0E6FF03C057
:105E8000E6FFFD0EDBCFE9FFFE0EDBCFEAFF040EDF
:105E9000E926000EEA22EE52E9CF04F0EACF05F03F
:105EA000040E0426000E052204C0E6FF05C0E6FF2E
:105EB000FD0EDBCFE9FFFE0EDBCFEAFF040EE92685
:105EC000000EEA22EE52E9CF06F0EACF07F0030E09
:105ED0000626000E072206C0E6FF07C0E6FFDECF5B
:105EE00008F0DDCF09F00806000E095A08C0E6FFE9
:105EF00009C0E6FFB3EC28F00A6E090EE15E0A5015
:105F0000006E016A00BE016800C0DEFF01C0DDFF57
:105F100045D0FD0EDBCFE9FFFE0EDBCFEAFF040E1E
:105F2000E926000EEA22EF50090838E1020EE66E7B
:105F3000FD0EDBCFE9FFFE0EDBCFEAFF040EE92604
:105F4000000EEA22EE52E9CF02F0EACF03F0030E90
:105F50000226000E032202C0E6FF03C0E6FF000E89
:105F6000E66EE66A000EE66EE66ADECF04F0DDCF8E
:105F700005F00406000E055A04C0E6FF05C0E6FF62
:105F8000B3EC28F0066E090EE15E0650006E016A61
:105F900000BE016800C0DEFF01C0DDFFDECF00F003
:105FA000DDCF01F00001800E01143AE191C7E6FF58
:105FB000FD0EDBCFE9FFFE0EDBCFEAFF040EE92684
:105FC000000EEA22E9CF02F0EACF03F002C0E6FFBA
:105FD00003C0E6FFD950020FE66E000EDA20E66E2F
:105FE000FB0EDBCFE9FFFC0EDBCFEAFF040EE92658
:105FF000000EEA22E9CF04F0EACF05F004C0E6FF84
:1060000005C0E6FF46EC2AF0066E070EE15E06507C
:10601000006E016A00BE016800C0DEFF01C0DDFF46
:1060200090D07EEC29F000093BE091C7E6FFFD0E21
:10603000DBCFE9FFFE0EDBCFEAFF040EE926000E00
:10604000EA22E9CF02F0EACF03F002C0E6FF03C084
:10605000E6FFD950020FE66E000EDA20E66EFB0E68
:10606000DBCFE9FFFC0EDBCFEAFF040EE926000ED2
:10607000EA22E9CF04F0EACF05F004C0E6FF05C04C
:10608000E6FF46EC2AF0066E070EE15E0650006E53
:10609000016A00BE016800C0DEFF01C0DDFF03D061
:1060A000F90EDE6EDD684DD0070193A146D091C791
:1060B000E6FFFD0EDBCFE9FFFE0EDBCFEAFF040EAD
:1060C000E926000EEA22E9CF02F0EACF03F002C08F
:1060D000E6FF03C0E6FFD950020FE66E000EDA209D
:1060E000E66EFB0EDBCFE9FFFC0EDBCFEAFF040E12
:1060F000E926000EEA22E9CF04F0EACF05F004C059
:10610000E6FF05C0E6FFDECF06F0DDCF07F00606AE
:10611000000E075A06C0E6FF07C0E6FF9EEC29F016
:10612000086E090EE15E0850006E016A00BE01684B
:1061300000C0DEFF01C0DDFF03D0FA0EDE6EDD68B9
:1061400000D075D107018BABF3D0FD0EDBCFE9FF9B
:10615000FE0EDBCFEAFF040EE926000EEA22EF5026
:10616000310A01E1DCD0010A37E03E0A2BE02E0AB9
:1061700001E0DDD0FD0EDBCFE9FFFE0EDBCFEAFF55
:10618000040EE926000EEA22010EE926000EEA229C
:10619000EF0403E111EC2AF014D0FD0EDBCFE9FF90
:1061A000FE0EDBCFEAFF040EE926000EEA22010E06
:1061B000E926000EEA22EF50030803E106EC1FF087
:1061C000FF00B5D005015869010EE66EE66A54EC91
:1061D00020F0E552E552ABD00F0140A704D03BECD4
:1061E0008CF00F01409705010881FD0EDBCFE9FF20
:1061F000FE0EDBCFEAFF040EE926000EEA22030EB4
:10620000E926000EEA22EFCF42F80801436B446B07
:10621000456B100E0801D890423743374437453755
:10622000E806F9E1FD0EDBCFE9FFFE0EDBCFEAFF6A
:10623000040EE926000EEA22020EE926000EEA22EA
:10624000EFCF00F00001005008014213000E43138D
:106250004413451344C845F843C844F842C843F8BA
:106260000801426BFD0EDBCFE9FFFE0EDBCFEAFF3C
:10627000040EE926000EEA22010EE926000EEA22AB
:10628000EFCF00F00001005008014213000E43134D
:1062900044134513E80E336E030E346E356A366AC6
:1062A00042C82EF043C82FF044C830F045C831F042
:1062B00088ECBBF02AC042F82BC043F82CC044F84D
:1062C0002DC045F8D880000E08014255000E4355F8
:1062D000000E4455000E455521E2D880C00E08013D
:1062E0004255CF0E43556A0E4455000E455508E2FF
:1062F0000801C00E426FCF0E436F6A0E446F456BAC
:1063000042C82AF743C82BF744C82CF76A0EE66E3A
:10631000050EE66E1CECB2F0E552E55208D0050120
:1063200008915BEC8CF0000901E1A48800D07FD0DB
:1063300007018C518D118E1101E179D0040E8CC7AB
:10634000DBFF050E8DC7DBFF060E8EC7DBFF040EDD
:10635000DBCFF6FF050EDBCFF7FF060EDBCFF8FF36
:10636000F62A000EF722000EF822070E0900F5CFDC
:10637000DBFF080E0900F5CFDBFF090E0900F5CFA2
:10638000DBFF040EDBCFF6FF050EDBCFF7FF060EBB
:10639000DBCFF8FF0800F550E66E070EDBCFE6FF17
:1063A000080EDBCFE6FF090EDBCFE6FFFD0EDBCFED
:1063B000E9FFFE0EDBCFEAFF0C0EE926000EEA2213
:1063C000EF50E66EFD0EDBCFE9FFFE0EDBCFEAFFFE
:1063D000040EE926000EEA22EE52E9CF00F0EACFE1
:1063E00001F000C0E6FF01C0E6FFD950020FE66EE3
:1063F000000EDA20E66EFB0EDBCFE9FFFC0EDBCFF2
:10640000EAFF040EE926000EEA22E9CF02F0EACF05
:1064100003F002C0E6FF03C0E6FFCEEC26F0046EF8
:106420000B0EE15E0450F3CFDEFFF4CFDDFF080E6C
:1064300007018B1514E1FD0EDBCFE9FFFE0EDBCF6C
:10644000EAFF0D0EE926000EEA22EF500BE0DECF48
:1064500000F0DDCF01F00001800E011403E0DE6AE0
:10646000DD6A76D0D9CFE9FFDACFEAFFEE50ED1042
:106470006FE0DECF00F0DDCF01F00001800E0114EF
:106480003CE030683168DECF35F0DDCF36F081ECAE
:1064900094F02E50E66E92C7E6FFFD0EDBCFE9FFCB
:1064A000FE0EDBCFEAFF040EE926000EEA22E9CF5A
:1064B00000F0EACF01F000C0E6FF01C0E6FFD950CE
:1064C000020FE66E000EDA20E66EFB0EDBCFE9FF70
:1064D000FC0EDBCFEAFF040EE926000EEA22E9CF2C
:1064E00002F0EACF03F002C0E6FF03C0E6FF27ECAC
:1064F0002AF0046E080EE15E0450040E07019315A5
:1065000008091009E66E020EDBCFE6FFFD0EDBCFB9
:10651000E6FFFE0EDBCFE6FFFB0EDBCFE6FFFC0E59
:10652000DBCFE6FF8BC7E6FF8CC7E6FF8DC7E6FF34
:106530008EC7E6FF8FC7E6FF90C7E6FF91C7E6FF6D
:1065400092C7E6FF0CEC2BF0006E0E0EE15E0050E1
:10655000D9CFE9FFDACFEAFFEE50ED1003E0010EEC
:10656000DE6EDD6ADF5000D0006E0A0EE15C02E2F2
:10657000E16AE552E16E0050E552E7CFD9FF120023
:10658000F8EC39F0030EE126FA0EDB5010E097EC40
:106590003AF09BEC23F0E552E55294EC3DF001E338
:1065A000A5D0CEEC3EF0B1EC3AF0FDE18FD0060183
:1065B0006751010801E39AD0020EDB6A06016751B8
:1065C000F36E020EDAEC3EF001E390D04BEC3BF0C0
:1065D00088EC3AF07FEC3FF0EECF02F0EFCF03F023
:1065E0000250005C035001580BE231EC3EF0EECF5C
:1065F00006F0EFCF07F00450065C0550075826E37D
:10660000FB0EDBCF08F0FC0EDBCF09F088EC3AF094
:10661000EECF0AF0EFCF0BF00A50081802E10B5052
:10662000091814E0FB0EDBCF0CF0FC0EDBCF0DF0F5
:1066300088EC3AF07FEC3FF0EECF0EF0EFCF0FF0AA
:106640000E500C1850E10F500D184DE131EC3EF09A
:10665000EE50045C026EEE500558036E88EC3AF082
:10666000040E16EC3AF00250EE24006E0350EE20B9
:1066700000C0DEFFDD6E4BEC3BF0DECF04F0DDCF83
:1066800005F0066A030ED890043605360636E8068D
:10669000FAE108EC3DF00424F36E0900F550052002
:1066A000F46E0900F550062008EC3FF0F5CF02F03B
:1066B0000800F5CF03F0025000180CE10350011858
:1066C00009E1CEEC3EF0B1EC3AF0FDE1B9EC3DF081
:1066D000010E0DD0030EE66EE66A4DEC20F0E55299
:1066E000E552000E04D0020EDB2A68D7000E006EC1
:1066F000030EE15C02E2E16AE552E16E0050F4EF64
:1067000039F08AEC3EF0DE6ADD6AF80EDBCF30F05D
:10671000F90EDBCF31F0040E30C0DBFF050E31C0C7
:10672000DBFFAAEC3BF017EC3BF060E2FA0EDB502B
:1067300014E000EC3DF0EF50020B52E000EC3DF0B5
:1067400075EC3CF04DE1FC0EDB50011849E1A9EC81
:106750003FF0B1EC3AF0FDE128D000EC3DF0EF5015
:10676000010B3EE000EC3DF075EC3CF039E1FC0E35
:10677000DB50011835E100EC3DF0060E16EC3AF066
:10678000EFCF02F0F70EDB50025C2AE100EC3DF0A7
:10679000F6EC3EF0EFCF03F0F60EDB50035C20E1A9
:1067A000A9EC3FF0B1EC3AF0FDE1B9EC3DF000ECC2
:1067B0003DF036EC3FF0E0EC3DF0F40EDBCFE9FFCE
:1067C000F50EDBCFEAFF00C0EEFF01C0EDFF010ECA
:1067D000E76EAAEC3BF0E7500026000E012208D03D
:1067E000040EDB2A050E9DE3DB2A9BD768EC3AF00A
:1067F00019EC3BF0060EE15C02E2E16AE552E16E63
:10680000F4EF39F078EC3EF00D0E61EC3DF003E072
:10681000DCEC3AF0FDE187EC3CF000C0DEFF01C0AB
:10682000DDFF74EC3AF081EC3CF001E280D068ECE2
:106830003AF0FF0E005C1F0E015802E2000E01D07C
:10684000010EE66EDECF06F0DDCF07F0FF0E065C30
:106850001F0E075805E2DECF02F0DDCF03F00AD0AD
:10686000EDEC39F0EECF02F0EECF03F0EECF04F016
:106870001F0E0316046A056A02C0E6FF03C0E6FFA6
:106880008B0EE66E070EE66E7BDE086E050EE15E91
:106890000850000902E1000E4BD068EC3AF0000EFF
:1068A000005C040E01580CE24EEC3AF00C0E16ECB3
:1068B0003AF08EC7EFFF1EEC3FF066EC3FF021D0C0
:1068C000030E07018E25E66E4EEC3AF00C0E16EC28
:1068D0003AF0E552E750EF6E9FEC3DF004C5EFFF54
:1068E0009FEC3DF0010E16EC3AF08CC7EFFF9FECE9
:1068F0003DF07FEC3FF08DC7EFFF1EEC3FF07BECEF
:106900003CF0DBEC3DF0A9EC3AF0EDEC39F0EFECCB
:106910003DF0EFCF03F04EEC3AF000C0EEFF35EC67
:106920003CF04EEC3AF0D5EC3EF0010E01D0000EFA
:10693000006E020EE15C02E2E16AE552E16E005097
:10694000F4EF39F013EC3EF039EC3AF000EC8AF059
:10695000E552E552DF6EDF5002E1010E01D0000E7C
:10696000E552F4EF39F0F8EC39F097EC3AF0E66ADA
:1069700039EC3AF004D877EC3BF0F4EF39F0F8EC6E
:1069800039F0FC0EDBCFE6FF39EC3AF09A0EE66EFA
:10699000070EE66EF5DD016E050EE15E0150006E3C
:1069A000000EE76E0118E8AE02D0003403D0E750C5
:1069B000D880005425E2040E07019A150809100931
:1069C000E66EFC0EDBCFE6FFFA0EDBCFE6FFFB0E3A
:1069D000DBCFE6FF39EC3AF0AAEC3CF02EC08BF7A7
:1069E0002FC08CF730C08DF731C08EF70701998129
:1069F0000701976B8B0EE66E070E5DEC3BF001D046
:106A0000000EF4EF39F0F8EC39F0E150FD0FB8EC7E
:106A10003BF020E0040EE66EDFEC3EF05AEC2AF08C
:106A2000E552E552E552CAEC3CF0EDEC39F02EC0EF
:106A3000EEFF35EC3CF0EDEC39F00C0E16EC3AF0D4
:106A4000010EEF6EEDEC39F0D5EC3EF00CEC3DF0C4
:106A50000E0EEF6EF4EF39F00501580501E0000C61
:106A6000010CFBEC3DF0050EDB6A060EDB6A0D0E39
:106A700061EC3DF003E0DCEC3AF0FDE187EC3CF04A
:106A8000D1EC3CF07F0EF6EC3DF0010E00C0DBFFD8
:106A9000070E61EC3DF003E0DCEC3AF0FDE13F0E67
:106AA000DFEC3CF0020E00C0DBFFDB500501065DB1
:106AB00017E1010EDB500501055D12E105010651EC
:106AC0000FE00501010E551901E1565101E1B9D060
:106AD0008EDA97EC3AF097DFE552E552010EB2D02C
:106AE000D950070F81EC3BF0EE50ED1025E1010E7F
:106AF000DB5001E0A6D0020EDB5001E0A2D059EC41
:106B00003BF02FEC3FF00900F5CFE6FF28EC3FF01B
:106B1000E4EC3EF06CECB8F041EC3CF0000EE66EBC
:106B2000E66A0CEC3DF06DEC3AF034EC3BF0000919
:106B300001E187D05CDA85D0D950070F81EC3BF0BA
:106B400081EC3CF001E27DD087DF000901E179D0E2
:106B50000501065176E0D8EC3CF0FF0E005C1F0EFC
:106B6000015802E2000E01D0010EDF6EDF040BE1DE
:106B700000681F0E016E026A036AEDEC39F0D3EC77
:106B80003AF0D1EC3CF0D9EC3BF0000EE66EE66A50
:106B9000DFCFE6FF070EDBCFE6FF080EDBCFE6FF19
:106BA000E4EC3EF0AEDD006E0B0EE15E0050050E33
:106BB000F3CFDBFF060EF4CFDBFFAEEC3CF001348D
:106BC00040E200500008000E01543BE2D8EC3CF0DB
:106BD000000E005C040E015809E24DEC3FF06DEC34
:106BE0003AF034EC3BF0000923E021D00CEC3DF00E
:106BF000C9EC3EF007018C5D1BE10CEC3DF07FEC35
:106C00003FF0EF5007018D5D13E1DF5008E1DF50E9
:106C10000FE10CEC3DF0EF500501045D09E14DEC96
:106C20003FF07BEC3CF0DBEC3DF034EC3BF0DFD9AB
:106C3000D9EC3BF0050EDBCFE6FF060EDBCFE6FF1F
:106C4000A7D7000E006E090EE15C02E2E16AE55290
:106C5000E16E0050C9D30301E65104E10301F05194
:106C600001E1000C010C080148510801495D01E0F7
:106C7000010C000C08014B5108014C5D01E0010CB6
:106C8000000C8AEC3EF0050108B151D0DE6ADD6AE5
:106C900068EC3AF039EC3EF0026E67EC3EF013E23D
:106CA000E66AE66A000EE66EE66AF2EC3CF0C2D8EE
:106CB0000EEC3EF0000902E1000E3AD0DF2A010E90
:106CC000E7E3DB2AE5D77CEC3BF0C6EC3BF0E6ECF7
:106CD0003CF00DE220EC3CF0010E9EEC3AF0FDE1C0
:106CE000BCEC3CF095EC3CF0F0E3DB2AEED708017D
:106CF0004B6B08014C6B7CEC3BF0C6EC3BF0E4ECDE
:106D00003CF00DE220EC3CF0010E9EEC3AF0FDE18F
:106D1000B5EC3CF095EC3CF0F0E3DB2AEED7080153
:106D2000486B0801496B0801476B0801466B010E6F
:106D3000006E060EE15C02E2E16AE552E16E00508F
:106D400053D38AEC3EF07CEC3BF005010651000881
:106D50006AE289DF000903E18DDF000964E08ADF70
:106D6000000926E00301FA5123E1090E08014B5DF9
:106D700002E3DE6A03D008014B29DE6EDD6A010EF4
:106D8000E66E040EB5EC3EF0D9DBFEE1320EE926EC
:106D9000050EE3EC3BF00CE095EC3CF001E3DB2A64
:106DA000D950020F81EC3BF00A0E8CEC3CF0D7E29C
:106DB0007CEC3BF0010E0501081509E0010E050110
:106DC000081531E06A0EE66E050ED4DB2CE04BDFD1
:106DD000000929E040DF000926E10301FA5123E11F
:106DE000130E0801485D02E3DE6A03D0080148295A
:106DF000DE6EDD6A010EE66E100EB5EC3EF09EDB37
:106E0000FEE10A0EE926050EE3EC3BF00CE095EC02
:106E10003CF001E3DB2AD950020F81EC3BF0140E69
:106E20008CEC3CF0D4E2060EE15C02E2E16AE55251
:106E3000E16EDAD2A1EC3DF0E0DAFCEC3BF001E3EC
:106E4000CCD0A5EC3DF0EF50010B01E1C6D09DEC9C
:106E50003BF001EC3CF0FDE1D7DAFF0ED8800054A6
:106E60001F0E015401E2B9D09DEC3BF001EC3CF067
:106E7000FDE1CADA0050011001E1ABD00701A89191
:106E800011EC3DF01FDBFEE159EC3EF00809100962
:106E900015EC3CF042EC3EF064DBFEE108EC3DF02A
:106EA0008AEC3DF0040EF62615EC3DF08EEC2AF04F
:106EB000F7EC3CF04BEC3EF09DEC3BF001EC3CF091
:106EC000FDE1A2DA005C040E015817E211EC3DF07E
:106ED000F9DAFEE172DA030E40EC3DF0F5CFA6F7E9
:106EE00011EC3DF0EFDAFEE1E9EC3EF03ADBFEE1D9
:106EF000D1DA9E0EE66E070E18D011EC3DF0E2DA04
:106F0000FEE1F9EC3EF0DEDAFEE112EC3FF0DADA17
:106F1000FEE145EC3FF0D6DAFEE1E9EC3EF021DBA4
:106F2000FEE1B8DAA10EE66E070EE5EC3DF047E0B3
:106F3000DE6ADD6A5EEC3DF049E292DA020EFEDACC
:106F4000FEE121DB2BDB3DE191EC3CF03AE111EC81
:106F50003DF0B8DAFEE159EC3EF008091009E66EA2
:106F6000010EE66EDFEC3EF07BDA020EE7DAFEE1C0
:106F700021EC3DF0A0EC3FF08EEC2AF0036E060E03
:106F8000E15E03504BEC3EF011EC3DF09BDAFEE18C
:106F9000F9EC3EF097DAFEE112EC3FF093DAFEE115
:106FA00045EC3FF08FDAFEE1E9EC3EF0DADAFEE1A3
:106FB00071DAA10EE66E070EE5EC3DF002E1000E7F
:106FC0000DD0DF2A010EB6E3DB2AB4D7BEEC3DF0CC
:106FD00004D0BEEC3DF054EC3EF0010E006E040E09
:106FE000E15C02E2E16AE552E16E0050FDD105018B
:106FF000090509E1BBEC3EF006E08150400B03E1DE
:10700000818CC7EC3DF012000501096B12000501EF
:10701000010E096F1200080146510801471101E1F4
:10702000000C010C8AEC3EF0DF6A030EDB6A0501FE
:10703000575D0FE199EC20F000090BE1E66A39DBBE
:10704000A3EC3EF09EEC3CF0720EE66E050EA0DA6C
:1070500011D099EC20F000090DE0720EE66E050EDD
:1070600089DA08E0010EE66E24DBE66AE66AEBECFC
:1070700020F03DDB030E0501575D0AE1200E74147C
:1070800007E1080E741404E1100E741401E1A488E1
:1070900099EC20F000092FE105017A512CE005015F
:1070A00059511EE0050105511BE15E0EE66E050E0D
:1070B00061DA16E0E66AE66AE66A000EE66EE66AFD
:1070C0005EDC15DB000902E0000E01D0010E0501B7
:1070D000596F0501E85002E0D9DB01D0AFDA58DA88
:1070E0000501585108E15A0EE66E050E43DA03E039
:1070F0000501010E586F0501090515E1BBEC3EF0D5
:1071000006E08150400B03E0819CC7EC3DF0939E6C
:10711000620EE66E050E2EDA06E08150800B03E06B
:10712000819E97EC3EF005017A5101E1BED022EC40
:107130008BF0000901E196D0030EDB2A100EF36EEE
:10714000030EDAEC3EF001E38DD00F0EE12629ECC0
:107150008BF0EECF42F7EECF43F7EECF44F7EECF12
:1071600045F7EECF46F7EECF47F7EECF48F7EECF35
:1071700049F7EECF4AF7EECF4BF7EECF4CF7EECF15
:107180004DF7EECF4EF7EECF4FF7EECF50F7006E44
:107190000F0EE15E0050070150A10CD0010EE66E0B
:1071A0003CDB57E059DC000954E021DFCADA02EC8D
:1071B00034F04AD0070145511C0BE842E842040A6A
:1071C0003CE0060A3AE0010A04E0060A02E0020A8C
:1071D00040E10D0E1F0B42C700F043C701F044C74A
:1071E00002F045C703F002E0E7D9FEE190DBCBDB1C
:1071F000D950040F86DAEE501DE1030EED181AE1A6
:1072000007014E050501486F46C749F507014E05C0
:10721000E66EE66A470EE66E070EE66E4A0EE66E0C
:10722000050EE66E22D9010EE66EEFEC1FF0E55278
:10723000DEDE0FD086DA15DC07D0E66AEEDA09E08A
:10724000D6DE7FDACFEC2BF0E552E552E552E5527F
:10725000DF6EDF5001E16BD7510EE66E070E2DDABF
:10726000DF6A65D7050151510EE00501585100084C
:107270000AE2010EE66E200EE66E6AEC2BF0E55295
:10728000E5520501516B2CEC35F000090EE099EC4C
:1072900020F000090AE105010651000806E2BBDE04
:1072A000000902E0EEDC01D04CDD010E05010815FD
:1072B0000CE06A0EE66E050E5DD907E00501089147
:1072C0005BEC8CF0000901E1A488060EE15C02E2AF
:1072D000E16AE552E16E88D002EC8CF0000917E01B
:1072E00093EC3EF00201BD0EFC6F060EFD6F84ECC8
:1072F000A8F0E552E5520801010E4D6F1FDB760E36
:10730000E66E050EE66E1CECB2F0E55217D00801F1
:107310004D5108E0760EE66E050E2CD91AE00801F4
:107320004D6B1200FF0E0501585D0AE1E66A02018D
:10733000BD0EF86F060EF96F3AECA8F0E552120098
:10734000E66A0201BD0EF66F060EF76F1BECA8F0A1
:10735000E552120005015851000801E3000C010C30
:107360000501055112000501C40E7B5D090E7C5913
:1073700005E3D2EC1EF005017B6B7C6B53DEACDFCA
:107380000501075107E006C5E6FF54EC21F0E55280
:107390000501076B05017B2B000E7C231200070EF5
:1073A000EA02F3CFEAFFE902F3CFE9FFF450EA265D
:1073B000000EE926080EEA2212002ADB0024F36EF2
:1073C0000900F5500120F46E0900F550022093EFFA
:1073D0003FF039EC3FF099EF3FF0FD0EDBCFE9FFD6
:1073E000FE0EDBCFEAFF1200E552E7CFD9FF120015
:1073F000D9CFE6FFE1CFD9FF1200FD0EDBCF00F0C1
:10740000FE0EDBCF01F0120003DB0224F36E090055
:10741000F5500320F46E0900F550042008EC3FF00D
:10742000F5CF00F00800F5CF01F01200E926000EBC
:10743000EA221200026A036A005080EF3DF0060E55
:10744000DBCFF6FF070EDBCFF7FF080EDBCFF8FF31
:107450001200F90EDBCFE9FFFA0EDBCFEAFF1200D4
:10746000DECFE9FFDDCFEAFF120041ECB8F00EEF0E
:107470003EF0FD0EDBCFE6FFFE0EDBCFE6FF120097
:10748000D890EF36010EEB36020EEB36030EEB36DC
:10749000E7061200BDDA3EDB99EF3FF0FB0EDBCFD3
:1074A000E9FFFC0EDBCFEAFF1200E76EFD0EDBCF3B
:1074B00002F0FE0E65EF3DF0E7500026000E0122BF
:1074C000DBEF3DF0D890003601360236E8061200B8
:1074D000DECF00F0DDCF01F0120066EC3FF0E9CF27
:1074E000E6FFEACFE6FF1200D9CFE9FFDACFEAFFE5
:1074F00012000900F5500324006E0900F550042025
:10750000016E0900F5500520026E55DBE66E120093
:10751000020EDB50060D06016851F324E96E0601E8
:107520006951F420EA6E1200A4DB67EF3EF0FB0E17
:10753000DBCFE6FFFC0EDBCFE6FF1200D890E9368A
:10754000EA36E806120004501F0B49DBEECF03F0C9
:10755000120041ECB8F0EDEF3EF0E66EE66A6DEF3A
:107560003EF0D890033604360536E8061200F62AB7
:1075700015EF3DF0E66E50ECB2F0A5EF3FF082EC77
:107580003FF042EF3EF02A0EE926080EEA221200F2
:10759000E66E1CECB2F0E552E552120011DBFD0E76
:1075A000DB5000181200EE500016EE500116EE509F
:1075B0000216EE5003161200D89003320232013246
:1075C0000032E8061200F90EDBCFE6FFFA0EDBCF41
:1075D000E6FF1200EE52E9CF02F0EACF03F0020E0E
:1075E000DB500F0177EC3FF001EC25F0E552E5525E
:1075F000060EF3CFDBFF070EF4CFDBFF1200DECF6A
:107600002EF0DECF2FF0DECF30F0DDCF31F0DD52C7
:10761000DD52040EE15C1200F36EFE0EDAEF3EF076
:10762000F90EDBCF00F0FA0EDBCF01F01200060EF0
:10763000D9D300C0F3FF01C0F4FF12000701A00E70
:107640002A6F860E2B6F010E2C6F5A0EE66E050EFA
:107650001200FD0EDBCF04F0FE0EDBCF05F0B50E01
:10766000045C000E05581200AFDBA6EC27F0EDEF2E
:107670003EF00701200E2A6F4E0E2B6F2C6B12006E
:10768000D950010F81EF3EF0E66EE66AD9CFE6FFF2
:10769000DACFE6FF1200FB0EDBCF00F0FC0EDBCFF3
:1076A00001F012006CECB8F0066E070EE15E0650B9
:1076B0001200080EE66EE66A1200E66EA2EC34F0E6
:1076C000E552E5521200090EDBCFF6FF0A0EDBCFC2
:1076D000F7FF0B0EDBCFF8FF1200EF50EE6AEFCF93
:1076E000F4FFEE6EEF50F4CFEEFFEF6E1200006E7F
:1076F000050EE15E00501200020EDB6A030EDB6A2B
:107700001200E96EDACFEAFF1200030EE66EBE0E3B
:10771000E66E8F0EE66EBFEC87F0E552E552E5525D
:10772000E55205017A6F1200D9CFE6FFE1CFE9FFFC
:10773000DACFEAFFED50ED501200EADB046A030EE7
:107740001200510EE66E070EE66E420EE66E070E52
:10775000E66E1200040EDBCF00F0050EDBCF01F069
:107760001200FD0EDBCFEEFFFE0EDBCFEDFF1200B1
:10777000E96EFF0EDA20EA6EEE50ED101200EECF49
:1077800003F0EFCF04F0056A030E1200020EDBCF08
:1077900000F0030EDBCF01F01200F30EDBCFE9FFA8
:1077A000F40EDBCFEAFF1200000EE926030EEA22F8
:1077B0001200D950030FA5DA020EDBCFE6FF010E4F
:1077C000DBCFE6FF1200EA22BBDB1AEC37F026DA49
:1077D00000091200FD0EDBCF30F0FE0EDBCF31F0E2
:1077E00030501200006E016A026A036A1200020E33
:1077F000E126DE6ADD6A1200FF0E005CFF0E015812
:107800001200D890023603360436E8061200D890EB
:10781000063607360836E8061200420EE66E070EF8
:10782000E66E34EC24F0E55290D3E66EE66ADFEFC4
:107830003EF0DECF03F0DDCF04F0056A030E120048
:10784000020EDBCFE9FF030EDBCFEAFF1200F70EDB
:10785000DBCFE6FFF80EDBCFE6FF1200F50EDBCF45
:10786000E9FFF60EDBCFEAFF120001C0EEFF02C017
:10787000EEFF03C0EEFF1200E66EFF0EDA20E66EAA
:107880001200006E070EE15E005012000701300E7C
:107890002A6F750E2B6F2C6B5E0EE66E050E1200B6
:1078A000050EEECFDBFF060EEECFDBFF070EEECFB1
:1078B000DBFF1200E66EFC0EDBCFE6FFFD0EDBCF3A
:1078C000E6FF6CEFB8F0040EE126DE6ADE6ADE6ADF
:1078D000DD6ADD52DD521200880EF66E730EF76E11
:1078E000010EF86E0800F5501200EE5269D9FB0E39
:1078F000DB5000181200EADA030E0026000E012207
:107900001200FF0ED880EE541F0EED5412001F0E11
:107910000116026A036A1200D880EE54000EED547C
:107920001200FE0EDB5001181200020EDB2A030EBD
:10793000120018ECB8F051DA000912000701800EAD
:107940002A6F840E2B6F1E0E2C6F1200EECF00F0EC
:10795000005012008EEC2AF00EEF3EF0050EDBCF49
:1079600000F0060EDBCF01F012000A0EE926050E2C
:10797000EA22EE68ED681200320EE926050EEA22D0
:10798000EE68ED681200040E00C0DBFF050E01C0BA
:10799000DBFF12002FC001F030C002F031C003F055
:1079A0001200070E00C0DBFF080E01C0DBFF120053
:1079B000070EDBCF00F0080EDBCF01F0120000163F
:1079C000016A026A036A1200140E0CD20A0E0AD26D
:1079D000066E076A086A030E1200F36E020EF3CFFA
:1079E000DBFF1200DECFE6FFDDCFE6FF1200066E02
:1079F000060EE15E065012000800F550010B120061
:107A0000040EDBCFE9FF050EDBCFEAFFCFEF39F045
:107A100026DA0900F5501200E0DCA8D221DDCFEF14
:107A200039F0EBDC026A030E120099DA28EF3FF01E
:107A300002DAEE524BDA020EDB2859DAFCD9EAEF11
:107A40003AF0A1DD7FEF3FF030DA030E2EDA01ECE1
:107A500025F0E552E55212003EDAF80EDB04E66E40
:107A6000E66A010EE76EDCDD27DD010E55EF3AF028
:107A7000030EDBCFE9FF040EDBCFEAFFCFEF39F0D7
:107A8000F6266DDA08001200A8DCF0D9EF50E66E99
:107A9000E66A4DDDA2DC060EC9DCA0EF3FF0E66E23
:107AA000E66A97DCD9CFE6FFDACFE6FF35EF3AF0AA
:107AB000C6DC0800F550E66EE66A120009DD17EF35
:107AC0003BF0046E8ADCA3EF3AF0DBCF03F0E75023
:107AD0000226000E032202C0E6FF03C0E6FF41ECCF
:107AE000B8F0046E060EE15E045012000900F5CFF6
:107AF000E7FF0800F5CFF8FFE7CFF7FFF66E1200BB
:107B0000DE120150DE120250DE120350DD12DD5291
:107B1000DD5212000324F36E0900F5500420F46EC8
:107B20000900F5500520FFD1F3CFDEFFF4CFDDFFD4
:107B3000CFDCFCEF3BF0016A7DDC74EF3AF0AEDCA9
:107B400015D256DC040EE126120047DCD4EF3BF0E0
:107B5000040EE66EE66A3DDC93DD87DC62EF3FF003
:107B600078DCEF50E76E97DDA7DCF3DC72DCEF2A00
:107B7000120075D9BEDC7DDC52EF3BF024DD010E36
:107B8000E66ED5DC76DCCEEC22F041EF3CF071DD28
:107B9000660EE66E050EC8EF3AF0010EDB50E76E9A
:107BA0003FDD5CEF3AF0E76E28DC86DCA9EF3AF0C7
:107BB0001FDCF7EF3BF000C0E6FF01C0E6FF12005C
:107BC000EECF00F0EFCF01F01200E66E41ECB8F01E
:107BD0000EDF9A0EE66E070E70DD00091200EECF82
:107BE00000F0EECF01F0EECF02F01200FBDDEDEC85
:107BF00039F0D3EF3AF0F8EC39F0090EE126120033
:107C0000010EE66EADEF3AF0DDEC39F0FCEF3CF042
:107C10005FDC19EF3BF013DCB7EF3AF0006E060EB5
:107C2000E15E00501200F8EC39F0E6521200040E4A
:107C3000E66EE66A25DDE9EC39F035EF3AF0F8EC6E
:107C400039F017DCF5EC1FF080D13DDDF62A87D93D
:107C500079EF3AF000C0DFFF010EDB6A4DDD74EF13
:107C60003AF0FB0EDBCF04F0FC0EDBCF05F088EF23
:107C70003AF0680EF66E3D0EF76E000EF86E0800D4
:107C8000F5501200FD0EDBCF03F0FE0EDBCF04F04B
:107C9000056A030E12002EC09AF72FC09BF730C062
:107CA0009CF731C09DF71200010EE66E020EADEF9B
:107CB0003AF0DDEC39F00800F550040B1200D6D88C
:107CC000CEEF3AF0EDEC39F00D0E16EF3AF0036A14
:107CD000E850005C035001581200E9EC21F0E55235
:107CE000E552E5521200F8EC39F0FE0EDB501200BE
:107CF000F8EC39F0020EE1261200FDEC39F094EFB9
:107D00003AF0E66E000EDA20E66E12006DEC3AF004
:107D1000A9EF3AF0F8EC39F0060EE1261200010E58
:107D2000E66EE66A1200020EE66EE66A1200A1DC5A
:107D3000620EE66E050EC8EF3AF0040EA5DCE9EC23
:107D400039F035EF3AF0E66AE66AA9EC20F077EF11
:107D50003BF0EDEC39F0D3D8EF50120029EC3AF0BB
:107D60000D0E16EC3AF0EF501200E66E3BDE30ECF2
:107D70003AF0010E1200939C660EE66E050EBAEF05
:107D80003AF08FECB8F077EF3BF0F8EC39F0EAEF2F
:107D90003BF0010E16EC3AF0EF5012008ADC19EFBE
:107DA0003CF01AEC3AF0FFEF3AF00E0E16EC3AF017
:107DB000EF901200DBCFF4FFF350F45C120006C525
:107DC000E6FF05C5E6FF12008B0EE66E070EE66EB7
:107DD0001200DDEC39F0BFEF3AF0026E060EE15E04
:107DE00002501200005C000E01581200050E16EF42
:107DF0003AF0DDEC39F0030E43DEF550030F0701D6
:107E0000A66F04C59EF711EF3DF006DEA6EF3CF02D
:107E1000F86EF4CFF7FFF3CFF6FF040EF6269FD8E7
:107E200009001200DDEC39F0F62A99D80800F5CFE8
:107E30009FF711EF3DF029EC3AF098D007018E51F1
:107E4000E66EE66A91C7E6FF92C7E6FF9FEF3DF058
:107E50000900F5CFE6FF0800F5CFE6FF1200690E36
:107E6000F66E3D0EF76E000EF86E1200030E16EF62
:107E70003AF0CEDD3BDE080EF626AFEF3FF053DFE3
:107E8000E6DCCCDDEE5286EF3EF0DDEC39F0020EA2
:107E9000F7DDF5CFA0F711EF3DF0030EDBCFE6FFE6
:107EA000040EDBCFE6FF0CEF3DF0E76E29EC3AF075
:107EB000E75016EC3AF0EF50E66E1200AFDD060E1A
:107EC00016EF3AF0D950010F81EF3BF0E9CF00F007
:107ED000EACF01F01200010E44EC3BF039EC3AF02D
:107EE00035EF3AF07FDCE8500BDE74EF3AF0E9242E
:107EF000E96E000EEA20EA6EEF50E66E1200020E06
:107F000016EF3AF0030EBCDDF550E66EE66A12009D
:107F1000FD0EDBCF02F0FE0EDBCF03F01200C8DD5A
:107F20003CDE0BEF3EF0F86EF4CFF7FFF3CFF6FF39
:107F30001200060EF62615EF3DF070DDF6EF3EF06E
:107F4000EECFE6FFEFCFE6FF1200E552E552000963
:107F5000120059EC3BF054DD89DFBFEF3BF0000E1F
:107F6000F722F82212005ADD36EF3FF0040E16EF2A
:107F70003AF0FEEC52F0280EE1263ACBDFFF040E79
:107F80003BCBDBFF010E45CBDBFF050E46CBDBFF1A
:107F9000020E50CBDBFF060E51CBDBFF180E67CB7A
:107FA000DBFF190E68CBDBFF1A0E6CCBDBFF1B0E61
:107FB0006DCBDBFF1C0E71CBDBFF1D0E72CBDBFF2D
:107FC0001E0E76CBDBFF1F0E77CBDBFF200E7BCBAD
:107FD000DBFF210E7CCBDBFF220E80CBDBFF230EF1
:107FE00081CBDBFF240E85CBDBFF250E86CBDBFFB1
:107FF000260E8ACBDBFF270E8BCBDBFF080EE5C5F9
:10800000DBFF090EE6C5DBFF0B0165510501E51934
:1080100004E10B0166510501E61906E0080E65CB87
:10802000DBFF090E66CBDBFF0B01B5510501E5193E
:1080300004E10B01B6510501E61906E0080EB5CBC7
:10804000DBFF090EB6CBDBFF0A0EE7C5DBFF0B0E2D
:10805000E8C5DBFF0B016A510501E71904E10B01DB
:108060006B510501E81906E00A0E6ACBDBFF0B0E27
:108070006BCBDBFF0B01BA510501E71904E10B01E2
:10808000BB510501E81906E00A0EBACBDBFF0B0E67
:10809000BBCBDBFF0C0EE9C5DBFF0D0EEAC5DBFF3A
:1080A0000B016F510501E91904E10B017051050144
:1080B000EA1906E00C0E6FCBDBFF0D0E70CBDBFF79
:1080C0000B01BF510501E91904E10B01C051050184
:1080D000EA1906E00C0EBFCBDBFF0D0EC0CBDBFFB9
:1080E0000E0EEBC5DBFF0F0EECC5DBFF0B01745171
:1080F0000501EB1904E10B0175510501EC1906E0CE
:108100000E0E74CBDBFF0F0E75CBDBFF0B01C451E2
:108110000501EB1904E10B01C5510501EC1906E05D
:108120000E0EC4CBDBFF0F0EC5CBDBFF100EEDC573
:10813000DBFF110EEEC5DBFF0B0179510501ED19D7
:1081400004E10B017A510501EE1906E0100E79CB1E
:10815000DBFF110E7ACBDBFF0B01C9510501ED19D5
:1081600004E10B01CA510501EE1906E0100EC9CB5E
:10817000DBFF110ECACBDBFF120EEFC5DBFF130EC8
:10818000F0C5DBFF0B017E510501EF1904E10B0186
:108190007F510501F01906E0120E7ECBDBFF130EB6
:1081A0007FCBDBFF0B01CE510501EF1904E10B0181
:1081B000CF510501F01906E0120ECECBDBFF130EF6
:1081C000CFCBDBFF140EF1C5DBFF150EF2C5DBFFD5
:1081D0000B0183510501F11904E10B0184510501E3
:1081E000F21906E0140E83CBDBFF150E84CBDBFF08
:1081F0000B01D3510501F11904E10B01D451050123
:10820000F21906E0140ED3CBDBFF150ED4CBDBFF47
:10821000160EF3C5DBFF170EF4C5DBFF0B0188510B
:108220000501F31904E10B0189510501F41906E078
:10823000160E88CBDBFF170E89CBDBFF0B01D85165
:108240000501F31904E10B01D9510501F41906E008
:10825000160ED8CBDBFF170ED9CBDBFF72EC54F038
:10826000D90EE66E050E46EC53F0DC0EE66E050EFA
:1082700046EC53F0DF0EE66E050E46EC53F0E20ED0
:10828000E66E050E46EC53F068EC55F0C90EE66E4E
:10829000050E46EC53F0CC0EE66E050E46EC53F0A0
:1082A000CF0EE66E050E46EC53F0D20EE66E050ECE
:1082B00046EC53F05BEC56F062DB35EC57F007EC24
:1082C00048F0E552E5523FEC4BF07AEC4BF09DEC78
:1082D0004BF0ABEC4BF0B9EC4BF0C7EC4BF0D5EC02
:1082E0004BF0E3EC4BF05EEC4CF05BEC56F0FFEC4B
:1082F0004CF035EC57F0F8EC4EF0E552E552E66AFA
:1083000054EC54F0010EE66E54EC54F0020EE66E9E
:1083100054EC54F0030EE66E54EC54F05BEC56F063
:10832000BFEC4DF035EC57F004EC4EF035EC57F067
:10833000D0EC50F0E552E5520801685106E1800E9C
:108340000901C01502E043EC55F0C0C9C8F5DF5083
:108350000B013A5D05E0DFCF3AFB690E74EC52F099
:10836000040EDB500B013B5D06E0040EDBCF3BFB54
:108370006C0E74EC52F0010EDB500B01455D06E013
:10838000010EDBCF45FB6A0E74EC52F0050EDB509C
:108390000B01465D06E0050EDBCF46FB6D0E74EC6F
:1083A00052F0020EDB500B01505D06E0020EDBCFF7
:1083B00050FB6B0E74EC52F0060EDB500B01515D5E
:1083C00006E0060EDBCF51FB6E0E74EC52F067CB6D
:1083D00000F068CB01F0180EDB50001803E1190E15
:1083E000DB50011809E0180EDBCF67FB190EDBCF5D
:1083F00068FBC70E74EC52F065CB00F066CB01F061
:10840000080EDB50001803E1090EDB50011809E0EB
:10841000080EDBCF65FB090EDBCF66FBAF0E74ECFD
:1084200052F06CCB00F06DCB01F01A0EDB5000184F
:1084300003E11B0EDB50011809E01A0EDBCF6CFBC9
:108440001B0EDBCF6DFBC80E74EC52F06ACB00F054
:108450006BCB01F00A0EDB50001803E10B0EDB5072
:10846000011809E00A0EDBCF6AFB0B0EDBCF6BFBBA
:10847000B00E74EC52F071CB00F072CB01F01C0E18
:10848000DB50001803E11D0EDB50011809E01C0E43
:10849000DBCF71FB1D0EDBCF72FBC90E74EC52F00B
:1084A0006FCB00F070CB01F00C0EDB50001803E135
:1084B0000D0EDB50011809E00C0EDBCF6FFB0D0E2B
:1084C000DBCF70FBB10E74EC52F076CB00F077CBC3
:1084D00001F01E0EDB50001803E11F0EDB500118E7
:1084E00009E01E0EDBCF76FB1F0EDBCF77FBCA0E3B
:1084F00074EC52F074CB00F075CB01F00E0EDB5033
:10850000001803E10F0EDB50011809E00E0EDBCF5F
:1085100074FB0F0EDBCF75FBB20E74EC52F07BCB0D
:1085200000F07CCB01F0200EDB50001803E1210E9F
:10853000DB50011809E0200EDBCF7BFB210EDBCFE7
:108540007CFBCB0E74EC52F079CB00F07ACB01F0CF
:10855000100EDB50001803E1110EDB50011809E08A
:10856000100EDBCF79FB110EDBCF7AFBB30E74EC70
:1085700052F080CB00F081CB01F0220EDB500018CE
:1085800003E1230EDB50011809E0220EDBCF80FB54
:10859000230EDBCF81FBCC0E74EC52F07ECB00F0CF
:1085A0007FCB01F0120EDB50001803E1130EDB50FD
:1085B000011809E0120EDBCF7EFB130EDBCF7FFB31
:1085C000B40E74EC52F085CB00F086CB01F0240E93
:1085D000DB50001803E1250EDB50011809E0240EE2
:1085E000DBCF85FB250EDBCF86FBCD0E74EC52F086
:1085F00083CB00F084CB01F0140EDB50001803E1B4
:10860000150EDB50011809E0140EDBCF83FB150EAD
:10861000DBCF84FBB50E74EC52F08ACB00F08BCB31
:1086200001F0260EDB50001803E1270EDB50011885
:1086300009E0260EDBCF8AFB270EDBCF8BFBCE0EAD
:1086400074EC52F088CB00F089CB01F0160EDB50B1
:10865000001803E1170EDB50011809E0160EDBCFFE
:1086600088FB170EDBCF89FBB60E74EC52F0B7CB4C
:1086700000F0B8CB01F0180EDB50001803E1190E22
:10868000DB50011809E0180EDBCFB7FB190EDBCF6A
:10869000B8FBD70E74EC52F0B5CB00F0B6CB01F0BE
:1086A000080EDB50001803E1090EDB50011809E049
:1086B000080EDBCFB5FB090EDBCFB6FBBF0E74ECAB
:1086C00052F0BCCB00F0BDCB01F01A0EDB5000180D
:1086D00003E11B0EDB50011809E01A0EDBCFBCFBD7
:1086E0001B0EDBCFBDFBD80E74EC52F0BACB00F002
:1086F000BBCB01F00A0EDB50001803E10B0EDB5080
:10870000011809E00A0EDBCFBAFB0B0EDBCFBBFB77
:10871000C00E74EC52F0C1CB00F0C2CB01F01C0EC5
:10872000DB50001803E11D0EDB50011809E01C0EA0
:10873000DBCFC1FB1D0EDBCFC2FBD90E74EC52F0B8
:10874000BFCB00F0C0CB01F00C0EDB50001803E1F2
:108750000D0EDB50011809E00C0EDBCFBFFB0D0E38
:10876000DBCFC0FBC10E74EC52F0C6CB00F0C7CB20
:1087700001F01E0EDB50001803E11F0EDB50011844
:1087800009E01E0EDBCFC6FB1F0EDBCFC7FBDA0EE8
:1087900074EC52F0C4CB00F0C5CB01F00E0EDB50F0
:1087A000001803E10F0EDB50011809E00E0EDBCFBD
:1087B000C4FB0F0EDBCFC5FBC20E74EC52F0CBCB6B
:1087C00000F0CCCB01F0200EDB50001803E1210EAD
:1087D000DB50011809E0200EDBCFCBFB210EDBCFF5
:1087E000CCFBDB0E74EC52F0C9CB00F0CACB01F02D
:1087F000100EDB50001803E1110EDB50011809E0E8
:10880000100EDBCFC9FB110EDBCFCAFBC30E74EC1D
:1088100052F0D0CB00F0D1CB01F0220EDB5000188B
:1088200003E1230EDB50011809E0220EDBCFD0FB61
:10883000230EDBCFD1FBDC0E74EC52F0CECB00F07C
:10884000CFCB01F0120EDB50001803E1130EDB500A
:10885000011809E0120EDBCFCEFB130EDBCFCFFBEE
:10886000C40E74EC52F0D5CB00F0D6CB01F0240E40
:10887000DB50001803E1250EDB50011809E0240E3F
:10888000DBCFD5FB250EDBCFD6FBDD0E74EC52F033
:10889000D3CB00F0D4CB01F0140EDB50001803E171
:1088A000150EDB50011809E0140EDBCFD3FB150EBB
:1088B000DBCFD4FBC50E74EC52F0DACB00F0DBCB8F
:1088C00001F0260EDB50001803E1270EDB500118E3
:1088D00009E0260EDBCFDAFB270EDBCFDBFBDE0E5B
:1088E00074EC52F0D8CB00F0D9CB01F0160EDB506F
:1088F000001803E1170EDB50011809E0160EDBCF5C
:10890000D8FB170EDBCFD9FBC60E74EC52F0080E65
:10891000DBCFE5F5090EDBCFE6F50A0EDBCFE7F599
:108920000B0EDBCFE8F50C0EDBCFE9F50D0EDBCF40
:10893000EAF50E0EDBCFEBF50F0EDBCFECF5100EEC
:10894000DBCFEDF5110EDBCFEEF5120EDBCFEFF541
:10895000130EDBCFF0F5140EDBCFF1F5150EDBCFE8
:10896000F2F5160EDBCFF3F5170EDBCFF4F5280E7C
:10897000E15C02E2E16AE552E16E03EF53F0FEECE6
:1089800052F00F0EDFEC55F0030EDB6ACAEC54F028
:10899000080EDB6A090EDB6A0A0EDB6A0B0EDB6A65
:1089A0000C0EDB6A0D0EDB6AE3EC56F00A01735124
:1089B000EE14EBEC56F04CEC56F015E0A0EC53F056
:1089C0000CEC53F0100EF7EC52F0FDE100500501F5
:1089D000F61B0CEC53F0100EF7EC52F0FDE1001C0E
:1089E0000501F51715D076CA00F077CA01F078CAEC
:1089F00002F079CA03F04CEC56F00AE072EC54F045
:108A0000000906E078CA00F079CA01F04AEC55F096
:108A100015EC53F04CEC56F015E0A0EC53F015ECCF
:108A200053F0100EF7EC52F0FDE100500501F61383
:108A300015EC53F0100EF7EC52F0FDE1001C0501AF
:108A4000F51715D07ECA00F07FCA01F080CA02F087
:108A500081CA03F04CEC56F00AE072EC54F00009C5
:108A600006E080CA00F081CA01F04AEC55F02AEC19
:108A700053F04CEC56F015E0A0EC53F02AEC53F018
:108A8000100EF7EC52F0FDE1001C0501F6172AEC80
:108A900053F0100EF7EC52F0FDE1001C0501F51744
:108AA00015D086CA00F087CA01F088CA02F089CAC8
:108AB00003F04CEC56F00AE072EC54F0000906E0CA
:108AC00088CA00F089CA01F04AEC55F07E0EE96EC2
:108AD0000A0EEA6E0A017651EE10006E0A01775115
:108AE000EE10016E0A017851EE10026E0A01795102
:108AF000EE10036E0A01865100120A01875101121D
:108B00000A01885102120A0189510312060E00C09F
:108B1000DBFF070E01C0DBFF080E02C0DBFF090E02
:108B200003C0DBFF7A0EE96E0A0EEA6E0A0172518B
:108B3000EE10006E0A017351EE10016E0A017451BD
:108B4000EE10026E0A017551EE10036E0A01825199
:108B500000120A01835101120A01845102120A0112
:108B60008551031265EC56F0100EF7EC52F0FDE162
:108B70000501F5510014D0EC55F0DB500DE0B3ECDD
:108B800053F0F6C5E6FF0E0EDBCFE6FF5DEC4EF0D0
:108B9000E552E552E552E55272EC53F060EC56F0C6
:108BA00039EC57F07FEC53F0100EF7EC52F0FDE18A
:108BB0000501F51D0014D0EC55F0DB500AE0B3ECD4
:108BC00053F00E0EDBCFE6FF8BEC4EF0E552E55294
:108BD000E55272EC53F060EC56F0100EF7EC52F0E8
:108BE000FDE10E0E00C0DBFFDB500AE0B3EC53F0FA
:108BF0000E0EDBCFE6FFB1EC4EF0E552E552E5524A
:108C00009E0E5EEC57F0000902E0000E01D0010E4E
:108C1000800DF3CF0FF0F3CFE6FF9D0E79EC56F009
:108C2000000902E0000E01D0010E400DF3CF0EF05E
:108C3000F3CFE6FF0FC0E6FF9C0E79EC56F0E5524D
:108C4000E7CF0EF0000902E0000E01D0010E200D6A
:108C5000F3CF0DF0F3CFE6FF0EC0E6FF0FC0E6FF47
:108C60009B0EEFEC52F0000902E0000E01D0010E65
:108C7000100DF3CF0CF0F3CFE6FFFAEC56F09A0E9E
:108C8000EFEC52F0E552E7CF0CF0000902E0000EE5
:108C900001D0010E080DF3CF0BF0F3CFE6FFD3ECBC
:108CA00054F0990EEFEC52F051EC55F0000902E04F
:108CB000000E01D0010E040DF3CF0AF0F3CFE6FF52
:108CC0000BC0E6FFD3EC54F0980EF3EC56F000091D
:108CD00002E0000E01D0010EE824096EE66E0AC023
:108CE000E6FF0BC0E6FFD3EC54F0970EF3EC56F022
:108CF000E552E7CF09F0000902E0000E01D0010EB5
:108D000009100A100B100C100D100E100F10066E2B
:108D1000076A086A06AE02D007680868100E1F0BC3
:108D200006C003F007C004F008C005F006E0D890C4
:108D3000033604360536E806FAE193EC56F0AE0E3B
:108D40005EEC57F0C4EC52F002E0000E01D0010ED0
:108D5000800DF3CF1CF088EC53F0AD0E29EC57F0EA
:108D6000C4EC52F002E0000E01D0010E400DF3CF32
:108D70001BF088EC53F01CC0E6FFAC0E29EC57F05A
:108D8000E552E7CF1BF0C4EC52F002E0000E01D038
:108D9000010E200DF3CF1AF088EC53F01BC0E6FF54
:108DA0001CC0E6FFAB0E2CEC56F0C4EC52F002E017
:108DB000000E01D0010E100DF3CF19F088EC53F026
:108DC00001EC57F0AA0E2CEC56F0E552E7CF19F063
:108DD000C4EC52F002E0000E01D0010E080DF3CFFA
:108DE00018F088EC53F0D7EC54F0A90E2CEC56F0A8
:108DF0009AEC56F0C4EC52F002E0000E01D0010EE5
:108E0000040DF3CF17F088EC53F018C0E6FFD7EC51
:108E100054F0A80E40EC57F0C4EC52F002E0000E03
:108E200001D0010EE824166E93EC56F0E66E17C0E2
:108E3000E6FF18C0E6FFD7EC54F0A70E40EC57F061
:108E4000E552E7CF16F0C4EC52F002E0000E01D07C
:108E5000010E16101710181019101A101B101C10E4
:108E6000136E146A156A13AE02D014681568100EDA
:108E70001F0B13C010F014C011F015C012F006E063
:108E8000D890103611361236E806FAE10350101069
:108E9000006E04501110016E05501210026EBEECEF
:108EA00056F052EC52F06CEC55F0EF50800DF3CFD1
:108EB0000DF052EC52F070EC55F0EF50400DF3CF46
:108EC0000CF052EC52F074EC55F0EF50200DF3CF53
:108ED0000BF052EC52F078EC55F0EF38F00B0A6ED4
:108EE00052EC52F07CEC55F0EF50080DF3CF09F046
:108EF0002EEC57F0ABEC53F0EF50040D2EEC57F086
:108F0000EECF06F052EC52F080EC55F0EF50E82432
:108F100000010610F31009100A100B100C100D10B0
:108F2000036E046A056A100E1F0B03C000F004C034
:108F300001F005C002F006E0D89000360136023696
:108F4000E806FAE1030E00C0DBFF040E01C0DBFF00
:108F5000050E02C0DBFF0CEC53F052EC52F0005057
:108F6000EE1A0150EE1A0250EE1A0350EE1A030EDA
:108F7000DBCF04F0040EDBCF05F0050EDBCF06F0EF
:108F800043EC56F051EC56F0036ADFCF07F0010EC8
:108F9000DBCF08F0020EDBCF09F0071E081E091E0A
:108FA0000A6A52EC52F0EE500716E6EC55F0075004
:108FB000001208500112095002120A5003125AEC12
:108FC00057F0A4C800F0A5C801F0A6C802F0A7C8D1
:108FD00003F049EC57F0A40EE96E080EEA6E0A01A0
:108FE0007651EE14046E0A017751EE14056E0A01F3
:108FF0007851EE14066E0A017951C7EC56F00F0E47
:10900000E15C02E2E16AE552E16E03EF53F0FEEC4F
:1090100052F02C0EE12643EC55F0CAEC54F0040E4D
:10902000E66ED950280FE66E000EDA20E66E0EECE2
:1090300051F0E552E552E552CAEC54F043EC55F0DC
:109040000C0EF36E280EA7EC54F03FE2030EAEECCC
:1090500053F0280E64EC55F003E0CFEC52F0FDE144
:10906000180E00C0DBFF190E01C0DBFF1A0E02C094
:10907000DBFF1B0E03C0DBFF0B010651010B046E6F
:109080000B010651020B01E0010EBBEC56F0280E5D
:1090900064EC55F003E0CFEC52F0FDE1ADEC56F09E
:1090A0000B010751010B046E0B010751020B01E08C
:1090B000010EBBEC56F0280ED5EC55F003E0CFECDA
:1090C00052F0FDE14CEC53F008D0180EDB6A190E9B
:1090D000DB6A1A0EDB6A1B0EDB6A0C0EF36E290EBE
:1090E000A7EC54F03FE2030EAEEC53F0290E64EC13
:1090F00055F003E0CFEC52F0FDE11C0E00C0DBFFA9
:109100001D0E01C0DBFF1E0E02C0DBFF1F0E03C0E1
:10911000DBFF0B010951010B046E0B010951020B1E
:1091200001E0010EBBEC56F0290E64EC55F003E0B3
:10913000CFEC52F0FDE1ADEC56F00B010A51010B02
:10914000046E0B010A51020B01E0010EBBEC56F05C
:10915000290ED5EC55F003E0CFEC52F0FDE14CECDC
:1091600053F008D01C0EDB6A1D0EDB6A1E0EDB6A94
:109170001F0EDB6A0C0EF36E2A0EA7EC54F03FE2D2
:10918000030EAEEC53F02A0E64EC55F003E0CFEC86
:1091900052F0FDE1200E00C0DBFF210E01C0DBFF1D
:1091A000220E02C0DBFF230E03C0DBFF0B010C51BC
:1091B000010B046E0B010C51020B01E0010EBBEC24
:1091C00056F02A0E64EC55F003E0CFEC52F0FDE1CE
:1091D000ADEC56F00B010D51010B046E0B010D515E
:1091E000020B01E0010EBBEC56F02A0ED5EC55F057
:1091F00003E0CFEC52F0FDE14CEC53F008D0200E30
:10920000DB6A210EDB6A220EDB6A230EDB6A0C0EA0
:10921000F36E2B0EA7EC54F03FE2030EAEEC53F0CE
:109220002B0E64EC55F003E0CFEC52F0FDE1240E80
:1092300000C0DBFF250E01C0DBFF260E02C0DBFFF6
:10924000270E03C0DBFF0B010F51010B046E0B0156
:109250000F51020B01E0010EBBEC56F02B0E64EC3B
:1092600055F003E0CFEC52F0FDE1ADEC56F00B0110
:109270001051010B046E0B011051020B01E0010EA5
:10928000BBEC56F02B0ED5EC55F003E0CFEC52F0D2
:10929000FDE14CEC53F008D0240EDB6A250EDB6AAE
:1092A000260EDB6A270EDB6A8EEC52F0550E5BEC65
:1092B00054F003E0EDEC55F0FDE188EC54F003E0F0
:1092C00058EC55F0FDE17EEC56F0ADEC56F08EEC2E
:1092D00052F0AA0E5BEC54F003E0EDEC55F0FDE12A
:1092E00088EC54F003E058EC55F0FDE17EEC56F0CC
:1092F0004CEC53F08CEC53F0D89003320232013234
:1093000000329BEC54F084EC55F0550E086E096E5B
:109310000A6E0B6E38EC56F0E6EC55F0EE500B167C
:109320008DEC55F038EC56F0EECF0CF0EECF0DF0A2
:10933000EECF0EF0EFCF0FF00C1E0D1E0E1E0F1E07
:10934000AA0E0C160D160E160F16D8900F320E32EE
:109350000D320C327FEC54F043EC56F0F7EC54F045
:10936000D8901732163215321432D950040F48EC07
:1093700056F01450EE14106E1550EE14116E165077
:10938000EE14126E1750EE14136E38EC56F004EC17
:1093900055F0550E11EC55F038EC56F0EECF1CF0B0
:1093A000EECF1DF0EECF1EF0EFCF1FF01C1E1D1EE6
:1093B0001E1E1F1EAA0E1C161D161E161F16D89046
:1093C0001F321E321D321C321C5010161D50111639
:1093D0001E5012161F50131696EC55F0080E00C0C2
:1093E000DBFF090E01C0DBFF0A0E02C0DBFF0B0E24
:1093F00003C0DBFF8CEC53F09BEC54F0010E1F0B11
:1094000003E0F4EC55F0FDE184EC55F038EC56F057
:10941000FBEC55F0EFCF0BF0081E091E0A1E0B1EC9
:10942000550E081609160A160B16010E1F0B03E03F
:1094300002EC56F0FDE18DEC55F0AA0E0C6E0D6EAF
:109440000E6E0F6E38EC56F0EE500C16EE500D16F8
:10945000EE500E16EE500F167FEC54F0040EDBCFDC
:1094600010F0050EDBCF11F0060EDBCF12F0070E69
:10947000DBCF13F0101E111E121E131EF4EC54F05D
:109480001016EE501116EE501216EE50131638EC60
:1094900056F0F7EC54F0550E14161516161617164E
:1094A000010E1F0B03E058EC55F0FDE114501016AF
:1094B00015501116165012161750131638EC56F098
:1094C00004EC55F0AA0E11EC55F096EC55F00C0E8C
:1094D00000C0DBFF0D0E01C0DBFF0E0E02C0DBFF84
:1094E0000F0EACEC54F0D89007320632053204323D
:1094F000D950080F6EEC52F088EC56F003C0DBFF39
:109500001EEC55F0010E1F0B03E0CFEC52F0FDE115
:10951000D950140FE5EC52F01EEC55F060EC56F00B
:1095200088EC56F0ACEC54F0D950080F48EC56F0EB
:10953000B1EC56F0140F6EEC52F0100E00C0DBFFD1
:10954000110E01C0DBFF120E02C0DBFF130E03C0C1
:10955000DBFF79EC52F0180FD4EC56F007E0DAECB0
:1095600055F0D90EE66E050E32EC55F0D90EE66ECA
:10957000050E46EC53F000090CE0180EDBCF00F0AE
:10958000190EDBCF01F01A0EDBCF02F01B0ED6EC6A
:1095900052F079EC52F01C0FD4EC56F007E0DAEC04
:1095A00055F0DC0EE66E050E32EC55F0DC0EE66E84
:1095B000050E46EC53F000090CE01C0EDBCF00F06A
:1095C0001D0EDBCF01F01E0EDBCF02F01F0ED6EC1E
:1095D00052F079EC52F0200FD4EC56F007E0DAECC0
:1095E00055F0DF0EE66E050E32EC55F0DF0EE66E3E
:1095F000050E46EC53F000090CE0200EDBCF00F026
:10960000210EDBCF01F0220EDBCF02F0230ED6ECD1
:1096100052F079EC52F0240FD4EC56F007E0DAEC7B
:1096200055F0E20EE66E050E32EC55F0E20EE66EF7
:10963000050E46EC53F000090CE0240EDBCF00F0E1
:10964000250EDBCF01F0260EDBCF02F0270ED6EC85
:1096500052F038EC56F0100EDBCFEEFF110EDBCFE0
:10966000EEFF120EDBCFEEFF130EDBCFEEFF2C0E64
:10967000E15C02E2E16AE552E16E03EF53F00801BA
:1096800068510CE0800E0501C81508E006018551FF
:10969000010B04E106018551020B11E1080168513B
:1096A00028E1800E0501C81524E006010601865157
:1096B000010B1FE0060106018651020B1AE008C9E2
:1096C000E6FF09C9E6FF0AC9E6FF0BC9E6FFACC819
:1096D000E6FFADC8E6FFAEC8E6FFAFC8E6FFA8C824
:1096E000E6FFA9C8E6FFAAC8E6FFABC8E6FF3FEC65
:1096F00053F01200800E0501C8151EE1800E09010D
:10970000C0151AE00CC9E6FF0DC9E6FF0EC9E6FF59
:109710000FC9E6FFB4C8E6FFB5C8E6FFB6C8E6FF66
:10972000B7C8E6FFB0C8E6FFB1C8E6FFB2C8E6FFBB
:10973000B3C8E6FF3FEC53F0120059EC52F0010EB3
:10974000E0EC56F007E0BEEC53F03FEC53F0E66A75
:1097500048D8E552120059EC52F0020EE0EC56F0F7
:1097600007E0D7EC53F03FEC53F0010E5FEC55F0FF
:10977000120059EC52F0040EE0EC56F007E0F0EC69
:1097800053F03FEC53F0020E5FEC55F0120059EC31
:1097900052F0080EE0EC56F007E009EC54F03FEC14
:1097A00053F0030E5FEC55F0120059EC52F0100E1E
:1097B000E0EC56F007E022EC54F03FEC53F0040EDE
:1097C0005FEC55F0120059EC52F0200EE0EC56F030
:1097D00007E03BEC54F03FEC53F0050E5FEC55F026
:1097E00012001CEC57F009014451E76E0B0EE7CF55
:1097F000DBFF45C900F00050E76E0C0EE7CFDBFF42
:1098000046C900F00001026A09EC56F044C900F0B4
:1098100045C901F046C902F047C903F0180EF7EC3C
:1098200052F0FDE10050D0EC55F0FE0EDB50050883
:109830003DE3D950FE0F1EEC56F00E0EDB50EFCF7D
:10984000E7FFE75204E0E8427F0BE706FCE1010B8B
:109850002DE0DE6A030EDD6E020EF36EDB6E030E8C
:10986000F3CFDBFFFE0EDB50E76E040EE7CFDBFF2E
:109870000B0EDBA003D0050EDB6806D00C0EDB5010
:10988000E76E050EE7CFDBFF43EC56F0EDEC54F04E
:10989000EDEC54F0EECFE6FFEECFE6FFEDEC54F04A
:1098A000B7EC1FF0006E0B0EE15E00500F0EE15C96
:1098B00002E2E16AE552E16E03EF53F01CEC57F06F
:1098C000E66A030EE66EA0EC1FF0E552E5520009D1
:1098D00001E18DD0090EE126E66A030EE66E59EC31
:1098E0001FF0EECF00F0EECF01F09FEC55F0EECF81
:1098F00006F0EECF07F0FBEC55F00B6E0B0EE15EC1
:109900000B509BEC53F0040E04C0DBFF050E05C0AA
:10991000DBFF060E06C0DBFF070E07C0DBFF080EED
:1099200008C0DBFF090E09C0DBFF0A0E0AC0DBFF1F
:10993000030EDB5002085BE145C900F046C901F0A7
:1099400047C902F0000109EC56F046C900F047C9CA
:1099500001F00001026A036A0050D0EC55F0040ED9
:10996000DB50E76E0B0EE7CFDBFF050EDB50E76E3B
:109970000C0EE7CFDBFFD9500B0F48EC56F00E0E64
:10998000DB50EFCFE7FFE75204E0E8427F0BE7064A
:10999000FCE1010B2CE00C0EDB50FF0807E00D0E84
:1099A000DB50F36E0C0EDB50F35C21E10B0EDB5051
:1099B000050A19E0010A14E0070A0FE0010A0AE0AB
:1099C000030A05E0010A13E1BEEC53F00ED0D7EC18
:1099D00053F00BD0F0EC53F008D009EC54F005D064
:1099E00022EC54F002D03BEC54F03FEC53F00F0E5D
:1099F000E15C02E2E16AE552E16E03EF53F0D8EC7C
:109A000056F03ACB00F0016A026A036A45CB04F0D3
:109A1000056A066A076A080E1F0B03E0F4EC55F0AE
:109A2000FDE1DBEC54F050CB08F0096A0A6A0B6ADE
:109A3000100E1F0B03E002EC56F0FDE1E4EC54F0D5
:109A40009BEC53F059EC52F0400EE0EC56F001E183
:109A50008ED0F4EC54F00801BC19006EEE500801F1
:109A6000BD19016EEE500801BE19026EEE500801DC
:109A7000BF19036EB80EE96E080ED0EC56F005E182
:109A8000A8EC55F021EC57F013E1A8EC55F0BCC858
:109A9000E6FFBDC8E6FFBEC8E6FFBFC8E6FFB8C820
:109AA000E6FFB9C8E6FFBAC8E6FFBBC8E6FF5DD06F
:109AB000F4EC54F00801C419006EEE500801C51909
:109AC000016EEE500801C619026EEE500801C7196A
:109AD000036EC00EE96E080ED0EC56F005E1B1EC55
:109AE00055F021EC57F013E1B1EC55F0C4C8E6FF96
:109AF000C5C8E6FFC6C8E6FFC7C8E6FFC0C8E6FFA0
:109B0000C1C8E6FFC2C8E6FFC3C8E6FF2ED0F4EC2A
:109B100054F00801CC19006EEE500801CD19016E09
:109B2000EE500801CE19026EEE500801CF19036EF7
:109B3000C80EE96E080ED0EC56F005E1BAEC55F00F
:109B400021EC57F014E1BAEC55F0CCC8E6FFCDC8D3
:109B5000E6FFCEC8E6FFCFC8E6FFC8C8E6FFC9C823
:109B6000E6FFCAC8E6FFCBC8E6FF3FEC53F0040EA1
:109B7000E15C02E2E16AE552E16E03EF53F0FEECD4
:109B800052F0E6523AC900F03BC901F03CC902F07C
:109B90003DC903F049EC57F03A0EE96E090EEA6E42
:109BA00009013E51EE14046E09013F51EE14056E99
:109BB00009014051EE14066E09014151C7EC56F0FF
:109BC000DF6A080EDF5C1DE252EC52F0020E34EC4C
:109BD00056F0EF50DF5205E0DFCFF3FF28EC56F0F0
:109BE000FDE1010BE66E2EEC57F0E9CF00F0EACF75
:109BF00001F0DF503BEC56F0E552E750EF6EDF2A04
:109C0000E0D7E55203EF53F0FEEC52F0E6523ECBC4
:109C100000F00F0E0014DF6E0501F751DF5C06E067
:109C200052EC52F031EC57F0DFCFF7F549CB00F0B2
:109C3000016A0F0E0014DF6E0501F851DF5C07E0CA
:109C400052EC52F0EE5231EC57F0DFCFF8F554CB36
:109C500000F0016A0F0E0014DF6E0501F951DF5CA0
:109C600029E052EC52F0020E34EC56F031EC57F091
:109C7000DFCFF9F52EEC57F046EC57F080EC55F0BD
:109C8000EF6A2EEC57F0ABEC53F046EC57F07CEC5F
:109C900055F046EC57F078EC55F046EC57F074EC84
:109CA00055F046EC57F070EC55F046EC57F06CEC84
:109CB00055F0EF6AE55203EF53F024EC57F0080E2D
:109CC000DF5C26E2FE0EDB50DF5205E0DFCFF3FF64
:109CD00028EC56F0FDE1010B19E0A1EC56F0010E65
:109CE000EF6EFD0EDB50DF5205E0DFCFF3FF28EC17
:109CF00056F0FDE1010B05E0A1EC56F0EE520F0E1F
:109D000004D0A1EC56F0EE52F10EEF6EDF2AD7D759
:109D1000E55203EF53F024EC57F0080EDF5C1EE22F
:109D2000FE0EDB50DF5205E0DFCFF3FF28EC56F0EC
:109D3000FDE1010B11E073EC56F0EF5002E0000E74
:109D400001D0010EE66E73EC56F0E552E750EF6E6F
:109D500073EC56F0EE52EF6ADF2ADFD7E55203EFDD
:109D600053F024EC57F0080EDF5C11E2FE0EDB50DE
:109D7000DF5205E0DFCFF3FF28EC56F0FDE1010BE9
:109D800004E073EC56F0EE52EF6ADF2AECD7E552AE
:109D900003EF53F0FEEC52F0FB0EDBCFC0F5FC0EF0
:109DA000DBCFC1F5FD0EDBCFC2F5FE0EDBCFC3F579
:109DB000F70EDBCFF5F6F80EDBCFF6F6F90EDBCFBC
:109DC000F7F6FA0EDBCFF8F6F30EDBCFC4F5F40EA0
:109DD000DBCFC5F5F50EDBCFC6F5F60EDBCFC7F54D
:109DE00007012A6B2B6B2C6BCCEC56F003EF53F076
:109DF0001CEC57F057DB0A0EEECFDBFF0B0EEECF5D
:109E0000DBFF0C0EEECFDBFF0D0EEECFDBFF68ECC1
:109E100055F0000901E1F5D0DF6A180EDF5C01E3BF
:109E2000F0D00E0EDB6A100EDF5CE76E010EE7CF9E
:109E3000DBFFAEEC53F0DF501F0B02E0B0DBFEE1C6
:109E4000020E00C0DBFF030E01C0DBFF040E02C0E8
:109E5000DBFF050E03C0DBFFCCEC55F00501C05164
:109E6000EE14006E0501C151EE14016E0501C251E0
:109E7000EE14026E0501C351EE14036EC8DB01E15E
:109E80008ED0020EDBCF00F0030EDBCF01F0040E0C
:109E9000DBCF02F0050EDBCF03F060EC56F0005094
:109EA0000501C01701500501C11702500501C21775
:109EB00003500501C31739EC57F0060EEECFDBFF58
:109EC000070EEECFDBFF080EEECFDBFF090EEECF65
:109ED000DBFF020EDBCF04F0030EDBCF05F0040E38
:109EE000DBCF06F0050E08EC57F0D9500A0FF6DA72
:109EF000CCEC55F0EE500601F515086EEE5006015B
:109F0000F615096EEE500601F7150A6EEE500601C1
:109F1000F8150B6EE4EC54F065EC56F039EC57F0A4
:109F20000050EE1808E10150EE1805E10250EE185D
:109F300002E10350EE1833E0BADBB4DA0A0EDBCFED
:109F4000EEFF0B0EDBCFEEFF0C0EDBCFEEFF0D0EA8
:109F5000DBCFEEFF10EC56F01DE039EC57F0DF5090
:109F60001F0B9FEC55F007E0D89005320432033206
:109F70000232E806F9E1010E0216036A046A056A74
:109F8000DCEC56F0CFDB02C0EFFFDCEC56F0CADBB6
:109F9000EE52EF6A010EF36E0E0EF3CFDBFF10EC04
:109FA00056F02AE0010EDBCFE6FFDDDB8FD9E5526C
:109FB000E552E55200091BE17ADBC3EC55F0010ED6
:109FC000DBCFE6FF01DA046E050EE15E0450F3CF4D
:109FD00002F0F4CF03F066DA080EA4DB02C0EEFF55
:109FE00003C0EDFF010EF36E0E0EF3CFDBFF010E8B
:109FF000DBCFE6FF36DAE5520E0EDB5002E1DF2A58
:10A000000CD70F0EE15C02E2E16AE552E16EFBD291
:10A01000F5DA100EF36EFE0EA7EC54F008E3180EFE
:10A02000F36EFE0EA7EC54F002E2010E01D0000E1A
:10A03000EAD2E4DA060EE126FC0EDB50030A56E013
:10A04000010A39E0030A1DE0010A01E0A2D0C90EAD
:10A05000DE6E050EDD6E020EA0C8DBFF030EA1C88A
:10A06000DBFF010EA7EC56F00B013551020B02E0AD
:10A07000EF8201D0EF927EDB0B013551010B4FE1F6
:10A0800050D0CC0EDE6E050EDD6E020E34C9DBFF45
:10A09000030E35C9DBFF020EA7EC56F00B0136515B
:10A0A000020B02E0EF8201D0EF9264DB0B0136512C
:10A0B000010B37E034D0CF0EDE6E050EDD6E020EE2
:10A0C00036C9DBFF030E37C9DBFF040EF36EDB6E10
:10A0D00051DB0B013751020B02E0EF8201D0EF920E
:10A0E00049DB0B013751010B1CE019D0D20EDE6E9B
:10A0F000050EDD6E020E38C9DBFF030E39C9DBFF2A
:10A10000080EA7EC56F00B013851020B02E0EF826B
:10A1100001D0EF922FDB0B013851010B02E0EF80F1
:10A1200001D0EF90CCEC55F0EE50ED1032E0040E83
:10A13000DBCFE6FF0F0E08017215E552E7140AE0C7
:10A1400019DBEF50010B06E0ADD9040EDB50EF1226
:10A15000BBEC54F0040EDB500B013A150AE1040E7F
:10A16000DBCFE6FF9FD9EF50E552E71402E0BBECEE
:10A1700054F0DECFE6FFDDCFE6FF2AECB7F0E55284
:10A18000E552000906E0040EDB1C006E8BD900507E
:10A19000EF16060EE15C02E2E16AE552E16E33D2AF
:10A1A000D8EC56F00901C0AF05D0DE6ADE6ADE6A7F
:10A1B000DD6A04D0DE68DE68DE68DD68DD52DD520F
:10A1C00000C904F001C905F002C906F003C907F08F
:10A1D000041E051E061E071E65D951EC56F00750D9
:10A1E000EE14036E43EC56F009010051EE14086EB4
:10A1F00009010151EE14096E09010251EE140A6EB3
:10A2000009010351EE140B6EDFDB5AEC57F0040E1C
:10A21000E15C02E2E16AE552E16EF5D1EFD9040EAC
:10A22000DFEC55F0DF6AFC0EDB50DF5C06E2DF504E
:10A230004EEC57F0EF68DF2AF6D7FC0EDB50F36EDA
:10A24000010E85DB05E30C0EF36E020E80DB37E2B8
:10A25000020EDB50FC0BE842E842020A0AE0030A65
:10A2600005E0010A2CE13ECB00F005D049CB00F01F
:10A2700002D054CB00F0016A0F0E0016000E01163A
:10A28000030E00C0DBFF020EDB50030B006E030E5B
:10A29000DB5000C0E7FFE75204E0E8427F0BE7062F
:10A2A000FCE1010B09E0010EDB504EEC57F0020E11
:10A2B000DBCFEFFF010EDB2A020EDB2ABED7040E36
:10A2C000E15C02E2E16AE552E16E9DD197D9020EAE
:10A2D000E126C3EC55F0FC0EDBCFE6FF17EC56F0A1
:10A2E000F3CFDEFFF4CFDDFFDDD8080E34EC56F0FF
:10A2F000E9CF02F0EACF03F0FC0EDB503BEC56F066
:10A30000EECF00F0EFCF01F00050DF1806E1015072
:10A31000DE52DD1802E1010E06D066DBED1002E030
:10A32000000E01D0010E006E020EE15C02E2E16A55
:10A33000E552E16E005067D161D9030EE126DF6A74
:10A34000080EDF5C37E2D950F90F1EEC56F045DB02
:10A35000EFCFE6FFDFCFE6FF17EC56F0DE52F3CF8C
:10A36000DEFFF4CFDDFFDD52D950010F48EC56F08F
:10A37000EE50ED101DE0010EDBCF00F0020EDBCF42
:10A3800001F090D8080E34EC56F0E9CF04F0EACF93
:10A3900005F0DF503BEC56F0EECF02F0EFCF03F0CC
:10A3A0000250001802E10350011802E0000E03D031
:10A3B000DF2AC6D7010E006E030EE15C02E2E16AFD
:10A3C000E552E16E00501FD1D8EC56F0FE0EDB5086
:10A3D000040DF3CF04F0D950FA0F1EEC56F0F350F1
:10A3E0001F0B0FEC57F0EECF03F002E000D9FEE1B7
:10A3F000A2D943EC56F00F0EEE16EE6AEE6AEE6A44
:10A4000043EC56F0100E336E270E346E31DB88ECC1
:10A41000BBF02DC0EDFF2CC0EDFF2BC0EDFF2AC01F
:10A42000EFFF43EC56F00F0E336E346A21DBACECD9
:10A43000BCF031C0EDFF30C0EDFF2FC0EDFF2EC0EE
:10A44000EFFFDFCF00F0010EDBCF01F000C0F3FF24
:10A4500001C0F4FF040EE15C02E2E16AE552E16E44
:10A46000D2D0D8EC56F00F0E79D9FE0EDB50040D89
:10A47000F3501F0B02E093D8FEE15DD94DD9005097
:10A480000501C41701500501C51702500501C61783
:10A4900003500501C717040EE15C02E2E16AE552D0
:10A4A000E16EB1D0FD0EDBCFE9FFFE0EDBCFEAFFA0
:10A4B0001200720EE96E0A0EEA6E0A017651EE146F
:10A4C0000A017751EE140A017851EE140A0179510C
:10A4D000EE14036E006A016A026A1200D9DBE1DB46
:10A4E0000750EE14036E1200E66EF5EC7EF0E552B6
:10A4F0001200C9DBEECF04F0EECF05F0EECF06F090
:10A50000EFCF07F0D950040FC3DBB1EF56F0DBCF2C
:10A51000EAFF3DEC57F0DF503BEF56F01C0EDBCF6F
:10A5200008F01D0EDBCF09F01E0EDBCF0AF01F0E68
:10A53000DBCF0BF0D950180FABDBEE500812EE500A
:10A540000912EE500A12EE500B12D950200FA0DB68
:10A550000850EE10046E0950EE10056E0A50EE1011
:10A56000066E0B50EE10076ED950240F91DB04508D
:10A57000EE10006E0550EE10016E0650EE10026EE9
:10A580000750EE10036E1200E552E7CF05F0E552DA
:10A59000E7CF04F0E552E7CF03F000091200D890AE
:10A5A0000036013602360336E8061200DBCF03F030
:10A5B00087DBD950100F6CDB0050EE160150EE1601
:10A5C0000250EE160350EE16120062DB0050EE123F
:10A5D0000150EE120250EE120350EE12120089DB0F
:10A5E000E552E7CF0EF0E552E7CF0DF01200D8901C
:10A5F0000332023201320032E8061200D9CFE6FF00
:10A60000E1CFD9FF1200E552E7CFD9FF1200005089
:10A610000110021003101200D6DB006E0A01735104
:10A62000EE14016ED8DB036E12007E0EE96E0A0E88
:10A63000EA6E0A017A51EE14006E0A017B51EE14A3
:10A64000016E0A017C51EE14026E0A017D51EE1476
:10A65000036E1200860EE96E0A0EEA6E0A0182513E
:10A66000EE14006E0A018351EE14016E0A0184514A
:10A67000EE14026E0A018551EE14036E1200CAEC4C
:10A680004EF0006E0C0EE15E00501200E66E2AECF9
:10A69000B7F0E552E55212000050DE120150DE1212
:10A6A0000250DE120350DD12DD52DD5212009EC850
:10A6B0002AF79FC82BF707012C6BE80E346E030EA8
:10A6C000356E366A9EC82FF09FC830F02CC731F027
:10A6D000CCEC94F02CC02AF72DC02BF72EC02CF711
:10A6E000CCEF56F0060EDBCF00F0070EDBCF01F00B
:10A6F000080EDBCF02F0090EDBCF03F01200EE50A4
:10A700000016EE500116EE500216EE50031612001F
:10A710000ADBF3CFE6FF1200B6DA81DBEFCF03F0FE
:10A7200060EF56F0A1DAE9CF00F0EACF01F0010EB8
:10A73000DB503BEF56F022DB030E03C0DBFF1200C1
:10A740000701800E2A6F1A0E2B6F060E2C6FD50E86
:10A75000E66E050EA9D3040E34EF56F0006E016AC2
:10A76000026A036A1200FD0EDBCFE6FFFE0EDBCFAE
:10A77000E6FF1200D950050F48EF56F01CC9E6FF5E
:10A780001DC9E6FF1EC9E6FF1FC9E6FFD4C8E6FFE4
:10A79000D5C8E6FFD6C8E6FFD7C8E6FFD0C8E6FFB3
:10A7A000D1C8E6FFD2C8E6FFD3C8E6FF120020C931
:10A7B000E6FF21C9E6FF22C9E6FF23C9E6FFDCC8A0
:10A7C000E6FFDDC8E6FFDEC8E6FFDFC8E6FFD8C863
:10A7D000E6FFD9C8E6FFDAC8E6FFDBC8E6FF1200ED
:10A7E00024C9E6FF25C9E6FF26C9E6FF27C9E6FF1B
:10A7F000E4C8E6FFE5C8E6FFE6C8E6FFE7C8E6FF0F
:10A80000E0C8E6FFE1C8E6FFE2C8E6FFE3C8E6FF0E
:10A81000120028C9E6FF29C9E6FF2AC9E6FF2BC9AD
:10A82000E6FFECC8E6FFEDC8E6FFEEC8E6FFEFC8BE
:10A83000E6FFE8C8E6FFE9C8E6FFEAC8E6FFEBC8BE
:10A84000E6FF12002CC9E6FF2DC9E6FF2EC9E6FF80
:10A850002FC9E6FFF4C8E6FFF5C8E6FFF6C8E6FF35
:10A86000F7C8E6FFF0C8E6FFF1C8E6FFF2C8E6FF6A
:10A87000F3C8E6FF120030C9E6FF31C9E6FF32C96E
:10A88000E6FF33C9E6FFFCC8E6FFFDC8E6FFFEC8E9
:10A89000E6FFFFC8E6FFF8C8E6FFF9C8E6FFFAC81A
:10A8A000E6FFFBC8E6FF120006DA19EC50F0E552AD
:10A8B000E552E552120000160116021603160B01AE
:10A8C00043510B0142150C6E0D6A0E6A0F6A0B01A3
:10A8D0004E510B014D15106E116A126A136A080E63
:10A8E0001F0B1200D50EE66E050EA0D200C0EEFFC3
:10A8F00001C0EEFF02C0EEFF03C0EEFF12000C50DD
:10A9000000160D5001160E5002160F5003161200BD
:10A9100010500C1211500D1212500E1213500F1233
:10A920000B0159510B015815146E156A166A176AF6
:10A93000100E1F0B1200040EDBCF04F0050EDBCF50
:10A9400005F0060EDBCF06F0070E08EF57F0DBCF61
:10A95000F4FFF350F45C120003C0DBFF0C0EDBCFFE
:10A9600004F00D0EDBCF05F00E0EDBCF06F00F0E60
:10A97000DBCF07F01200020EDBCF34F7030EDBCF84
:10A9800035F7DECFE6FFDDCFE6FF07ECB7F0E552A7
:10A99000E5521200040EDB6A050EDB6A060EDB6A66
:10A9A000070EDB6A12000CC0E6FFFAEF56F019C082
:10A9B000E6FF01EF57F00450001205500112065057
:10A9C000021207500312120008500012095001121F
:10A9D0000A5002120B5003121200EECFE6FFEECF28
:10A9E000E6FFEECFE6FF12004ED9EE501200EECF9A
:10A9F00014F0EECF15F0EECF16F0EFCF17F0141ED7
:10AA0000151E161E171E1200EECF18F0EECF19F00D
:10AA1000EECF1AF0EFCF1BF0181E191E1A1E1B1EC8
:10AA20001200181619161A161B161850101619505F
:10AA300011161A5012161B5013161200140EDBCFEB
:10AA400000F0150EDBCF01F0160EDBCF02F0170E73
:10AA5000DBCF03F0120070DC046E060EE15E0450E2
:10AA600000091200E66E07ECB7F0E552E55212005D
:10AA7000356A366AEECF2EF0EECF2FF0EECF30F003
:10AA8000EFCF31F01200DE6ADE6ADE6ADD6ADD5287
:10AA9000DD5212000001026A036A00500501F5133D
:10AAA0001200E552E7CF0CF0E552E7CF0BF01200B1
:10AAB000D8901436153616361736E8061200E66EAC
:10AAC000F1EC4BF0E5521200DB50E8241F0B1200B2
:10AAD000F90EE66E060EAAD1D0D90E0E34EF56F05E
:10AAE000CCD90C0E34EF56F0C8D90A0E34EF56F01C
:10AAF000C4D9080E34EF56F0C0D9060E34EF56F024
:10AB0000BCD9020E34EF56F0045000160550011661
:10AB1000065002160750031612000850001609507E
:10AB200001160A5002160B500316120010500012A4
:10AB30001150011212500212135003121200EECFE4
:10AB400002F0EECF03F0EECF04F0EECF05F01200EE
:10AB500010C9E6FF11C9E6FF12C9E6FF13C9E6FFF7
:10AB6000120014C9E6FF15C9E6FF16C9E6FF17C9AA
:10AB7000E6FF120018C9E6FF19C9E6FF1AC9E6FF89
:10AB80001BC9E6FF1200C4C5E6FFC5C5E6FFC6C582
:10AB9000E6FFC7C5E6FF1200D950020F48EF56F096
:10ABA000E76E0E0EE7CFDBFF1200DB50E824010F4B
:10ABB0001F0B1200A2C834F7A3C835F71200E12614
:10ABC000DF6A010EDB6A020EDB6A1200EE50081625
:10ABD000EE500916EE500A161200D89010361136B3
:10ABE00012361336E8061200D890043605360636BB
:10ABF0000736E8061200EECF08F0EECF09F0EECFF0
:10AC00000AF01200D890083609360A360B36E806E4
:10AC10001200036A0050E76E0D0EE7CFDBFF120053
:10AC2000DFCFE6FF08EC50F0E55200091200E4EC3B
:10AC300051F0006E050EE15E00501200E96EFF0E4D
:10AC4000DA20EA6E1200EE6AEE6AEE6AEE6A12002E
:10AC5000E8327F0BF3061200FCD8E552E7CF1BF079
:10AC6000E552E7CF1AF01200E926000EEA221200A0
:10AC700019DCABEF53F0020DE950F324E96EEA5012
:10AC8000F420EA6E1200D9CFE9FFDACFEAFF120012
:10AC9000E96EDACFEAFF1200006A016A036A07EF81
:10ACA00053F00450EE14006E0550EE14016E065081
:10ACB000EE14026E1200D9CFE6FFDACFE6FF1200E3
:10ACC000001E011E021E031E12000A0E00C0DBFF42
:10ACD0000B0E01C0DBFF0C0E02C0DBFF0D0E03C02C
:10ACE000DBFF72EF53F0FC0EDBCFE9FFFD0E87EFC9
:10ACF00052F0E4D8E552E7CF0FF0120014500C12D6
:10AD000015500D1216500E1217500F127FEF54F0FF
:10AD1000140E00C0DBFF150E01C0DBFF160E02C0D3
:10AD2000DBFF170E120003C0E6FF04C0E6FF05C0FC
:10AD3000E6FF1200E552E7CF19F0E552E7CF18F031
:10AD40001200FB0EDBCFE9FFFC0E87EF52F0F36E33
:10AD5000040EF3CFDBFFBAEF53F0D950040FE5EF49
:10AD600052F0EE500412EE500512EE500612EE5064
:10AD70000712D95012000414AEEF53F000C0DFFFE9
:10AD8000010E01C0DBFF020E02C0DBFF1200EE1459
:10AD9000076E11DE5AEF57F0F90EE66E060E84D0FC
:10ADA000EA6EADDC07EF53F06EEC52F007EF53F0B4
:10ADB00025DC040EE126120052EC52F0180E1200AF
:10ADC000031607EF53F0760EE96E0A0EEA6E0A01DB
:10ADD0007251EE1412000A017451EE14026E0A014F
:10ADE0007551EE141200EFEC52F05BDEE552E7CF46
:10ADF0000AF012000DC0E6FF0EC0E6FF0FC0E6FF2E
:10AE000012001AC0E6FF1BC0E6FF1CC0E6FF1200DE
:10AE1000DBCF07F0041E051E061E071E1200EECF34
:10AE200000F0EECF01F0EECF02F01200E66E50EC33
:10AE3000B2F0E552E5521200FEEC52F00F0EE126A0
:10AE4000120091DC2BEF55F0FEEC52F0E652DF6A77
:10AE5000120034D8E552E7CF1CF01200ADDF34EF1A
:10AE600056F0EF6A05DF23EF56F0E552E5525BEF4F
:10AE700056F0D9500A0F48EF56F0180E34EF56F03E
:10AE8000EBDE58DFE552E7CF17F01200EF6A52EF22
:10AE900052F016DF52EC52F07FEF53F0E76E52ECB7
:10AEA00052F0E75034EF56F0E66E1CECB2F0E5528B
:10AEB000E552120052EC52F076EF54F0E66E4AEC96
:10AEC0007FF0E5521200E6D80400E9ECB6F00DEC94
:10AED00068F04DECBBF0C3EC60F08FEC64F097ECE5
:10AEE00098F09AEC5FF0ABEC7BF006018B6FB3EC63
:10AEF00039F05CDBEFEC60F027EC65F086EC66F097
:10AF00000BEC5EF091EC5EF07DEC7EF080EC8DF071
:10AF10004EECADF042EC6AF013EC67F09AECA9F05D
:10AF2000B9EC3FF031ECB6F083ECABF006017D51AB
:10AF30003DE050C800F051C801F052C802F053C8BB
:10AF400003F0008C0801505100180CE10801515128
:10AF5000011808E108015251021804E10801535197
:10AF6000031800E114E050C850F851C851F852C815
:10AF700052F853C853F80801508D010EE66E010EC9
:10AF8000E66EE66AEDEC9CF0E552E552E55276ECB1
:10AF90005DF06B0EE66E060EE66E2AECB7F0E5523B
:10AFA000E552000902E006017D6B30D050C800F088
:10AFB00051C801F052C802F053C803F0009C0801C8
:10AFC000505100180CE108015151011808E1080125
:10AFD0005251021804E108015351031800E114E032
:10AFE00050C850F851C851F852C852F853C853F8D5
:10AFF0000801509D010EE66E010EE66EE66AEDEC6C
:10B000009CF0E552E552E5522BEC5CF0F50EE66E55
:10B01000010EE66E50ECB2F0E552E552000910E088
:10B02000B1EC5DF00701E80E2A6F030E2B6F2C6B5D
:10B03000F50EE66E010EE66E1CECB2F0E552E5523E
:10B04000F90EE66E010EE66E50ECB2F0E552E552F6
:10B05000000914E006018B5111E180D983DA070160
:10B06000400E2A6F420E2B6F0F0E2C6FF90EE66EFC
:10B07000010EE66E1CECB2F0E552E5520601E06B03
:10B0800096EC63F0FCECA1F079EC67F02FEC66F045
:10B090001BD71200D9CFE6FFE1CFD9FF020EE12680
:10B0A00007015F0E426F080E436F150E0701446FD4
:10B0B000456B0701466B0701740E476F080E486F1A
:10B0C000800E0701496F4A6B07014B6B0701F40EB5
:10B0D0004C6F080E4D6F800E07014E6F4F6B0701CE
:10B0E000506B0701740E516F090E526F200E07014D
:10B0F000536F546B0701556B0701000E566F080E16
:10B10000576F2A0E0701586F596B07015A6B0701D9
:10B110002A0E5B6F080E5C6F180E07015D6F5E6B89
:10B1200007015F6B0701B50E606F030E616F090EBB
:10B130000701626F636B0701646B0701BE0E656FE9
:10B14000030E666F080E0701676F686B0701696B76
:10B150000701466B0701020E4B6F0701020E506F8D
:10B160000701020E556F0701020E5A6F0701020E0A
:10B170005F6F0701646B0701020E696F070EB46E03
:10B180000E0EE66E040EE66EEB0EE66EF4ECBBF011
:10B19000E552E552E5520CECB2F040ECBBF002ECAB
:10B1A000A0F092EC7BF0E2EC99F02CEC97F096ECAE
:10B1B00063F09DECA7F00601010ED76FABECA7F092
:10B1C000E66A0201BD0EF66F060EF76F1BECA8F0E3
:10B1D000E552030EE66EE66AE66A140EE66E0B0EA4
:10B1E000E66E8FECB8F0006E050EE15E0050420E88
:10B1F000E66E070EE66E42EC97F0E552E552600E01
:10B20000E66E070EE66E42EC97F0E552E552470E09
:10B21000E66E070EE66E42EC97F0E552E5524C0EF4
:10B22000E66E070EE66E42EC97F0E552E552510EDF
:10B23000E66E070EE66E42EC97F0E552E552560ECA
:10B24000E66E070EE66E42EC97F0E552E5525B0EB5
:10B25000E66E070EE66E42EC97F0E552E552650E9B
:10B26000E66E070EE66E42EC97F0E552E552FEEC14
:10B2700097F0A6EC63F08BD907012A6B2B6B2C6B34
:10B28000F50EE66E010EE66E1CECB2F0E552E552EC
:10B2900007012A6B2B6B2C6BF90EE66E010EE66E26
:10B2A0001CECB2F0E552E552780E0701346F356BB5
:10B2B000710EE66E060EE66E07ECB7F0E552E5524B
:10B2C0000400C80EE66E7AECBDF0E5520400C80E2C
:10B2D000E66E7AECBDF0E552C7EC7BF056EC7DF003
:10B2E000BEEC7DF0D7ECACF050C800F051C801F0D6
:10B2F00052C802F053C803F0008E080150510018E4
:10B300000CE108015151011808E1080152510218DD
:10B3100004E108015351031800E114E050C850F84B
:10B3200051C851F852C852F853C853F80801508F09
:10B33000010EE66E010EE66EE66AEDEC9CF0E5525B
:10B34000E552E552DAEC1EF0020EE15C02E2E16A3F
:10B35000E552E16EE552E7CFD9FF12008FEC68F0BD
:10B36000080EE126060EDB6A490EC86EC00EE66EB8
:10B37000080EE66E2CECBDF0E552E552C750040B0A
:10B3800001E0010E006E1F0EC5140010F7E1C5802C
:10B39000C5B0FED7900ED7EC69F0E66A2CEC68F0E9
:10B3A000C582C5B2FED7910ED7EC69F0F8ECBDF0BE
:10B3B000E76E040EE7CFDBFFC59AC588C5B8FED798
:10B3C000F8ECBDF0E76E050EE7CFDBFFC58AC58858
:10B3D000C5B8FED7C584C5B4FED7C750040B01E07D
:10B3E000010E006E1F0EC5140010F7E1C580C5B038
:10B3F000FED7900ED7EC69F0010ED7EC69F0E10EA4
:10B40000D7EC69F0C584C5B4FED7C69A82969496E7
:10B41000040EDBCF00F0B4EC69F000AE03D001689D
:10B4200002680368E9EC68F094EC68F0640E336E2F
:10B43000346A356A366AEECF2EF0EECF2FF0EECFBB
:10B4400030F0EFCF31F088ECBBF02DC0EDFF2CC019
:10B45000EDFF2BC0EDFF2AC0EFFF050EDBAE05D0E0
:10B4600094EC68F0320EF5EC68F0050EDBAC05D01C
:10B4700094EC68F0190EF5EC68F0050EDBAA05D027
:10B4800094EC68F00C0EF5EC68F0050EDBA805D026
:10B4900094EC68F0070EF5EC68F094EC68F0D89046
:10B4A000030EEB50000A08E6000EEE5C000EEE58AC
:10B4B000000EEE58000EEE5803E226EC69F020D0A4
:10B4C000DECF2FF0DECF30F0DECF31F0DDCF32F047
:10B4D000DD52DD523234000E321809E6D880100EEB
:10B4E0002F54270E3054000E3154000E32540AE20D
:10B4F00021C72FF022C730F023C731F024C732F024
:10B50000DCEC68F0060EDB5004E026EC69F0DCECC5
:10B5100068F094EC68F0B8EC69F0EFCF07F004C085
:10B520002EF005C02FF006C030F007C031F0EBEC74
:10B5300092F0B6EC68F0346A356AC80E366E420E88
:10B54000376E9BEC93F02FC0B8F930C0B9F931C019
:10B55000BAF932C0BBF9080EE15C02E2E16AE552D9
:10B560005AEF68F09280870EE66E91ECBDF0E552DE
:10B570005BECBCF0F3CF00F0F4CF01F0D8900132D7
:10B580000032D8900132003200C0B7F912000BEC43
:10B5900023F00901B65D09E00BEC23F00901B66F59
:10B5A000010EE66E1A0E1CEC68F01200D3EC69F086
:10B5B000DE6ADE6ADE6ADD6ADD52DD52E66EC5EC09
:10B5C00068F00EE0A0EC68F06CEC69F021E025C7B3
:10B5D000C1F926C7C2F927C7C3F928C7C4F913D0D0
:10B5E00091CA34F092CA35F093CA36F094CA37F053
:10B5F0006CEC69F00DE091CAC1F992CAC2F993CA24
:10B60000C3F994CAC4F9010EE66E230E1CEC68F06F
:10B61000050EE66EC5EC68F00EE0A0EC68F076EC86
:10B6200069F021E025C700FA26C701FA27C702FA08
:10B6300028C703FA13D096CA34F097CA35F098CACF
:10B6400036F099CA37F076EC69F00DE096CA00FA48
:10B6500097CA01FA98CA02FA99CA03FA010EE66E6D
:10B660008A0E1CEC68F0060EE66EC5EC68F00EE083
:10B67000A0EC68F080EC69F021E025C712FA26C73B
:10B6800013FA27C714FA28C715FA13D09BCA34F047
:10B690009CCA35F09DCA36F09ECA37F080EC69F03E
:10B6A0000DE09BCA12FA9CCA13FA9DCA14FA9ECAEC
:10B6B00015FA010EE66E930E1CEC68F0070EE66EAE
:10B6C000C5EC68F00EE0A0EC68F08AEC69F021E0CF
:10B6D00025C7F2F926C7F3F927C7F4F928C7F5F902
:10B6E00013D0A0CA34F0A1CA35F0A2CA36F0A3CA5A
:10B6F00037F08AEC69F00DE0A0CAF2F9A1CAF3F9BB
:10B70000A2CAF4F9A3CAF5F9010EE66E7B0E1CEC91
:10B7100068F00901EF5124E00601E0510901BC5D28
:10B7200007E0E0C6BCF9010EE66E1D0E1CEC68F0E9
:10B7300006019A510901BD5D07E09AC6BDF9010EE7
:10B74000E66E1E0E1CEC68F006019B510901BE5D01
:10B7500007E09BC6BEF9010EE66E1F0E1CEC68F0FA
:10B760003CCB00F0B4EC69F047CB04F0056A066A04
:10B77000076A080E1F0B07E0D89004360536063618
:10B780000736E806F9E10450001205500112065090
:10B7900002120750031252CB08F0096A0A6A0B6AB8
:10B7A000100E1F0B07E0D890083609360A360B3604
:10B7B000E806F9E108500012095001120A5002127D
:10B7C0000B50031221EC68F094EC68F00901D4519D
:10B7D000EE180BE10901D551EE1807E10901D65128
:10B7E000EE1803E10901D751EE1810E0DFCFD4F9CC
:10B7F000010EDBCFD5F9020EDBCFD6F9030EDBCF7E
:10B80000D7F9010EE66E690E1CEC68F03DCBD8F955
:10B810003ECBD9F93FCBDAF940CBDBF941CBDCF9B0
:10B8200048CBDDF949CBDEF94ACBDFF94BCBE0F968
:10B830004CCBE1F953CBE2F954CBE3F955CBE4F926
:10B8400056CBE5F957CBE6F9040EE15C02E2E16A7A
:10B85000E5525AEF68F08FEC68F0060EE126DF6AD9
:10B86000020EDB6AABECA7F09592959495962FECBF
:10B8700069F0E76E010EE7CFDBFFA9EC68F0060187
:10B8800092510901D15D12E0060192510AE060EC8B
:10B8900069F0740EE66E060E57EC69F00601926BC5
:10B8A00005D0010EDB5002E0D1C992F6060192519B
:10B8B000030A0DE0010A08E0030A04E0010A0BE1B3
:10B8C00083920AD0838208D08392838406D08392A5
:10B8D0008394838603D08392839483969590080102
:10B8E0006451020A0CE0030A03E0010A10E10DD0E2
:10B8F0000101F351E8B08380E8B00AD006D0070117
:10B900003851E8B08380E8B003D0839001D08390B1
:10B9100094949598080163510DE00901D351E8B062
:10B920008284E8A082940901D251E8B08388E8B00B
:10B9300054D032D008016B5103E0D3C942F702D092
:10B94000D2C942F7060191510701425D07E060EC60
:10B9500069F0780EE66E060E57EC69F042C791F674
:10B9600008016A51020A1AE0030A0AE0010A2EE1FC
:10B97000829407014251E8B08388E8B02ED00CD001
:10B980000101F451E8B08284E8A082940701425199
:10B99000E8B08388E8B021D083981FD0A9EC68F084
:10B9A000000911E007014251E8B08388E8A08398BC
:10B9B0000701425102E0000E01D0010EE8B082847E
:10B9C000E8B00BD001D08398829407D0829407010D
:10B9D0004251E8B08388E8A083988350010BDF6E62
:10B9E0008350020B01E0010EE824DF128350040BA8
:10B9F00001E0010E040DF350DF128350080B01E04B
:10BA0000010E080DF350DF128250040B01E0010E0D
:10BA1000100DF350DF128350100B01E0010E200DCA
:10BA2000F350DF12A9EC68F000090BE0DF500901C8
:10BA3000CF5D07E0DFCFCFF9010EE66E300E1CECD4
:10BA400068F0080173B30AD0030E07CADBFF040EC7
:10BA500009CADBFF050E08CADBFF09D0030ED1C9F6
:10BA6000DBFF040ED3C9DBFF050ED2C9DBFF83A0C9
:10BA700002D0020EDB80030EDB5014E0010EF36EE9
:10BA8000030EDB5004E0D890F336E806FCE1F350F7
:10BA90000E0B006E020EDBCFE7FF0050E712020E26
:10BAA000E7CFDBFF040EDB5003E0020EDB8A02D09F
:10BAB000020EDB88050EDB5003E0020EDB8E02D0A7
:10BAC000020EDB8C020EDB500B01125D08E0020E51
:10BAD000DBCF12FB490EE66EF5EC7EF0E552060E6A
:10BAE000E15C02E2E16AE5525AEF68F095909592C6
:10BAF000959495969494959806017E51090A27E0AD
:10BB0000010A1EE00F0A16E0010A0FE0030A09E02D
:10BB1000010A04E0070A22E1839001D08380839226
:10BB200002D083908382839403D083908392838412
:10BB3000839604D08390839283948386829405D0E5
:10BB40008390839283948396828483981200839057
:10BB500083928394839682948388120006017D6B7E
:10BB600012000701436B90C642F79288928A968230
:10BB70008050100B100A01E0010EE66E8E0EE66E8C
:10BB8000060E9EEC69F007014391E8B043818050B6
:10BB9000200B200A01E0010EE66E8F0EE66E060E07
:10BBA0009EEC69F007014393E8B043838450020B95
:10BBB000020A01E0010EB0EC68F08450020B020AA8
:10BBC00001E0010EB0EC68F08450020B020A01E0C3
:10BBD000010EB0EC68F0070143510801601907013C
:10BBE000436F0701E8500901CE5D07E043C7CEF976
:10BBF000010EE66E2C0E1CEC68F0010E060190158D
:10BC000009E0010E0701421505E1010EE66E04ECA4
:10BC100023F0E55212008FEC68F0030EE126020ECD
:10BC2000DB6ADF6A530EDF5C2FE26DEC68F0DBCF7E
:10BC300000F0016A026AD890003601360236060129
:10BC4000A1510024F36E0601A2510120F46E0601F9
:10BC5000A3510220F86EF4CFF7FFF3CFF6FF0900EF
:10BC6000F5CFE9FF0800F5CFEAFFEF040BE1010E85
:10BC7000DBCFE6FF02EC7EF0E552010EF36E020E22
:10BC8000F3CFDBFFDF2ACED750C800F0800E0016BE
:10BC9000B4EC69F000500110021003101DE051ECEB
:10BCA0007FF0000919E133EC69F0009E0801505162
:10BCB00000180BE108015151011807E10801525128
:10BCC000021803E108015351031806E00801509FD0
:10BCD000010EE66E1CEC68F0020EDB501BE056EC29
:10BCE0007DF033EC69F0008E0801505100180BE133
:10BCF00008015151011807E108015251021803E1EE
:10BD000008015351031806E00801508F010EE66E3A
:10BD10001CEC68F0030EE15C02E2E16AE5525AEFC6
:10BD200068F08FEC68F00E0EE126020EDB6A030E5F
:10BD3000DB6A040EDB6A050EDB6A060EDB6A070EA1
:10BD4000DB6A080EDB6A090EDB6A0A0EDB6A0B0E81
:10BD5000DB6A0C0EDB6A0D0EDB6A06017C5101E129
:10BD6000E2D006017C6B0901AA6BAB6BAC6BAD6BCF
:10BD70000901AE6BAF6BB06BB16B0901B26BB36B0A
:10BD8000B46BB56BDF6A530EDF5C5BE26DEC68F0A1
:10BD9000200EDF5C16E2A9EC69F002E0000E01D093
:10BDA000010EADEC68F000AE03D0016802680368D4
:10BDB000DF501F0B03E03CEC68F0FDE1D950020FAF
:10BDC00033D0400EDF5C17E2A9EC69F002E0000E10
:10BDD00001D0010EADEC68F000AE03D0016802683E
:10BDE0000368200EDF5C1F0B03E03CEC68F0FDE114
:10BDF000D950060F19D0600EDF5C21E2A9EC69F082
:10BE000002E0000E01D0010EADEC68F000AE03D0F0
:10BE1000016802680368400EDF5C1F0B03E03CEC26
:10BE200068F0FDE1D9500A0FE96EDACFEAFF005061
:10BE3000EE120150EE120250EE120350EE12DF2A03
:10BE4000A2D7D950020FE96EDACFEAFF0901AA5151
:10BE5000EE180BE10901AB51EE1807E10901AC51F5
:10BE6000EE1803E10901AD51EE1811E0020EDBCF2F
:10BE7000AAF9030EDBCFABF9040EDBCFACF9050E4C
:10BE8000DBCFADF9010EE66E170E1CEC68F0D95051
:10BE9000060FE96EDACFEAFF0901AE51EE180BE1A9
:10BEA0000901AF51EE1807E10901B051EE1803E1A5
:10BEB0000901B151EE1811E0060EDBCFAEF9070E05
:10BEC000DBCFAFF9080EDBCFB0F9090EDBCFB1F94C
:10BED000010EE66E180E1CEC68F0D9500A0FE96EE0
:10BEE000DACFEAFF0901B251EE180BE10901B351B3
:10BEF000EE1807E10901B451EE1803E10901B5514B
:10BF0000EE1811E00A0EDBCFB2F90B0EDBCFB3F95E
:10BF10000C0EDBCFB4F90D0EDBCFB5F9010EE66EDA
:10BF2000190E1CEC68F00E0EE15C02E2E16AE552CB
:10BF30005AEF68F00E0E0901A81901E1A95101E1BB
:10BF400082D00D0E0901A81901E1A95176E00C0E6D
:10BF50000901A81901E1A9516DE00B0E0901A81909
:10BF600001E1A95161E00A0E0901A81901E1A951F5
:10BF700056E0030E0901A81901E1A9513EE0040EA3
:10BF80000901A81901E1A95138E0050E0901A81914
:10BF900001E1A95132E0060E0901A81901E1A951F8
:10BFA0002CE0070E0901A81901E1A95126E0080EAD
:10BFB0000901A81901E1A95120E0090E0901A819F8
:10BFC00001E1A9511AE0020E0901A81901E1A951E4
:10BFD00011E0010E0901A81901E1A95105E00901CB
:10BFE000A85133E1A95131D0C7EC7BF00601010E15
:10BFF0007C6F2BD006017D6B28D00601010E7D6F72
:10C00000A8C97EF61E0E0701346F356B6B0EE66E07
:10C01000060EE66E07ECB7F0E552E55216D00601C3
:10C02000886B896B8A6B11D0CEEC68F00601010E2B
:10C030008C6F0BD006018C6B08D0CEEC68F006013B
:10C04000010E8D6F02D006018D6B0901A851A91157
:10C0500008E00901A86BA96B010EE66E160E1CEC38
:10C0600068F06E0EE66E060EBFEC68F0000904E0A4
:10C0700006018C6B06018D6B1200FDC130F0FEC114
:10C0800031F0D4EC92F03CEC69F0346A356AA00EE1
:10C09000366E400E376EEEEC93F0B6EC68F0346A14
:10C0A000C00E356E7F0E366E440E376EFBEC68F0B8
:10C0B000CD0E346ECC0E356E9C0E366E400E376E45
:10C0C00082EC95F0010A09E125C72EF026C72FF072
:10C0D00027C730F028C731F01200CD0E346ECC0ED9
:10C0E000356E366E3E0E1CEC69F08BEC95F0010A55
:10C0F00009E121C72EF022C72FF023C730F024C753
:10C1000031F01200346A400E356E1C0E366E460E4B
:10C110001CEC69F0EEEC93F0B6EC68F0086A096A82
:10C12000A00E0A6E400E0B6E42C734F043C735F0C6
:10C1300044C736F045C737F008C02FF009C030F0CB
:10C140000AC031F0326E04EC93F03CEC69F02FC081
:10C1500034F030C035F031C036F032C037F000C0B6
:10C160002FF001C030F002C031F003C032F0FBEC20
:10C1700068F02FC030F730C031F731C032F732C02D
:10C1800033F756EFB5F0C3EC22F0040B06E0040ED3
:10C19000E66EC6EC22F067EC69F0EDEC22F00701E8
:10C1A000426F070142A108D0FE0E07014215E66E5C
:10C1B000F0EC22F067EC69F0F7EC22F00701426F37
:10C1C000070142A108D0FE0E07014215E66EFAEC07
:10C1D00022F067EC69F01200939A818A1200D3EC86
:10C1E00069F0CEC946F70801610504E1070146512F
:10C1F000010B0BD00B016151010B04E0880E89EC9F
:10C2000068F002E0000E01D0010E0701476F060141
:10C210008551010B0701475D08E007014751060101
:10C220008591E8B0858106018583020E0801615D74
:10C2300004E107014651010B0CD00B010B016351C6
:10C24000010B04E08A0E89EC68F002E0000E01D0D8
:10C25000010E0701476F06018651010B0701475D7B
:10C2600008E00701475106018691E8B08681060182
:10C2700086830801620506E107014651020B20E0B2
:10C28000010E1ED00B010B015B51010B04E1840E6A
:10C2900089EC68F012E00B010B015D51010B04E128
:10C2A000850E89EC68F009E00B010B015F51010B71
:10C2B00006E1860E89EC68F002E1000E01D0010E65
:10C2C0000701476F06018451010B0701475D08E034
:10C2D0000701475106018491E8B0848106018483F7
:10C2E000020E0801625D10E1710EE66E060EBFECF3
:10C2F00068F0000906E007014651020B50E0010E0C
:10C300004ED00701476B4DD0080172390F0BE81C66
:10C310000F0B0701486F0B010B013551010B08E0B2
:10C32000620E89EC68F004E1010E0701481536E160
:10C330000B010B013651010B09E0630E89EC68F02B
:10C3400005E1070148417F0B010B28E10B010B01BF
:10C350003751010B0BE0640E89EC68F007E107012F
:10C360004851E840E8403F0B010B18E10B010B017D
:10C370003851010B0CE0650E89EC68F008E107010B
:10C380004851E840E840E8401F0B010B07E145EC4D
:10C3900069F00050011002E1000E01D0010E07010A
:10C3A000476F06018351010B0701475D08E0070154
:10C3B000475106018391E8B08381060183830A0116
:10C3C000A65101E0C1D00A01A95101E0BDD00A0186
:10C3D000AC5101E0B9D00A01AF5101E0B5D00A017A
:10C3E000B25101E0B1D00A01B55101E0ADD00A016E
:10C3F000B85101E0A9D00A01BB5101E0A5D00A0162
:10C40000BE5101E0A1D00A01C15101E09DD00A0155
:10C41000C45101E099D00A01C75101E095D00A0149
:10C42000CA5101E091D00A01CD5101E08DD00A013D
:10C43000D05101E089D00A01D35101E085D00A0131
:10C44000D65101E081D00A01D95101E07DD00A0125
:10C45000DC5101E079D00A01DF5176E10A01E251B5
:10C4600073E10A01E55170E10A01E8516DE10A0149
:10C47000EB516AE10A01EE5167E10A01F15164E111
:10C480000A01F45161E10A01F7515EE10A01FA5132
:10C490005BE10A01FD5158E10B01015155E10B012E
:10C4A000045152E10B010B010651020B4DE10B014E
:10C4B0000B010951020B48E10B010B010C51020B5E
:10C4C00043E10B010B010F51020B3EE10B010B018C
:10C4D0000751020B39E10B010B010A51020B34E148
:10C4E0000B010B010D51020B2FE10B010B01105140
:10C4F000020B2AE10B010B011B51020B25E10B0181
:10C500000B011C51020B20E10B010B011A51020B14
:10C510001BE10B010B011D51020B16E10B010B017D
:10C520002951020B11E10B010B012A51020B0CE105
:10C530000B010B012851020B07E10B010B012B51E1
:10C54000020B02E1000E01D0010E0601876F070108
:10C55000466B06010601855107014691010B01E07A
:10C56000468106010601845107014693010B01E053
:10C57000468306010601865107014695010B01E03D
:10C58000468516CADFFF010E17CADBFF020E18CA66
:10C59000DBFF030E19CADBFF0B013551020B01E073
:10C5A000010EADEC68F0010E1F0B03E03CEC68F0EF
:10C5B000FDE121EC68F00B013651020B01E0010EA8
:10C5C000ADEC68F0020E1F0B03E03CEC68F0FDE1FF
:10C5D00021EC68F00B013751020B01E0010EADECCC
:10C5E00068F0030E1F0B03E03CEC68F0FDE121EC6A
:10C5F00068F00B013851020B01E0010EADEC68F060
:10C60000040E1F0B03E03CEC68F0FDE121EC68F048
:10C61000020E0801625D0FE106018351020B01E089
:10C62000010EADEC68F0050E1F0B03E03CEC68F06A
:10C63000FDE121EC68F006018551020B01E0010EDD
:10C64000ADEC68F0060E1F0B03E03CEC68F0FDE17A
:10C6500021EC68F006018451020B01E0010EADEC03
:10C6600068F0070E1F0B03E03CEC68F0FDE121ECE5
:10C6700068F0E1C600F0B4EC69F0080E1F0B03E0AF
:10C680003CEC68F0FDE121EC68F00601E16BE2C6EC
:10C6900000F0B4EC69F0090E1F0B03E03CEC68F00D
:10C6A000FDE121EC68F00601E26B45EC69F0026AFD
:10C6B000036A060E1F0B03E03CEC68F0FDE121EC81
:10C6C00068F0070146510801705D07E046C770F841
:10C6D000010EE66E4D0E1CEC68F094EC68F00A0159
:10C6E0001651EE180BE10A011751EE1807E10A0185
:10C6F0001851EE1803E10A011951EE1810E0DFCFCE
:10C7000016FA010EDBCF17FA020EDBCF18FA030E72
:10C71000DBCF19FA010EE66E980E1CEC68F0040EE1
:10C72000E15C02E2E16AE5525AEF68F083ECA1F0C5
:10C730000601839306018493060185939D0EE66EA0
:10C74000E66AA8EC22F0E552E55212008FEC68F0A0
:10C75000020EE12608016F5101E17FD00301B551BE
:10C760000901BF5D07E0B5C3BFF9010EE66E210EFA
:10C770001CEC68F00301B6510A01045D07E0B6C382
:10C7800004FA010EE66E8B0E1CEC68F00301B75143
:10C790000901CD5D07E0B7C3CDF9010EE66E2B0EA2
:10C7A0001CEC68F00301B8510A01055D07E0B8C34D
:10C7B00005FA010EE66E8C0E1CEC68F00301B9510F
:10C7C0000901D05D07E0B9C3D0F9010EE66E310E64
:10C7D0001CEC68F00301BA510A01065D07E0BAC318
:10C7E00006FA010EE66E8D0E1CEC68F0BEC334F046
:10C7F000BFC335F0C0C336F0C1C337F094EC69F065
:10C800000DE0BEC3C9F9BFC3CAF9C0C3CBF9C1C3E8
:10C81000CCF9010EE66E260E1CEC68F0C2C334F0B3
:10C82000C3C335F0C4C336F0C5C337F0FAC92FF01F
:10C83000FBC930F0FCC931F0FDC932F0CAEC68F038
:10C840000CE0C2C3FAF9C3C3FBF9C4C3FCF9C5C306
:10C85000FDF9010EE66E890EEFDBBBC33AFBBCC3EC
:10C8600045FBBDC350FB010EDB6A0301BD15DF6E46
:10C87000DECF67FBDDCF68FB0301BD417F0B010B02
:10C88000DF6EDECF6CFBDDCF6DFB0301BD51E840F9
:10C89000E8403F0B010BDF6EDECF71FBDDCF72FB9B
:10C8A0000301BD51E840E840E8401F0B010BDF6E7B
:10C8B000DECF76FBDDCF77FB0301BD390F0B010B1C
:10C8C000DF6EDECF7BFBDDCF7CFB0301BD51E00BD8
:10C8D000E838E840010BDF6EDECF80FBDDCF81FB67
:10C8E000060EBDC3E7FF070B04E0E742E79EE8063C
:10C8F000FCE1E750010BDF6EDECF85FBDDCF86FB71
:10C900000301BD45010B010BDF6EDECF8AFBDDCFDE
:10C910008BFB020EE15C02E2E16AE552CBD3080137
:10C920006F5176E00901BF510301B55D05E0BFC954
:10C93000B5F30601010E6A6F0A0104510301B65DE9
:10C9400005E004CAB6F30601010E6A6F0901CD5174
:10C950000301B75D05E0CDC9B7F30601010E6A6FAB
:10C960000A0105510301B85D05E005CAB8F30601E7
:10C97000010E6A6F0901D0510301B95D05E0D0C90C
:10C98000B9F30601010E6A6F0A0106510301BA5D8F
:10C9900005E006CABAF30601010E6A6FC9C934F090
:10C9A000CAC935F0CBC936F0CCC937F0BEC32FF0B9
:10C9B000BFC330F0C0C331F0C1C332F0EBDB0BE0DA
:10C9C000C9C9BEF3CAC9BFF3CBC9C0F3CCC9C1F34F
:10C9D0000601010E6A6FFAC934F0FBC935F0FCC9D3
:10C9E00036F0FDC937F0C2C32FF0C3C330F0C4C363
:10C9F00031F0C5C332F0CEDB0BE0FAC9C2F3FBC99C
:10CA0000C3F3FCC9C4F3FDC9C5F30601010E6A6F87
:10CA10000B013A510301BB5D05E03ACBBBF30601C4
:10CA2000010E6A6F0B0145510301BC5D05E045CB6A
:10CA3000BCF30601010E6A6F0B0150510301BD5D8D
:10CA400005E050CBBDF30601010E6A6F120067DBF3
:10CA50001F0EE1260A0EE1260EEC23F014DBB9DBF3
:10CA6000040E04C0DBFF050E05C0DBFF060E06C08A
:10CA7000DBFF070E07C0DBFF080E08C0DBFF090E57
:10CA800009C0DBFF0A0EE12626EC23F0FCDA0A0ED1
:10CA900000C0DBFF0B0E01C0DBFF0C0E02C0DBFF92
:10CAA0000D0E03C0DBFF0E0E04C0DBFF0F0E05C032
:10CAB000DBFF100E06C0DBFF110E07C0DBFF120EFE
:10CAC00008C0DBFF130E09C0DBFF0A0EE1263EECB7
:10CAD00023F0D9DA140E00C0DBFF150E01C0DBFF16
:10CAE000160E02C0DBFF170E03C0DBFF180E04C0DA
:10CAF000DBFF190E05C0DBFF1A0E06C0DBFF1B0EA5
:10CB000007C0DBFF1C0E08C0DBFF1D0E09C0DBFFEA
:10CB100056EC23F0E76E1E0EE7CFDBFF09019451C0
:10CB200001E179D0070EDB500901965D07E0070EA1
:10CB3000DBCF96F9010EE66E0A0E7EDA080EDB50A8
:10CB40000901975D07E0080EDBCF97F9010EE66E4D
:10CB50000B0E72DA090EDB500901985D07E0090E31
:10CB6000DBCF98F9010EE66E0C0E66DA110EDB5083
:10CB70000901995D07E0110EDBCF99F9010EE66E10
:10CB80000D0E5ADA120EDB5009019A5D07E0120E03
:10CB9000DBCF9AF9010EE66E0E0E4EDA130EDB5065
:10CBA00009019B5D07E0130EDBCF9BF9010EE66EDA
:10CBB0000F0E42DA1B0EDB5009019C5D07E01B0ED5
:10CBC000DBCF9CF9010EE66E100E36DA1C0EDB5040
:10CBD00009019D5D07E01C0EDBCF9DF9010EE66E9D
:10CBE000110E2ADA1D0EDB5009019E5D07E01D0EB5
:10CBF000DBCF9EF9010EE66E120E1EDA1E0EDB5022
:10CC00000901955D26E01E0EDBCF95F9010EE66E5B
:10CC1000090E12DA1ED0070EDBCF96F9080EDBCF15
:10CC200097F9090EDBCF98F9110EDBCF99F9120EA7
:10CC3000DBCF9AF9130EDBCF9BF91B0EDBCF9CF9F0
:10CC40001C0EDBCF9DF91D0EDBCF9EF91E0EDBCF38
:10CC500095F91F0EE15C02E2E16AE5522BD25FDA40
:10CC6000030EE126930EE66E060EE66EA8ECB2F019
:10CC7000E552E5522FC0DFFF010E30C0DBFF020E90
:10CC800031C0DBFF51DAEE500601885DEE5006013F
:10CC90008959EE5006018A592BE2DFCF88F6010E42
:10CCA000DBCF89F6020EDBCF8AF688C600F089C694
:10CCB00001F08AC602F0036A09019F5100180BE1D6
:10CCC0000901A051011807E10901A151021803E16E
:10CCD0000901A25103180CE088C69FF989C6A0F982
:10CCE0008AC6A1F90901A26B010EE66E130EA4D942
:10CCF00007012A6B2B6B2C6B930EE66E060ED7DAB0
:10CD0000030EE15C02E2E16AE552D4D14CDB090199
:10CD1000CD510BE0010A09E00901CD0506E009014A
:10CD2000010ECD6FE66E2B0E87D90A0105510BE07F
:10CD3000010A09E00A01050506E00A01010E056F76
:10CD4000E66E8C0E79D90901CD511AE1010E090167
:10CD5000D05D07E20901D00513E00901010ED06F93
:10CD60000CD00901D05103080BE2030E0901D05D7C
:10CD700007E00901030ED06F010EE66E310E5CD99B
:10CD80000A0105511AE1010E0A01065D07E20A01D6
:10CD9000060513E00A01010E066F0CD00A010651C8
:10CDA00003080BE2030E0A01065D07E00A01030E09
:10CDB000066F010EE66E8D0E3FD9C9C9DFFF010E69
:10CDC000CAC9DBFF020ECBC9DBFF030ECCC9DBFFF8
:10CDD000D9CFE6FFDACFE6FF5AECB4F0E552E552E0
:10CDE000A3D9CDDAEFCF03F000C034F001C035F0A5
:10CDF00002C036F003C037F097DA0FE0DFCFC9F991
:10CE0000010EDBCFCAF9020EDBCFCBF9030EDBCF6D
:10CE1000CCF9010EE66E260E0FD9040EE15C02E29B
:10CE2000E16AE55247D17BD9020EE126010E0801E5
:10CE300073150601975D0AE109014251060198192F
:10CE400004E109014351060199193FE043C900F08B
:10CE5000016A0050DF6E09014251E76E010EE7CF13
:10CE6000DBFF320E66D9330E64D9340E62D98E0ED2
:10CE700060D98F0E5ED9900E5CD9080173A125D0C0
:10CE80006B0E1DD9320E20D96C0E19D9330E1CD958
:10CE90006D0E15D9340E18D9C70E11D98E0E14D9AE
:10CEA000C80E0DD98F0E10D9C90E09D9900E0CD904
:10CEB00055DA6B0EDED86C0EDCD86D0EDAD8C70EE4
:10CEC000D8D8C80ED6D8C90E3DDA42C998F643C99B
:10CED00099F6010E080173150601976F080173B1E9
:10CEE00002D059EC1AF0020EE15C02E2E16AE5526E
:10CEF000E1D0E66A030EE66EADEC1FF0E552E552B6
:10CF000012000DD90C0EE12606018C5107E1060135
:10CF10008D5133E0010EC6D812082FE1010EDE6EEE
:10CF2000030EDD6EFC0EDB50E76E020EE7CFDBFF7B
:10CF3000010EF36E030EF3CFDBFF070EE66EE66A1B
:10CF4000FD0EDBCFE6FFFE0EDBCFE6FFD950040F70
:10CF5000E66E000EDA20E66E41ECB8F0006E060ECA
:10CF6000E15E0050E1D852D951D9EECFE6FFB7ECDF
:10CF70001FF0006E0B0EE15E0050010E93D8090801
:10CF800046E19BD9C00B43E198D93F0BE76E0B0EEE
:10CF9000E7CFDBFF020E86D83F0B010838E141D90D
:10CFA00006010601815100140601816F0601060188
:10CFB000825101140601826F030E74D86FD905E007
:10CFC000D89000360136E804FBE1005006018113D9
:10CFD00001500601821325D9060106017F51001474
:10CFE00006017F6F06010601805101140601806F62
:10CFF000040E58D853D905E0D89000360136E8041D
:10D00000FBE1005006017F130150060180130C0E56
:10D01000E15C02E2E16AE5524DD021D99AD86B0E6B
:10D02000E66E060EACD86E0EE66E060EA8D8710E31
:10D03000E66E060EBFEF68F0E66EE66AEDEC9CF079
:10D04000B9D10050DE120150DE120250DE12035040
:10D05000DD12DD52DD52120087ECBCF0E552006EAD
:10D06000060EDBCFE7FF0050E712060EE7CFDBFF2F
:10D07000120068D9AEEF69F0D8900036013602365A
:10D080000336E80612007BD9EECF03F071D9EECF5C
:10D0900007F0EECF08F0EECF09F00A6E0A0EE15E5F
:10D0A0000A501200E76E72D9E750E926000EEA2214
:10D0B000EF501200E16EE552E7CFD9FF1200E66EA5
:10D0C0000B0EE66EAEEF69F0E66EE66A59EC23F001
:10D0D000006E060EE15E00501200DC0E006E600E67
:10D0E000016E010E026EDFCF03F0046A056A005084
:10D0F0000324F36E01500420F46E02500520F86EF4
:10D10000F4CFF7FFF3CFF6FF0800010EF5CFDBFFFA
:10D110001200E66E1CEC7FF0E55200091200D9CF38
:10D12000E6FFE1CFD9FF1200D9CFE9FFDACFEAFF5E
:10D130001200E66EE66A28EC29F0E552E55212008C
:10D1400025C734F026C735F027C736F028C737F093
:10D150001200780EE66E060E20D1006EB4EF69F074
:10D16000E66E900EE66E060E9EEF69F02FC000F0A0
:10D1700030C001F031C002F032C003F01200E66EA0
:10D180002AECB7F0E552E55212004AEC7FF0E55286
:10D19000000912007BEC95F0010A12000701100E45
:10D1A000346F0E0E356F6E0EE66E060EE66E07ECF1
:10D1B000B7F0E552E552120044EC95F02EC0DEFFC8
:10D1C0002FC0DEFF30C0DEFF31C0DDFFDD52DD529B
:10D1D000120000C0DFFF010E01C0DBFF020E02C023
:10D1E000DBFF030E03C0DBFF1200EE26000EEE2273
:10D1F000EE22EE2212009BEC93F02FC042F730C0DB
:10D2000043F731C044F732C045F71200EECFE6FFD6
:10D21000EECFE6FFEECFE6FFEECFE6FFEECFE6FF86
:10D2200012000B0EDB50D8ECBDF0F3CF00F0F4CFC2
:10D2300001F0001E011E1200376E42C72FF043C7D7
:10D2400030F044C731F045C732F0120025C72FF047
:10D2500026C730F027C731F028C732F01200740E0D
:10D26000E66E060E9AD050C800F051C801F052C8C0
:10D2700002F053C803F012002FC004F030C005F0D4
:10D2800031C006F032C007F01200F00E0601811521
:10D29000006EFF0E06018215016E1200026E036A17
:10D2A0000B0EDB5002C000F003C001F01200E66E6E
:10D2B0001CECB2F0E552E552120068D8EF501200B3
:10D2C0000701200E2A6F4E0E2B6F2C6B1200E552B9
:10D2D0000601010E6A6F1200C1C92FF0C2C930F0F9
:10D2E000C3C931F0C4C932F0CAEF68F000CA2FF0E8
:10D2F00001CA30F002CA31F003CA32F0CAEF68F056
:10D3000012CA2FF013CA30F014CA31F015CA32F025
:10D31000CAEF68F0F2C92FF0F3C930F0F4C931F068
:10D32000F5C932F0CAEF68F0C9C92FF0CAC930F0A8
:10D33000CBC931F0CCC932F0CAEF68F0E66E79ECB7
:10D340001EF038D0E66E0B0EE66EB3EC34F0E5520C
:10D3500031D0010EDBCFE6FFC5EF68F0010EDBCF69
:10D36000E6FFDFCFE6FF1200016A026A036A1200DD
:10D37000EECF04F0EECF05F0EECF06F01200EECFC8
:10D3800000F0EECF01F0EECF02F01200FD0EDBCF89
:10D39000E9FFFE0EDBCFEAFF1200E66E50ECB2F0C2
:10D3A000E552E5521200BBDE040EE1261200E66EE5
:10D3B0002CEF68F0E552E552E55212000A012E6B9F
:10D3C0002F6B0A01516B526B0A01306B316B326B60
:10D3D0000A01010E336F0A01536B546B556B0A013E
:10D3E000566F0A01346B356B366B0A01376F0A01D1
:10D3F000576B586B596B0A015A6F0A01386B396BBE
:10D400003A6B0A013B6F0A015B6B5C6B5D6B0A0157
:10D410005E6F0A013C6B3D6B3E6B0A013F6F0A0178
:10D420005F6B606B616B0A01626F0A01406F0A01FA
:10D43000636F0A01416B0A01646B0A01426B0A01C6
:10D44000656B0A01436B0A01446B0A01456B0A01D3
:10D45000666B0A01676B0A01686B0A01466B476BD2
:10D46000486B496B0A01696B6A6B6B6B6C6B0A01E9
:10D470004A6B4B6B4C6B4D6B0A016D6B6E6B6F6B3C
:10D48000706B120070EC77F0200EE126B9EC7AF0A8
:10D490002AECB7F06CEC78F02AECB7F0E552E552E4
:10D4A000300EE66E0A0E51EC7AF0530EE66E0A0E5E
:10D4B00051EC7AF0340EE66E0A0E51EC7AF0570E0B
:10D4C000E66E0A0E51EC7AF03C0EE66E0A0E51EC56
:10D4D0007AF05F0EE66E0A0E51EC7AF0380EE66EC8
:10D4E0000A0E51EC7AF05B0EE66E0A0E51EC7AF001
:10D4F0006ADA030E17CBDBFF040E18CBDBFF050E39
:10D5000019CBDBFF14CBDFFF010E15CBDBFF020EC7
:10D5100016CBDBFFD8EC78F0020B02E0EF8201D0F3
:10D52000EF92D8EC78F0010B02E0EF8001D0EF90A1
:10D5300011EC79F001E0010ED3EC77F00B010B0157
:10D540001D51020B02E0EF8201D0EF929CEC7AF0C9
:10D550000B010B011D51010B02E0EF8001D0EF9098
:10D56000B1EC78F00B010B011C51020B02E0EF82D1
:10D5700001D0EF92B1EC78F00B010B011C51010BC3
:10D5800002E0EF8001D0EF90B4EC78F00B010B01DA
:10D590001B51020B02E0EF8201D0EF92B4EC78F065
:10D5A0000B010B011B51010B02E0EF8001D0EF904A
:10D5B0000B0EDB6A0C0EDB6A040EF4EC78F006E16D
:10D5C000040EFAEC78F002E1000E01D0010E5DECE1
:10D5D00079F07AEC78F092EC77F094EC78F04E0EEB
:10D5E000E66E030EDBCFE6FFE66A9FEC7AF04E0EA6
:10D5F00021EC79F09FEC7AF04E0E28EC79F09FEC5C
:10D600007AF04C0EE66EDFCFE6FFE66A140EE66EA9
:10D610000B0E8DEC77F04C0EE66E010E54EC7AF0AA
:10D620004C0EE66E020E54EC7AF01ECB00F01FCBCF
:10D6300001F00B0EDB50001803E10C0EDB5001185B
:10D640000BE00B0EDBCF1EFB0C0EDBCF1FFB580ECF
:10D65000E66EF5EC7EF0E552140EDB500901BF5D7D
:10D6600002E05CEC7AF0150EDB500901CD5D02E0C2
:10D6700064EC7AF0160EDB500901D05D02E06CEC30
:10D680007AF0AFEC79F09DEC78F002E0D8EC79F02C
:10D69000BBEC79F0A7EC78F004E04CEC78F06DECA2
:10D6A00077F0030E25CBDBFF040E26CBDBFF050E48
:10D6B00027CBDBFF22CBDFFF010E23CBDBFF020EEC
:10D6C00024CBDBFFDDEC78F0020B02E0EF8201D02F
:10D6D000EF92DDEC78F0010B02E0EF8001D0EF90EB
:10D6E00011EC79F001E0010ED3EC77F00B010B01A6
:10D6F0002B51020B02E0EF8201D0EF929CEC7AF00A
:10D700000B010B012B51010B02E0EF8001D0EF90D8
:10D71000B1EC78F00B010B012A51020B02E0EF8211
:10D7200001D0EF92B1EC78F00B010B012A51010B03
:10D7300002E0EF8001D0EF90B4EC78F00B010B0128
:10D740002951020B02E0EF8201D0EF92B4EC78F0A5
:10D750000B010B012951010B02E0EF8001D0EF908A
:10D760000B0EDB6A0C0EDB6A080173B34AD00E0E97
:10D7700096CADBFF0F0E97CADBFF100E98CADBFFBD
:10D78000110E99CADBFF050EF4EC78F006E1050EE8
:10D79000FAEC78F002E1000E01D0010E5DEC79F0B8
:10D7A000D950120FE96EDACFEAFF090EEE6E070EBE
:10D7B000ED6E140E04CADBFF150E05CADBFF160E54
:10D7C00006CADBFF170E07CADBFF180EFAC9DBFF1C
:10D7D000190EFBC9DBFF1A0EFCC9DBFF1B0EFDC9CE
:10D7E000DBFF1C0EF6C9DBFF1D0EF7C9DBFF1E0EAB
:10D7F000F8C9DBFF1F0EF9C9DBFF4E0EE66E0A0EFD
:10D8000011D07AEC78F0040EF4EC78F006E1040E16
:10D81000FAEC78F002E1000E01D0010E5DEC79F037
:10D8200092EC77F094EC78F04F0EE66E030EDBCFBF
:10D83000E6FFE66AA4EC7AF04F0E21EC79F0A4EC56
:10D840007AF04F0E28EC79F0A4EC7AF04D0EE66EEB
:10D85000DFCFE6FFE66A220EE66E0B0E8DEC77F068
:10D860004D0EE66E010E74EC7AF04D0EE66E020E71
:10D8700074EC7AF02CCB00F02DCB01F00B0EDB50CA
:10D88000001803E10C0EDB5001180BE00B0EDBCF90
:10D890002CFB0C0EDBCF2DFB590EE66EF5EC7EF06B
:10D8A000E552080173B362D0140EDB500A01045D27
:10D8B00008E0140EDBCF04FA010EE66E8B0E6DEC61
:10D8C00077F0150EDB500A01055D08E0150EDBCF81
:10D8D00005FA010EE66E8C0E6DEC77F0160EDB503D
:10D8E0000A01065D08E0160EDBCF06FA010EE66EB1
:10D8F0008D0E6DEC77F0AFEC79F0FAC92FF0FBC923
:10D9000030F0FCC931F0FDC932F0C9EC7AF011E019
:10D91000180EDBCFFAF9190EDBCFFBF91A0EDBCFAD
:10D92000FCF91B0EDBCFFDF9010EE66E890E6DECE6
:10D9300077F0BBEC79F0F6C92FF0F7C930F0F8C9F1
:10D9400031F0F9C932F0C9EC7AF035E01C0EDBCFCA
:10D95000F6F91D0EDBCFF7F91E0EDBCFF8F91F0E1F
:10D96000DBCFF9F9010EE66E880E23D0140EDB50E2
:10D970000901BF5D02E05CEC7AF0150EDB50090195
:10D98000CD5D02E064EC7AF0160EDB500901D05D4B
:10D9900002E06CEC7AF0AFEC79F09DEC78F002E00C
:10D9A000D8EC79F0BBEC79F0A7EC78F004E04CEC23
:10D9B00078F06DEC77F0200EE15C02E2E16AE5526E
:10D9C000E16E75EF77F04A0E15EC79F00DE04A0E36
:10D9D0002FEC79F0B9EC7AF004EC76F06CEC78F09E
:10D9E00004EC76F0E552E5523B0E15EC79F01BE0C5
:10D9F0003B0E2FEC79F0080169510BE0B9EC7AF09D
:10DA00001BEC76F06CEC78F01BEC76F0E552E5520E
:10DA10001200B9EC7AF015EC76F06CEC78F015ECBD
:10DA200076F0E552E552120070EC77F0030EE12635
:10DA30005FEC77F06CEC75F010EC7AF0050E0018E6
:10DA400001E1015049E0040E001801E1015040E0FD
:10DA5000030E001801E1015037E0010E001801E14A
:10DA600001501AE0020E001801E1015015E00050CB
:10DA700039E1015037E108016D5105E0A8EC79F07A
:10DA80000FEC76F031D00801695103E0E2EC78F058
:10DA90002BD0E5EC78F028D05FEC77F0C2EC75F095
:10DAA00010EC7AF0020E001801E1015009E0010EBD
:10DAB00000181CE101501AE15FEC77F0B2D80FD0EA
:10DAC0005FEC77F0FBD80BD05FEC77F053DA07D040
:10DAD0005FEC77F030DB03D05FEC77F046DBE552AC
:10DAE000E55202D005EC78F0E552E5522EEC7BF0E1
:10DAF00068E008016D5165E1060184A104D0800E43
:10DB0000DE6EDD6A03D0DE6A800EDD6E09EC7AF02F
:10DB1000EF0407E1400ECEEC78F000C0DEFF01C05C
:10DB2000DDFF4BEC77F0050E81EC7BF003E019ECA8
:10DB30007BF004E044EC77F0160E03D044EC77F071
:10DB4000170E52EC77F0020EEFCFDBFFDB50030A2B
:10DB500019E0010A0EE0030A03E0010A28E127D0D8
:10DB600019EC7BF004E000EC79F0080E11D0080EFF
:10DB700012D019EC7BF004E000EC79F0100E08D024
:10DB8000100E09D019EC7BF005E000EC79F0200EC6
:10DB9000011203D0200ECEEC78F044EC77F00B0E9F
:10DBA00052EC77F000C0EEFF01C0EDFF10D044EC66
:10DBB00077F00B0E52EC77F0DECFEEFFDDCFEDFF0E
:10DBC00006D044EC77F00B0EEB6A0C0EEB6A44ECDB
:10DBD00077F00D0E74EC79F007E008016D5104E167
:10DBE0001DEC7BF0300E14D0A9EC7AF0CAEC77F083
:10DBF00025C734F026C735F027C736F028C737F0D9
:10DC000019EC78F0C9EC7AF004E11DEC7BF0310EF0
:10DC1000EF6E030EE15C02E2E16AE552E16E75EF40
:10DC200077F0BEEC7AF008015F5113E0A9EC7AF0CE
:10DC300063EC78F0346A356A900E366E410E376EBA
:10DC4000E8EC78F0EEEC93F0B7EC78F036EC79F0A5
:10DC50000ED0A9EC7AF008EC78F0346A356A200E20
:10DC6000366E410E376E7CEC7AF0EEEC93F0F4EC0D
:10DC700079F02FC0E6FF30C0E6FF31C0E6FF32C0CA
:10DC8000E6FF3DECBAF07BEC79F06CEC79F08CECD3
:10DC90007BF001E0010E006E8FEC7BF001E0010EE5
:10DCA000001004E0E2EC78F0E552E552020EE15C8F
:10DCB00002E2E16AE552E16E75EF77F070EC77F021
:10DCC0000E0EE126020EDB6A030EDB6A040EDB6A2F
:10DCD000050EDB6A4BEC77F01B0ECBEC79F0C9EC50
:10DCE0007AF00AE044EC77F0180E23EC7BF037EC86
:10DCF0007AF01F0EC2EC7AF008015F5110E0860E38
:10DD0000F36E060EF3CFDBFF380EF36E070EF3CF84
:10DD1000DBFF0E0EF36E080EF3CFDBFF06D0060E10
:10DD2000DB6A070EDB6A080EDB6A3F0EF36E090E34
:10DD3000F3CFDBFFECEC7AF0DFEC7AF0090E74EC59
:10DD400079F0020B01E0010E001423E0060EDBCF98
:10DD500000F0070EDBCF01F0080EDBCF02F0090E5A
:10DD6000DBCF03F0346A356A800E366EBF0E376E35
:10DD700019EC78F0EEEC93F0020E2FC0DBFF030EEF
:10DD800030C0DBFF040E31C0DBFF050E32C0DBFF0D
:10DD900016D0E8EC7AF0DFEC7AF0080E74EC79F04B
:10DDA000020B01E0010E001412E00DEC7AF03CECE5
:10DDB00079F0040EEECFDBFF050EEECFDBFF07019F
:10DDC000346F356B62EC7BF007ECB7F008D03BECBE
:10DDD0007AF007E00801695104E1E5EC78F0E552DA
:10DDE000E552020EDBCF00F0030EDBCF01F0040E94
:10DDF000DBCF02F0050EDBCF03F04BEC77F01F0E0C
:10DE000052EC77F0EECF2FF0EECF30F0EECF31F0D6
:10DE1000EFCF32F085EC7AF005EC93F032C0EDFFF5
:10DE200031C0EDFF30C0EDFF2FC0EFFF4BEC77F0BE
:10DE30001F0E23EC7BF09CEC79F05AECB4F0E55229
:10DE4000E5524BEC77F01B0E3EEC7BF0C2EC7AF027
:10DE5000020E0801651504E0010E0801651502E0D7
:10DE6000000E01D0010EE66E4BEC77F01F0E9CEC1D
:10DE700079F067ECB4F0E552E552E552C2EC78F087
:10DE80004BEC77F01F0ECBEC79F004EC93F00A0E1C
:10DE90002FC0DBFF0B0E30C0DBFF0C0E31C0DBFFF1
:10DEA0000D0E32C0DBFF08015F512EE0ADEC7AF0C1
:10DEB00063EC78F00A0EDBCF0CF00B0EDBCF0DF02D
:10DEC0000C0EDBCF0EF00D0EDBCF0FF00CC034F0DC
:10DED0000DC035F00EC036F00FC037F0E8EC78F02A
:10DEE00005EC93F0B7EC78F0900E366E410E376E7D
:10DEF000EEEC93F0F4EC79F0346A356A36EC79F0B4
:10DF000043EC79F00A0E1BD0ADEC7AF008EC78F017
:10DF10000A0EDBCF08F00B0EDBCF09F00C0EDBCFC7
:10DF20000AF00D0EDBCF0BF0F1EC77F0200E366E21
:10DF3000410E376EEEEC93F043EC79F0050EE66E91
:10DF4000E66A66EC7BF0A2EC76F07BEC79F00801F7
:10DF5000695103E06CEC79F005D0D0EC7AF0EF6E0B
:10DF6000EDEC79F00E0EE15C02E2E16AE552E16E61
:10DF700075EF77F070EC77F0FDEC79F003E13BECB6
:10DF80007AF005E005EC78F0E552E552D2D08FEC5E
:10DF90007BF00BE18CEC7BF008E1F8EC7AF0020B03
:10DFA00004E108EC7BF0020B06E062EC79F062EC35
:10DFB0007BF00CEC79F04BEC77F0160E74EC79F00A
:10DFC00057E08CEC7BF004E0E8EC7AF0010B02E126
:10DFD000000E01D0010E006E8FEC7BF004E0ECEC43
:10DFE0007AF0010B02E1000E01D0010E001005E0F5
:10DFF00011EC78F0DCDAE3EC7AF0E8EC7AF0DFECC4
:10E000007AF0090E74EC79F0010B001009E0A8EC2D
:10E0100079F011EC78F01DDB006E070EE15E005028
:10E0200008EC7BF0020B09E008EC7BF0010B05E04B
:10E0300011EC78F0B6DAE3EC7AF03EEC7AF00CE032
:10E0400071CAE6FFFFC1E6FF54DBE552E5524BEC37
:10E0500077F073EC7BF0EF6A71CAE6FFFFC1E6FF71
:10E0600002EC7AF049D914EC7BF06CEC79F061D0D9
:10E070008FEC7BF00DE0ECEC7AF0010B09E0010194
:10E08000FF5103E00101FF0703D00101110EFF6FF3
:10E090008CEC7BF00FE0E8EC7AF0010B0BE0010177
:10E0A000FF2B120E006E366EFFC131F0BEECBDF0DC
:10E0B0002DC0FFF1F8EC7AF0020B22E0F8EC7AF0D8
:10E0C000010B1EE110EC7BF01BE14BEC77F073ECE5
:10E0D0007BF0010EEF6E9FEC79F0110E00EC7BF0FF
:10E0E0009FEC79F00D0E00EC7BF0710EE66E0A0EDF
:10E0F000E66EFFC1E6FFD1EC74F0E552E552E55261
:10E1000044EC77F0500EEF6E0101FF51E66EE66AC7
:10E1100029EC7BF0E552E750EF6E0101FF51E66E0E
:10E12000E66AF0EC7AF0EF6EFCEC7AF0EF6AEDEC78
:10E1300079F075EF77F070EC77F06CEC79F00CEC2F
:10E140007BF02E0E67EC79F0200EEF6EFDEC79F08F
:10E1500003E0F1EC78F005D008016D5104E105EC25
:10E1600078F0E552E55275EF77F070EC77F06CECF3
:10E1700079F003EC7BF00CE0030A06E0010A0DE104
:10E1800044EC77F0030E07D044EC77F0040E03D094
:10E1900044EC77F0050E6BEC7BF08CEC7BF021E02F
:10E1A000E8EC7AF0010B1DE003EC7BF012E0030ACF
:10E1B00009E0010A16E143EC7AF01A0EC7EC79F097
:10E1C0001A0E0DD043EC7AF0190EC7EC79F0190E47
:10E1D00006D043EC7AF0180EC7EC79F0180E76EC06
:10E1E0007BF08FEC7BF021E0ECEC7AF0010B1DE092
:10E1F00003EC7BF012E0030A09E0010A16E1B1EC3E
:10E200007AF01A0EC7EC79F01A0E0DD0B1EC7AF054
:10E21000190EC7EC79F0190E06D0B1EC7AF0180E91
:10E22000C7EC79F0180E76EC7BF04BEC77F01A0E19
:10E2300070EC7BF0E552E750EF6E4BEC77F0190E87
:10E2400070EC7BF0EE52E552E750EF6E4BEC77F05E
:10E25000180E70EC7BF0020E76EC7BF03EEC7AF060
:10E260003FE003EC7BF00BE0020A02E0010A32E13E
:10E270004BEC77F0170E52EC77F0EF2A31D0D3EC5D
:10E280007AF04BEC77F0190E74EC79F00A0DF3503C
:10E29000046E056A4BEC77F01A0E74EC79F0640D9D
:10E2A000F3500424026EF4500520036E4BEC77F01B
:10E2B000180E74EC79F00224006E000E0320016E3B
:10E2C0000901F051001808E1F151011805E1F1ECE4
:10E2D00078F004D0D3EC7AF005EC78F0E552E55212
:10E2E000FDEC79F003E13BEC7AF004E005EC78F02A
:10E2F000E552E55275EF77F0BEEC7AF0FC0EDB509C
:10E300000F0A01E143D11F0A01E140D1010A01E1F5
:10E310003DD11F0A01E125D1030A01E118D1010A0B
:10E3200001E111D1070A01E1E8D0010A01E1C2D0FF
:10E33000030A01E1A4D0010A01E18DD00F0A01E135
:10E3400079D0010A66E0030A5FE0010A49E0070AA2
:10E3500030E0010A16E0030A06E0010A01E019D1E3
:10E3600092EC79F00AD1FB0EDB5004E044EC77F03C
:10E37000340E03D044EC77F0320E77EC79F0200EB7
:10E3800066D0FB0EDB50020A0DE0030A04E0010A2E
:10E3900001E0FFD0BAD00CEC7BF04B0E67EC79F0CB
:10E3A000320EEBD044EC77F0560E77EC79F0440E59
:10E3B00039D0FB0EDBB00AD044EC77F04C0E77EC92
:10E3C00079F0490E67EC79F04E0ED7D044EC77F037
:10E3D000460E77EC79F0520E67EC79F0450ECDD011
:10E3E000FB0EDB5007E044EC77F0450E77EC79F05C
:10E3F000430EB3D044EC77F0530E77EC79F0540E23
:10E4000067EC79F0420EB9D0FB0EDB5001E0ACD0E6
:10E41000A1D0FB0EDB500AE044EC77F0640E77EC01
:10E4200079F0450E67EC79F0540EA7D032EC7BF012
:10E43000410E3CD0FB0EDB5004E00CEC7BF0530EA5
:10E4400006D044EC77F0540E77EC79F04E0E67EC82
:10E4500079F0500E92D0FB0EDB500AE044EC77F0DE
:10E46000480E77EC79F0650E67EC79F0610E85D097
:10E4700032EC7BF06F0E67EC79F06F0E7ED0FB0E06
:10E48000DB50020A10E0030A07E0010A01E081D034
:10E4900044EC77F0490E46D044EC77F0440E77EC2C
:10E4A00079F06F0E03D032EC7BF0610E67EC79F0FF
:10E4B000720E63D0FB0EDB50020A15E0030A09E07E
:10E4C000010A67E144EC77F0490E77EC79F0320EFF
:10E4D0002CD044EC77F0570E77EC79F0690E67ECAE
:10E4E00079F06E0E4AD044EC77F04D0E77EC79F06F
:10E4F0006F0E67EC79F0760E40D0FB0EDB50020A0F
:10E5000018E0030A0CE0010A44E144EC77F04F0EF6
:10E5100077EC79F0460E67EC79F0460E2ED044EC9D
:10E5200077F04B0E77EC79F0310E67EC79F0200E36
:10E5300024D044EC77F0520E77EC79F0610E67EC62
:10E5400079F0640E1AD0FB0EDB500EE103D0FB0E07
:10E55000DB500AE10CEC7BF04E0E67EC79F04F0ECD
:10E560000CD0FB0EDB500BE044EC77F0590E77EC4F
:10E5700079F0450E67EC79F0530EEF6E0AD00CEC93
:10E580007BF04E0E67EC79F04F0E02D092EC79F0F2
:10E59000EF6E020EE15C02E2E16AE552E16E75EFB8
:10E5A00077F070EC77F0FE0EDB5075EF77F070ECE3
:10E5B00077F0E6524BEC7BF002E0DF6805D050ECE0
:10E5C0007BF002E0010EDF6EFE0EDB500F0A30E042
:10E5D0001F0A2EE0010A2CE0130A27E00B0A25E0AF
:10E5E000030A23E0010A21E00A0A16E0020A14E005
:10E5F000070A12E0010A10E0030A0EE0010A0CE02B
:10E600000F0A0AE0040A08E0010A06E0030A04E02F
:10E610000E0A1CE13E0E0AD02EEC78F0EF5002E01C
:10E62000000E01D0010E010B0BD0020EE66E01D0E0
:10E63000E668E66ADFCFE6FF2EEC78F08EEC7AF043
:10E64000E66E2EEC78F0E552E750EF6EE55275EF8E
:10E6500077F0BEEC7AF0010EDB6A4BEC7BF00FE05A
:10E66000DF6873EC78F0110E81EC7BF008E048EC89
:10E670007AF0110E00EC7BF0DE52010EDD6E50ECF4
:10E680007BF010E0010EDF6E73EC78F00D0E81EC84
:10E690007BF008E048EC7AF00D0E00EC7BF0DE52E7
:10E6A000010EDD6E010EDB501CE0FE0EDB500F0A8A
:10E6B00009E01F0A07E0010A05E0110A12E13E0E17
:10E6C000E66E01D0E668E66A0A0EDF02F350E66EF7
:10E6D0002EEC78F0C3EC77F02EEC78F0E552E750B2
:10E6E000EF6E020EE15C02E2E16AE552E16E75EF67
:10E6F00077F070EC77F0040EE126FE0EDB50110A85
:10E7000001E11ED1010A01E100D11F0A01E1E0D0BF
:10E71000010A01E1D1D0030A01E1C2D0010A01E1FD
:10E72000B2D0070A01E1A2D0010A01E192D0030AA6
:10E7300001E182D0010A01E172D00F0A63E0010A0F
:10E7400054E0030A45E0010A36E0070A27E0010A1F
:10E7500018E0030A09E0010A01E01CD1FD0EDBCF3D
:10E76000E6FF3CEC21F015D1FD0EDB500801635DA6
:10E7700001E110D1FD0EDBCF63F8010EE66E350E20
:10E7800006D1FD0EDB5008016A5D01E103D1FD0EEB
:10E79000DBCF6AF8010EE66E3C0EF9D0FD0EDB50C1
:10E7A0000801655D01E1F6D0FD0EDBCF65F8010ED5
:10E7B000E66E370EECD0FD0EDB500801665D01E120
:10E7C000E9D0FD0EDBCF66F8010EE66E380EDFD025
:10E7D000FD0EDB500801675D01E1DCD0FD0EDBCFF3
:10E7E00067F8010EE66E390ED2D0FD0EDB5008013F
:10E7F000685D01E1CFD0FD0EDBCF68F8010EE66E5B
:10E800003A0EC5D0FD0EDB500801695D01E1C2D0B2
:10E81000FD0EDBCF69F8010EE66E3B0EB8D0FD0EA3
:10E82000DB5008016B5D01E1B5D0FD0EDBCF6BF86D
:10E83000010EE66E3E0EABD0FD0EDB500801615DB1
:10E8400001E1A8D0FD0EDBCF61F8010EE66E2E0EC1
:10E850009ED0FD0EDB500801625D01E19BD0FD0EF4
:10E86000DBCF62F8010EE66E2F0E91D0FD0EDB506D
:10E870000801645D01E18ED0FD0EDBCF64F8010E6E
:10E88000E66E360E84D0FD0EDB5008016D5D01E1B1
:10E8900081D0FD0EDBCF6DF8010EE66E4A0E77D00B
:10E8A000FD0EDB5008016E5D75E0FD0EDBCF6EF8EE
:10E8B000010EE66E4B0E6BD0FD0EDB5008016F5D56
:10E8C00069E0FD0EDBCF6FF8010EE66E4C0E5FD0F7
:10E8D000C5EC7AF0000E00C0DFFF010EDB6A020E0D
:10E8E000DB6A030EDB6A006A0168026802DB0BE187
:10E8F00009010151EE1807E109010251EE1803E187
:10E9000009010351EE1846E034D04AEC79F0080EC4
:10E910001F0B03E04FEC79F0FDE187EC78F0016A22
:10E920000268E7DA0BE109010151EE1807E109017C
:10E930000251EE1803E109010351EE182BE019D042
:10E940004AEC79F0100E1F0B03E04FEC79F0FDE17B
:10E95000DEDB0168026ACDDA0BE109010151EE1834
:10E9600007E109010251EE1803E109010351EE1814
:10E9700011E0DFCF00F9010EDBCF01F9020EDBCF92
:10E9800002F9030EDBCF03F9010EE66E680ED8EC38
:10E990007AF0E552040EE15C02E2E16AE552E16ED2
:10E9A000A4D29EDAFE0EDB50110A68E0010A63E091
:10E9B0001F0A5AE0010A54E0030A4EE0010A48E047
:10E9C000070A42E0010A3CE0030A36E0010A30E0AF
:10E9D0000F0A2AE0010A24E0030A1EE0010A18E0F7
:10E9E000070A12E0010A0CE0030A06E0010A50E1FE
:10E9F0006DDA06C5EFFF4CD069DA63C8EFFF48D087
:10EA000065DA6AC8EFFF44D061DA65C8EFFF40D02D
:10EA10005DDA66C8EFFF3CD059DA67C8EFFF38D03F
:10EA200055DA68C8EFFF34D051DA69C8EFFF30D04B
:10EA30004DDA6BC8EFFF2CD049DA61C8EFFF28D060
:10EA400045DA62C8EFFF24D041DA64C8EFFF20D076
:10EA50003DDA6DC8EFFF1CD039DA6EC8EFFF18D071
:10EA600035DA6FC8EFFF14D00068016A026A036AE2
:10EA700017EC7AF00AD001C900F003D002C900F007
:10EA8000026A036A016A026A036A20DA00C0EFFFC1
:10EA90002CD226DA10EC7BF00BE0FDD9150E74ECCD
:10EAA00079F006E1F1D9070E74EC79F0010B02E17F
:10EAB000000E01D0010E19D213DAF8EC7AF0020B35
:10EAC00007E0F8EC7AF0010B03E110EC7BF002E0D8
:10EAD000000E01D0010E09D203DAF8EC7AF0020B35
:10EAE00013E0F8EC7AF0010B0FE0D5D9150EDAD966
:10EAF000EF6A0701C00E2A6FC60E2B6F2D0E2C6F0A
:10EB0000CAD9090E00EC7BF0ECEC7AF0010B05E1C0
:10EB10009FEC79F0110E00EC7BF0E8EC7AF0010B41
:10EB200005E19FEC79F00D0E00EC7BF008016E51D1
:10EB300027E036EC7BF0020EEE1801E1ED5007E025
:10EB400036EC7BF0010EEE181BE1ED5019E19CD97B
:10EB5000060E2FEC7AF0060EB5EC7AF00A0E2FECCA
:10EB60007AF00A0EB5EC7AF0080E2FEC7AF0080E67
:10EB7000B5EC7AF0090E2FEC7AF0090E93D9EF90EC
:10EB800001DBB3D1ADD93EEC7AF00BE02EEC7BF09B
:10EB900002E0000E01D0010EE66E76D9140E76EC7E
:10EBA0007BF008EC7BF0020B27E008EC7BF0010B1C
:10EBB00023E02EEC7BF020E009EC7AF0EF0406E194
:10EBC00009EC7AF048EC7BF0160E0FD05DD973ECAF
:10EBD0007BF0EFCF00F0030E005C05E255D973EC3B
:10EBE0007BF0EF2A05D050D9150E5CD9010EEF6EDF
:10EBF000A6DB050E00EC7BF0FDEC79F004E0A8DB71
:10EC000031D8E552E55271D16BD93ED9030EEB6A8A
:10EC1000040EEB6A09EC7AF0010EEF6E66D188EC17
:10EC20007BF0040EEE6EED6A60D188EC7BF0010E95
:10EC3000EE6EED6A5AD154D9D0EC7AF0EE6EED6AF0
:10EC4000050E0701346F356B55EC7BF04ED188EC27
:10EC50007BF0030EEE6EED6A33EC7AF073EC7BF032
:10EC6000EF6A43D13DD9D5DB010EEF6E33EC7AF07C
:10EC7000030E18D9050EEE6EED6A06D9170E84EC58
:10EC80007BF0180E84EC7BF0190E84EC7BF01A0EEE
:10EC900009D9EF6A2AD124D90FDA08DBC5EC7AF05A
:10ECA000300E002422D11CD907DA2C501ED118D9DD
:10ECB000C5EC7AF0FE0EDBCF01F0640E94EC7AF036
:10ECC000F5DA0A0EC1D30CD9640EBED309D9E652C7
:10ECD000FD0EDBCFE6FFFE0EDB50E552E724DF6ED4
:10ECE000C5EC7AF000340FE3FE0EDB50D880DF5421
:10ECF00003E2FC0EDB50DF6EFC0EDB50DF5C03E258
:10ED0000FC0EDB50DF6EC5EC7AF0000EE76E0018EB
:10ED1000E8AE02D0003403D0E750D88000540FE2B0
:10ED2000FE0EDB50DF5C03E2FB0EDB50DF6EFB0E02
:10ED3000DB50D880DF5403E2FB0EDB50DF6EDF5088
:10ED4000E552D3D0BEEC7AF022DAFB0EDBCF35F001
:10ED5000FC0EDBCF36F05BEC94F0FC0EDBAE04D0A7
:10ED60002C6C2D1E000E2D222CC0DEFF2DC0DDFFD1
:10ED7000DECF00F0DDCF01F0FB0EDBCF02F0FC0EAA
:10ED8000DBCF03F0020E356E366A02C030F003C0EE
:10ED900031F05BEC94F030C002F031C003F0015070
:10EDA0003118E8AE02D0033404D00250005C0350A6
:10EDB00001580CE2FD0EDBCF02F0FE0EDBCF03F0BC
:10EDC000DE50025C006EDD50035813D0FB0EDBCF2B
:10EDD00004F0FC0EDBCF05F0DE50045C026EDD506B
:10EDE0000558036EFD0EDB500224006EFE0EDB5054
:10EDF0000320016E00C0F3FFF46E020EE15C02E23C
:10EE0000E16AE552E16E71D06BD8040EE12608018B
:10EE1000635117E082DAFCD880DA040E43D853D964
:10EE2000E0D8366A400E376E9BEC93F02FC0DEFFC1
:10EE300030C0DEFF31C0DEFF32C0DDFFDD52DD520B
:10EE400010D008016B5102E068DA05D066DA040ED2
:10EE5000E926000EEA22EECFDFFF010EEECFDBFF48
:10EE60000BDA7BDBDFCFEEFF010EDBCFEEFF020E16
:10EE7000DBCFEEFF030EDBCFEEFF040EE15C02E220
:10EE8000E16AE552E16E31D0FD0EDBCFE9FFFE0E07
:10EE9000DBCFEAFF1200FB0EDBCFE9FFFC0EDBCF7E
:10EEA000EAFF1200E926000EEA221200E9CF00F084
:10EEB000EACF01F0E9CFE6FFEACFE6FF120048DA39
:10EEC00002EF7AF0E552E5525BEF7BF0FC0EDBCF10
:10EED000E9FFFD0EDBCFEAFF12006ADBE55212000C
:10EEE000D9CFE6FFE1CFD9FF1200E552E7CFD9FF36
:10EEF000120003689CDA0050DE120150DE1202504C
:10EF0000DE120350DD12DD52DD52D9CFE9FFDACF38
:10EF1000EAFF09010051EE181200E66EDFEC7EF008
:10EF2000E3EF7AF0D950120FE96EDACFEAFF000E64
:10EF3000EE6E070EED6E140EBFC9DBFF150ECDC9C8
:10EF4000DBFF160ED0C9DBFF170ED1C9DBFF180E91
:10EF5000C9C9DBFF190ECAC9DBFF1A0ECBC9DBFF1B
:10EF60001B0ECCC9DBFF1C0EC5C9DBFF1D0EC6C9BD
:10EF7000DBFF1E0EC7C9DBFF1F0EC8C9DBFF2B0E50
:10EF8000E66E0A0E1200CADAE66E1200DBCF03F05C
:10EF900085EF7AF0EECF00F0EECF01F0EECF02F089
:10EFA000EFCF03F01200006ED950070FE96EDACFF1
:10EFB000EAFF0050010BF36EF346FD0EEF14F31061
:10EFC000EF6E2BDAEF50010B006ED950070FE96E90
:10EFD0000050010BF36EFE0EEF14F310EF6E9CEF7A
:10EFE0007AF008C034F009C035F00AC036F00BC022
:10EFF00037F082DA05EC93F0F7D9346A356A1200FB
:10F0000050ECB2F0E552E5521200A2D904EF76F0CE
:10F01000EECF04F0EECF05F0EECF06F0EFCF07F025
:10F020001200710EE66E0A0EE66EECD9FFC1E6FF25
:10F03000120000C02FF001C030F002C031F003C058
:10F0400032F0120000C0EEFF01C0EEFF02C0EEFF82
:10F0500003C0EEFF1200E8DA00091200FA0EDBCF5F
:10F06000E9FFFB0EDBCFEAFF1200E552E750EF6E3F
:10F0700066EF7BF0E552E750EF6EFB0EDBCFE6FF6D
:10F08000E66A1200EE50EFCFEAFFE96E12001CECC8
:10F09000B2F0E552E55212001C0EDBCFC5F91D0E91
:10F0A000DBCFC6F91E0EDBCFC7F91F0EDBCFC8F9C9
:10F0B000010EE66E250E120068DAFE0EDBCF01F0BF
:10F0C0000A0E94EF7AF0EECF08F0EECF09F0EECF13
:10F0D0000AF0EFCF0BF01200E552E5524E0EE66E4D
:10F0E0000A0EE66E1200F80EDBCFE9FFF90EDBCF59
:10F0F000EAFF12000E0E91CADBFF0F0E92CADBFF71
:10F10000100E93CADBFF110E94CADBFF120000C081
:10F11000DFFF010E01C0DBFF020E02C0DBFF030EAA
:10F1200003C0DBFF00681200E66ED9CFE6FFDACF3E
:10F13000E6FF14EC6DF014EF7BF0C9C92FF0CAC9DB
:10F1400030F0CBC931F0CCC932F0C9EF7AF0C5C983
:10F150002FF0C6C930F0C7C931F0C8C932F0C9EFC5
:10F160007AF0D950080F86D2D950090F83D22FC018
:10F1700004F030C005F031C006F032C007F0346A48
:10F18000356A12003FD940DEE552E5521200FD0E0D
:10F19000DBCF30F0FE0EDBCF31F01200E76E000E59
:10F1A000DFCF00F0010EDBCF01F0E75000121200BC
:10F1B00034D90B010B011A5112002FD90B010B018D
:10F1C00028511200C5D81BEF76F0C2D815EF76F0A3
:10F1D00008C02FF009C030F00AC031F00BC032F087
:10F1E0001200B6D827EF76F0E66E4AEC7FF0E552D3
:10F1F00000091200E66E1CEC7FF0E55200091200D7
:10F20000DECF00F0DDCF01F0005012002AECB7F0A5
:10F21000E552E5520009120007ECB7F0E552E5525D
:10F220001200FBD8EF50020B1200E66EE66A8EEC7D
:10F2300022F0E552E552020B1200090EE66EE66A74
:10F240001200E66E040EDBCFE6FF010EE66E120042
:10F25000E66E050EDBCFE6FF020EE66E1200E66EEE
:10F26000E66AA8EC22F0E552E5521200A00E366ED6
:10F27000430E376E05EF93F0020EEECFDBFF030E69
:10F28000EECFDBFF120015EC95F030C0DEFF31C091
:10F29000DDFF12007AD9016A026A036A1200D8906F
:10F2A0000036013602360336E8061200FD0E2CC089
:10F2B000DBFFFE0E2DC0DBFF1200E76E0D0EE7CF69
:10F2C000DBFF12001E0E0701346F356B1200EF6E6C
:10F2D000DBDD020E52EF77F08FD9DAD9040E14DAA3
:10F2E000050EE0DDEF6A1200DDDDEF501200EF6E7B
:10F2F000CBDDEE52120098D9F3CFDEFFF4CFDDFF65
:10F30000E5D9C2D9B2DED3DCDDDD8009E66EBCDD35
:10F31000EE52ABDE65D9EF6E1200B6DD120EC2DD25
:10F3200042EF78F0FB0EDBCFE6FFE66AADD9A2DE56
:10F3300090D9A0DEF0EF7AF0B5DD56EF77F0070157
:10F34000800E2A6F840E2B6F1E0E2C6F4BEF77F002
:10F35000FB0EDBCFE6FFFC0EDBCFE6FF1200180E44
:10F36000DBCF00F0190EDBCF01F01A0EDBCF02F07D
:10F370001B0EC6EF77F01C0EDBCF00F01D0EDBCFAF
:10F3800001F01E0EDBCF02F01F0EC6EF77F08ADD14
:10F39000FADD4BEF77F072D985DD3ADE04C034F048
:10F3A00005C035F006C036F007C037F019EF78F029
:10F3B000180EDBCFC9F9190EDBCFCAF91A0EDBCF55
:10F3C000CBF91B0EDBCFCCF9010EE66E260E6DEFEE
:10F3D00077F071D9E66E44EF77F056DD040E7BD9F5
:10F3E00053DD050E6BEF7BF02FC000F030C001F055
:10F3F00031C002F032C003F0120061DD49EC75F05B
:10F400002BEF78F0FD0EDBCFE6FFFE0EDBCFE6FF45
:10F4100012003ADD150E52EF77F0D950060F2AD1BF
:10F4200003D924D9EECF00F0EFCF01F0120009018B
:10F43000005100160901015101160901025102167D
:10F440000901035103161200006E016AA0DE00C01C
:10F4500035F001C036F05BEC94F0305046D522DD3B
:10F46000EF9244EF77F02EDF20D944EF77F01ADDEA
:10F4700091DD4BEF77F026D906EF79F020DD5CECDB
:10F4800075F02BEF78F0D9DE010EE66E4BEF77F0DA
:10F490000701E00E2A6F930E2B6F040E2C6F73EF93
:10F4A00078F0E66E00EF78F0DBCFE6FFE66E140E44
:10F4B000E66E0B0E8DEF77F0140EDBCFBFF9010E69
:10F4C000E66E210E6DEF77F0150EDBCFCDF9010E54
:10F4D000E66E2B0E6DEF77F0160EDBCFD0F9010E36
:10F4E000E66E310E6DEF77F0DBCFE6FFE66E220EB3
:10F4F000E66E0B0E8DEF77F004C02FF005C030F0F4
:10F5000006C031F007C032F0120000C034F001C074
:10F5100035F002C036F003C037F01200EF50E66E4F
:10F5200066EC76F014EF7BF0356E366A00C030F092
:10F5300001C031F05BEF94F0D9500A0F9BD0170E49
:10F54000E66E0B0E8DEF77F0250EE66E0B0E8DEF4F
:10F5500077F09ADC0E0E52EF77F096DC1C0E52EF2D
:10F5600077F06BDEE6684BEF77F09CDCEF9044EFD2
:10F5700077F02B0EE66E0A0EE66E1200B1DC020E7C
:10F58000E12612008FDC22EF78F0FD0EDBCF00F0D9
:10F5900012007BEC95F0010A120032DD0009120026
:10F5A0002BD8020E120077DC170E7CDCEF6A1200FB
:10F5B000E66EE66AEDEC9CF0E552E5521200010BB6
:10F5C000006E44EF77F0006E050EE15E0050120011
:10F5D0005BDC080E74EF79F057DC090E74EF79F0FC
:10F5E00053EC76F089D8020E5DDCE552E75012004C
:10F5F0004BDC060E74EF79F047DC030E52EF77F028
:10F600009BDE47EF78F047DC170E6EDE020A120031
:10F610003BDC0A0E74EF79F037DC200E77EF79F0DF
:10F620003ADC090E81EF7BF0E552E552E552E552F6
:10F63000120073DE080E74EF79F026DC450E57DEFB
:10F64000720E67EF79F013DF1B0E9CDF24DC1B0EBC
:10F65000120057EC76F050D8EE52120015DC140E62
:10F6600074EF79F011DC430E77EF79F014DC030EC0
:10F6700052EF77F0E96EDACFEAFF120013DC8ADC92
:10F6800044EC77F0180E120063EC76F07CEF7BF020
:10F69000EF6A44EF77F01ADC090E26DE010B120048
:10F6A00015DC080E21DE010B120044EC77F056EC5D
:10F6B00077F00CEF79F0E66EE66A4BEC76F0E55207
:10F6C000E55212004BEC77F056EF77F0DECFE6FF15
:10F6D000DDCFE6FF120052EC77F0020EEF6E120063
:10F6E00003DEE9EF79F0160E52EF77F052EC77F087
:10F6F000E552E750EF6E120062EC77F0E66E44EFF1
:10F7000077F01ADECDEF7AF052EC77F048EF7BF02D
:10F7100070EC77F0FCEF7AF05BDF020B12005CDF3D
:10F72000020B12000601E06B06019A6B06019B6B4F
:10F730000601AF6B0601AE6B20ECA5F00701400E91
:10F740002A6F4B0E2B6F4C0E2C6FB80EE66E060E0A
:10F75000E66EEBEF85F0C0EC85F0AAEC85F0DDDB22
:10F76000DF6EDF5010E1A0ECA5F0000902E0B3EC81
:10F770007FF02CEC81F0FEECA5F0000904E004EC35
:10F78000A6F00601E06FDF50E55207EF85F0D9CF14
:10F79000E6FFE1CFD9FF050EE126040EDB6A060184
:10F7A000A051F36E040EDBCFF4FFF350F45C0DE2D6
:10F7B000040EDBCFE6FF36DBE552040EDBCFE6FFBF
:10F7C00064DBE552040EDB2AEAD7DF6A06019C51AE
:10F7D000DF5C01E347D1DFCF00F0016A026A050E6A
:10F7E000346E356A366A00C02FF001C030F002C0B6
:10F7F00031F0CCEC94F02CC000F02DC001F02EC004
:10F8000002F006019D510024F36E06019E51012075
:10F81000F46E06019F510220F86EF4CFF7FFF3CF8C
:10F82000F6FFF62A000EF722000EF8220800F55027
:10F8300001E016D1DFCFE6FF37DBE552E76E030EBE
:10F84000E7CFDBFF010EDB6A030EDB50F36E010E28
:10F85000DBCFF4FFF350F45C01E302D1010EDBCF08
:10F86000E6FFDFCF00F0016A026A050E346E356AEA
:10F87000366A00C02FF001C030F002C031F0CCEC8D
:10F8800094F02CC000F02DC001F02EC002F0060153
:10F890009D510024F36E06019E510120F46E060175
:10F8A0009F510220F86EF4CFF7FFF3CFF6FF040E5E
:10F8B000F626000EF722000EF8220800F550E55259
:10F8C000E724E76E040EE7CFDBFF040EDBCFE6FF95
:10F8D00096DAE552040EDBCFE6FFA9DAE552040E14
:10F8E000DBCFE6FFC1DAE55206019A6B040EDBCFEF
:10F8F000E6FFBFDAE552000905E106019A5102E18F
:10F900002ADFF4D706019A5101E1A6D0020EDFCF1B
:10F91000DBFF06019C51F36E020EDBCFF4FFF350C8
:10F92000F45C01E399D0DFCF01F0026A036A050EAF
:10F93000346E356A366A01C02FF002C030F003C061
:10F9400031F0CCEC94F02CC001F02DC002F02EC0B0
:10F9500003F006019D510124F36E06019E51022021
:10F96000F46E06019F510320F86EF4CFF7FFF3CF3A
:10F97000F6FF0800F5CF00F0020EDBCF04F0056AB9
:10F98000066A050E346E356A366A04C02FF005C06B
:10F9900030F006C031F0CCEC94F02CC004F02DC057
:10F9A00005F02EC006F006019D510424F36E0601F9
:10F9B0009E510520F46E06019F510620F86EF4CF8B
:10F9C000F7FFF3CFF6FF0800F550005C45E1010EAC
:10F9D000DBCFE6FF020EDBCF00F0016A026A050E04
:10F9E000346E356A366A00C02FF001C030F002C0B4
:10F9F00031F0CCEC94F02CC000F02DC001F02EC002
:10FA000002F006019D510024F36E06019E51012073
:10FA1000F46E06019F510220F86EF4CFF7FFF3CF8A
:10FA2000F6FF040EF626000EF722000EF82208005C
:10FA3000F550E552E724E76E040EE7CFDBFF040E36
:10FA4000DBCFE6FFEFD9E552040EDBCFE6FF18DA95
:10FA5000E552020EDB2A5DD70400010EDB2AF4D644
:10FA6000DF2AB4D6040EDB6A0601A051F36E040E41
:10FA7000DBCFF4FFF350F45C0FE2040EDBCFE6FFC4
:10FA800009DAE552000905E1040EDBCFE6FFCFD924
:10FA9000E552040EDB2AE8D7050EE15C02E2E16ADA
:10FAA000E552E16EE552E7CFD9FF120007018B6BFB
:10FAB0008C6B06019C51006E016A070100508B5D42
:10FAC00001508C595AE2F3EC86F0BFEC86F050E01E
:10FAD0008BC703F08CC704F0056A4FEC85F059EC36
:10FAE00086F046E18BC706F08CC707F0086A4FEC3A
:10FAF00085F008C031F0CCEC94F02CC006F02DC09D
:10FB000007F02EC008F0EDEC84F00800F55030E06E
:10FB100007018D6B8E6B8BC7E6FFC6D9E552016A74
:10FB20000701E8508D5D01508E5922E2F3EC86F01A
:10FB30007DEC86F007018D2507018F6F000E070110
:10FB40008E210701906F8FC7E6FF87D9E552000924
:10FB50000AE18FC7E6FF9ED9E552000904E18FC78D
:10FB6000E6FF4DD9E55207018D2B000E8E23D3D72A
:10FB700007018B2B000E8C239CD7120007018B6B87
:10FB800006019C5107018B5D3CE2D8EC86F007EC46
:10FB900087F034E007018C6B8BC7E6FF85D9E5520F
:10FBA00007018C5D2BE2D8EC86F07DEC86F0070136
:10FBB0008C2507018F6FE66E18D9E552D8EC86F0D8
:10FBC000C3EC86F018E18FC700F01BEC87F0EFCF95
:10FBD0008EF707018D6B07018E5107018D5D0BE2DA
:10FBE000010EE66E8DC7E6FF8FC700F01EEC87F0B2
:10FBF00007018D2BF0D707018C2BCED707018B2B5C
:10FC0000BFD71200F4EC85F04B0EE66E070EE66EE1
:10FC10004A0EE66E070EE66E490EE66E070EE66EBB
:10FC2000480EE66E070EE66E470EE66E070EE66EAF
:10FC3000FE0EDBCFE6FF8BEC85F00701436B446BD8
:10FC400006019C51006E016A07010050435D01509E
:10FC5000445950E2D1EC86F00800F5500701475DA9
:10FC600044E1D1EC86F07DEC86F007014B250701DD
:10FC7000426FE66E0AD9E55242C7E6FFD8D8E55290
:10FC8000D1EC86F0BFEC86F00FE043C703F044C729
:10FC900004F0056A43EC85F059EC86F005E142C7B3
:10FCA000E6FFD6D8E55221D042C7E6FF9ED8E552FE
:10FCB000D1EC86F0C3EC86F018E142C700F01BECF3
:10FCC00087F0EFCF46F70701456B07014651070163
:10FCD000455D0BE2010EE66E45C7E6FF42C700F048
:10FCE0001EEC87F00701452BF0D70701432B000ED0
:10FCF0004423A6D707EF85F0120063EC85F00A0EC7
:10FD0000DE6EDD6AFF0E0601E85D08E10601E86BC4
:10FD10000A0E0701346F356BB3EC85F0E50EE66E25
:10FD2000060EE66E2AECB7F0E552E552000939E01E
:10FD30000601E82B0701466B0601A0510701465D4D
:10FD40001FE246C7E6FF67D8E552000916E0060144
:10FD5000E85103080BE2DDEC85F004E046C7E6FF5E
:10FD600077D80AD046C7E6FF5DD806D0DDEC85F02F
:10FD700004E146C7E6FF43D8E5520701462BDCD72E
:10FD80000601E851030804E20601E86B0A0E01D0FF
:10FD9000030EDE6EDD6ADECF34F7DDCF35F7B3EC70
:10FDA00085F0020EE15C02E2E16AE552E16E07EFE6
:10FDB00085F00601E35112000601E36B1200F4EC3A
:10FDC00085F0FC0EDB503FEC85F0EFCF00F0FB0E32
:10FDD000DB50005C02E01BEC86F007EF85F0F4ECF2
:10FDE00085F01BEC86F007EF85F0FEEC84F0EF80E9
:10FDF00007EF85F0A1EC86F0010B07EF85F0FEEC34
:10FE000084F0EF8607EF85F0A1EC86F0080B01E0A7
:10FE1000010E07EF85F0A1EC86F0100B01E0010E5A
:10FE200007EF85F0FEEC84F0EF8407EF85F0FEEC41
:10FE300084F0EF9407EF85F0A1EC86F0040B01E06D
:10FE4000010E07EF85F0FEEC84F0EF8A07EF85F0F6
:10FE5000FEEC84F0EF9A07EF85F0A1EC86F0200B22
:10FE600001E0010E07EF85F0FEEC84F0EF9C07EF58
:10FE700085F0A1EC86F0400B01E0010E07EF85F064
:10FE8000FEEC84F0EF8E07EF85F0FEEC84F0EF9E41
:10FE900007EF85F0A1EC86F0800B01E0010E07EF83
:10FEA00085F00601E4511200C0EC85F0FE0EDB285F
:10FEB000006E06019C51005C20E2FE0EDB28016E04
:10FEC0002DEC86F0040EF6266FEC86F0F5CF00F0F0
:10FED000FE0EDBCF04F0056A066AEEEC86F004C085
:10FEE0002FF005C030F006C031F0CCEC94F0EDEC12
:10FEF00084F07DEC86F0005C0BD0FE0EFAEC84F012
:10FF00002CC000F0EDEC84F07DEC86F00601A05DE5
:10FF1000DF6EDF50E55207EF85F0E4EC85F0010E6F
:10FF2000DF6E0701E80E2A6F030E2B6F2C6B21EC9E
:10FF300087F0EBEC85F0DF500BE00DECA6F0DF6E08
:10FF400021EC87F050ECB2F0E552E5520009F3E005
:10FF5000DF50006E050EE15C02E2E16AE552E16EFF
:10FF6000005007EF85F0F4EC85F00C0EE126030E4F
:10FF7000DB6A040EDB6A080EDB6A0601010EE36F22
:10FF8000D950050FFEEC85F0D9CFE6FFDACFE6FFBA
:10FF9000A6ECA5F0006E0A0EE15E0050E76E070EBB
:10FFA000E7CFDBFFDB5001E102D1020EDB500AE1BB
:10FFB000030EDB50030806E1040EDB5003E10601EB
:10FFC000010EE16F090EDB6A06019C51F36E090E0A
:10FFD0007CEC85F001E3EED0090EDBCF01F02DECD7
:10FFE00086F00800F5CF00F0010EDB50005C01E068
:10FFF000DBD0090EDBCF05F0066A076AEEEC86F06F
:020000040001F9
:1000000005C02FF006C030F007C031F0CCEC94F002
:100010002CC005F02DC006F02EC007F0EDEC84F0EA
:10002000F62A6FEC86F0F5CF04F0020EDB50045C8C
:1000300001E0BAD0E0EC86F07DEC86F0DF24E76EDC
:100040000B0EE7CFDBFFE0EC86F0020EF6266FEC3E
:1000500086F0060EF5CFDBFFDB50090804E1090E40
:10006000DB50020F02D0090EDB28E76E0A0EE7CF45
:10007000DBFF06019C51F36E0A0E7CEC85F00CE26E
:100080000A0E2FEC87F07DEC86F0F36E0B0E7CEC05
:1000900085F002E3C9EC85F00601A051F36E0B0E6A
:1000A0007CEC85F002E3C9EC85F00B0EDBCF02F0AF
:1000B00022EC85F0D5EC85F002E1C9EC85F0080E64
:1000C000DB506CE1D950050FE96EDACFEAFFEF5053
:1000D000200B0FE0E0EC86F007EC87F007E0DFCFC5
:1000E000E6FF090EDBCFE6FF6DD852D00601360ED3
:1000F00057D0E0EC86F0BFEC86F04DE098EC85F050
:1001000096DEE55298EC85F09EDEE552E0EC86F056
:1001100007EC87F006E098EC85F06CDEE55200090C
:1001200031E1060EDB500A0A21E0030A1DE00C0A49
:1001300017E0010A11E0070A13E0010A09E0030AC7
:1001400003E0010A1CE10CD04DEC86F05DDB14D01D
:100150004DEC86F0A4DB10D04DEC86F0CDDB0CD05E
:100160004DEC86F046DB08D0E66A02D0010EE66E62
:100170004DEC86F0C7DBE55228EC87F003D0060192
:10018000310EE06F98EC85F074EC86F0F1D9E55211
:10019000E552E55206D00601350E02D00601300EBA
:1001A000E06F090E9CC6DBFF090EDB2A0DD70601A6
:1001B000320EE06F0C0EE15C02E2E16AE552E16EA4
:1001C00007EF85F0E4EC85F0FD0EDBCFE6FFFE0ED9
:1001D000FAEC84F00FEC87F07DEC86F0E552E72432
:1001E000DF6E0BEC85F0EF820BEC85F0EF94FE0EEA
:1001F0002FEC87F0C3EC86F028E1DFCF00F01BEC9A
:1002000087F0020EEFCFDBFF010EDB6A020EDB5040
:10021000F36E010E7CEC85F018E2DFCF00F0DADB44
:10022000C7EC86F0030EEECFDBFF040EEDCFDBFF55
:10023000010EE66EDBCFE6FF030EDBCFE6FF040E1A
:10024000BCEC85F0010EDB2AE1D7050EE15C02E291
:10025000E16AE552E16EDBD3F4EC85F0080EE126AD
:10026000DF6A0601EA512EE08FECA5F000091CE0E0
:100270000601EA6B9B0EE66E060EE66E95ECA5F0A7
:10028000E552E55206019A6F0601E85007E155EC88
:1002900085F0EF8C55EC85F0EF94CBD055EC85F0E4
:1002A000EF840601E281C5D0AAEC85F0000901E1E6
:1002B000C0D00601EA6B0601330EE06F55EC85F005
:1002C000EF84B7D02AECA5F0000901E1B2D0F4D94F
:1002D000000901E1A3D0DF6A0601EA6B0701400EC5
:1002E0002A6F420E2B6F0F0E2C6FB40EE66E060EA9
:1002F000E66EEBEC85F0DFCF02F0A4DBD5EC85F009
:1003000003E1A7EC86F07BD0A4EC86F0800B04E13F
:10031000A4EC86F0010B04E1A4EC86F0020B4EE0A5
:10032000E3EC86F0DBA247D0030EDB5008080FE1B8
:10033000DFCFE6FF050EDBCFE6FF74EC86F0DFCF04
:10034000E6FF21D9006E050EE15E005022D0D950A3
:10035000060F73DB030EDBCFE6FFDFCFE6FFF1D83E
:1003600028EC87F0E552A4EC86F0040B08E0E66A7E
:1003700080EC86F033ECA5F0006E070E06D080EC22
:1003800086F02FECA5F0006E060EE15E0050DFCF88
:10039000BCF60601010EEA6FDB50150809E1060103
:1003A000E95103E00601E96B30D00601010EE96F67
:1003B000A7EC86F02AD00601340E26D0A4EC86F0F5
:1003C000080B23E0E3EC86F0DBA01CD0ACEC86F05D
:1003D000A4EC86F0040B0CE0010EE66EDFCFE6FF26
:1003E00049DB44ECA5F0006E050EE15E005002D042
:1003F000ACEC86F0DFCFBCF60601010EEA6F0BDB3A
:10040000EF9603D00601370EE06FDF2A0601A051F8
:10041000DF5C04E20601EA5101E16DD74DD9000924
:1004200006E10601010EEA6FB3C6BCF60AD9EAC6B8
:10043000E4F60601EA5103E00601010EE36F080E3F
:10044000E15C02E2E16AE552E16EE1D2CDDBB1ECC2
:1004500086F0EECF00F0EFCF01F000C0F3FF01C057
:10046000F4FFD5D2C1DB040EE126010EDB6A030ED8
:10047000DB6ADF6A06019C51DF5C27E2DFCF00F018
:1004800000EC87F0AADA040EF6266FEC86F0020E76
:10049000F5CFDBFFDB50F36EFE0E2EDB0CE3020E1E
:1004A000DBCF00F0030EDB50D880005406E2010ED3
:1004B000DFCFDBFF02D09CC6DFFF020EDB50E76E12
:1004C000030EE7CFDBFFDF2AD5D766EC86F0080006
:1004D000F550E66EABDA3ADBF9DBF62A6FEC86F024
:1004E000F550E66EFA0EDBCFE9FFFB0E98EC86F0D6
:1004F000EDDB020E88DAE66EF80EDBCFE9FFF90ECF
:1005000098EC86F0E3DB030E7EDAE66EF60EDBCFC8
:10051000E9FFF70E98EC86F0FE0EDBCFE6FFD6DBA8
:10052000ECDBE552E75CE66EF40EDBCFE9FFF50E9F
:1005300098EC86F0040EE15C02E2E16AE552E16EBD
:1005400066D252DBFD0EDB50080A0EE00F0A07E010
:10055000020A02E0030A0BE1EFDA2CDA02D0ECDA4D
:1005600015DA28EC87F003D00601310EE06F4FD288
:100570003BDBFE0EDB50150805E1FD0EDB0402E15E
:10058000FC0E01DB44D230DB060EE126FB0EDBCF96
:10059000B0F6FD0EDBCFB1F6FC0EDBCFB2F60601F6
:1005A000AE6B0601AF6BFA0EDBCFB3F622DBA3DB3B
:1005B000010EEFCFDBFF1DDBEADB020EEECFDBFF30
:1005C000030EEDCFDBFFDF6A010EDB50DF5C32E2B2
:1005D000CFDBDBCFE6FFC7D828EC87F0E76E040E51
:1005E000E7CFDBFFDB5024E0E66AC2DBC5DA0601B9
:1005F000AF51EA6AAA0FE96E060EEA22DFCFEFFFDB
:10060000DF50036E046AF5DA0350EE24E76E0450FF
:10061000EE20EA6EE7CFE9FFEF50E66E0601AF513C
:10062000EA6AA60FE96E060EEA2290DA0601AF2BFF
:10063000DF2ACAD7060EE15C02E2E16AE552E16E0A
:10064000E6D1D2DA030EE1260601AE51EA6AAA0F1C
:10065000E96E060EEA22EFCFDFFF0601AE51EA6A2D
:10066000A60FE96E060EEA22010EEFCFDBFF020EA7
:10067000B2C6DBFF0601AE2B1FD8000902E0020E56
:10068000DB2A0601B3510EDBEF50040B07E0E66AEC
:1006900025DA33ECA5F0006E070E05D01FDA2FEC3B
:1006A000A5F0006E060EE15E0050030EE15C02E272
:1006B000E16AE552E16EABD163DADF6A0601AF5160
:1006C0000601AE5D02E3010EDF6EDF50E5529FD101
:1006D0001EDBE76EFD0EDBCF00F0FE0EDBCF01F080
:1006E000E7500026000E012200C0DEFF01C0DDFF42
:1006F000FC0EDB50070B070A28E0010A22E0030A80
:100700001DE0010A16E0070A10E0010A0BE0030AE7
:1007100005E0010A21E182D9FE0E1BD07FD9F34604
:10072000FD0E17D036DBFB0E14D033DBF346F70E8D
:1007300010D02FDBF346F346EF0E0BD02EDBDF0E8F
:1007400008D02BDBF346BF0E04D027DBF346F3467D
:100750007F0EEF14F310EF6E020EE15C02E2E16A2D
:10076000E552E16E54D1D3DA8AD9EFCFDFFFFC0E28
:10077000DB50070B070A2AE0010A23E0030A1DE009
:10078000010A17E0070A11E0010A0BE0030A05E07D
:10079000010A24E17ED9010B1DD07BD9020B1AE09E
:1007A00013D077D9040B16E00FD073D9080B12E0E1
:1007B0000BD06FD9100B0EE007D06BD9200B0AE0DD
:1007C00003D067D9400B06E0010E04D062D9800B3C
:1007D00001E0010EE76E010EE7CFDBFF010EDB50FB
:1007E000006E020EE15C02E2E16AE552E16E005049
:1007F0000ED12BDBEECF03F0EFCF04F0FAD903C01C
:10080000EEFF04C0EDFF03D15ED9DE6A800EDD6E1F
:1008100078D9F3CF00F0F4CF01F0F35002E1800E6D
:1008200001182DE06ED9F3CF0BF0F4CF0CF0F3CF1D
:1008300030F0F4CF31F0D6EC92F02FC007F030C09A
:1008400008F031C009F032C00AF0346A356AC80EC7
:10085000366E420E376E9BEC93F02FC003F030C023
:1008600004F031C005F032C006F0C3D92FC0EEFF4E
:1008700004C0EEFF05C0EEFF06C0EEFF09D0B9D9F7
:1008800025C7EEFF26C7EEFF27C7EEFF28C7EEFFFE
:10089000020EE15C02E2E16AE552E16EB8D0A4D951
:1008A000FE0EDBCF01F0026A036AD89001360236F1
:1008B00003360601A1510124F36E0601A251022064
:1008C000F46E0601A351032095DA090028DAEF50EF
:1008D000010B006EABD8EF50010B005C0CE0A6D80A
:1008E000A4DA1FD9D1D9A1DA010BF36EF346FD0EBC
:1008F000EF14F310EF6E8BD0A8DAEF50E66E79D9D3
:1009000025D985D0E0D8FE0EDBCF00F080D9F5CF19
:10091000DEFF0A00F5CFDDFFDDD9070EE926000E68
:10092000EA22EF5009E1D3D8E66EE66AD3D904DAB9
:10093000D2D8BFD8010EEF6E79D8EFCF00F0C7D86C
:10094000D88000541CE3A0D9EF50E66E6FD8EF506A
:10095000006E016AC0D80050EE24E76E0150EE2010
:10096000EA6EE7CFE9FFF2D8FB0EDB5008E0AFD824
:10097000E66EE66AB0D8E0D9ADD99BD8EF6A020E30
:10098000E15C02E2E16AE552E16E41D05EDAEF6AD3
:100990007BD9EF6A2ED9EF50036E48D80350C1D8E7
:1009A000FE0EDB507FD9EF50010B006E6DD9005069
:1009B000B8D82DD019D9FE0EDBCF02F043D8AFD96D
:1009C000EECF00F0EFCF01F031D800C0EEFF01C054
:1009D000EDFF1DD01CD98FEF86F006019D512C2410
:1009E000F36E06019E512D20F46E06019F512E20BC
:1009F000FAEF86F0DBCF00F000EF87F0F5D8FE0EBF
:100A0000DB5052EF86F0F6266AD9F5501200E55217
:100A1000E7CFD9FF1200DF5052EF86F0FB0EDB501C
:100A2000006E58D9E850010BF36E1200FC0EDBCFBC
:100A3000E9FFFD0EDBCFEAFF1200E66E000EDA20C2
:100A4000E66E1200036A046AD89002360336043652
:100A50000601A1510224F36E0601A2510320F46E97
:100A60000601A3510420C6D90900120090D964D907
:100A70002FDE5BD139D9050EDBCFE6FF1200E76E22
:100A800070D9E7508DD1AAD943C72FF044C730F0B1
:100A90001200D9CFE9FFDACFEAFFEF5012009ED95A
:100AA0008BC72FF08CC730F012000601BC5152EFFB
:100AB00086F042D941ECB8F0006E060EE15E0050BF
:100AC00009D9070E6DD190D8020EE126120002D985
:100AD00012D9EF501200FED8050E62D1B3C6E6FF60
:100AE000D9CFE6FFDACFE6FF020EDBCFE6FFB1C6D5
:100AF000E6FFB0C6E6FF1200DBCFF4FFF350F45C74
:100B00001200FC0EDBCFE6FFFD0EDBCFE6FF9EDC26
:100B1000E552E5521200A6DC006E0B0EE15E0050BD
:100B20001200010BF36EFE0EEF14F310EF6E1200C5
:100B30000B0EDBCFE6FF1200FB0EDBCFE6FFFC0E59
:100B4000DBCFE6FFFE0EDBCFE6FF1200E552E750FB
:100B5000EF6E1200B40EE66E060EE66E50ECB2F0CA
:100B6000E552E5521200E50EE66E060EE66E07EC63
:100B7000B7F0E552E5521200DBCFE6FFA9DDD5D094
:100B800033D8E6521200DBCFE6FFF5EC7EF0E552FB
:100B90001200010EF36E080EF3CFDBFF1200F346D6
:100BA000F346F346F346F3461200F5CF00F0080093
:100BB000F5CF01F000500110120046C7E6FF2DEC02
:100BC0007FF0E552000912000FD8050EE126120051
:100BD00038ECA5F0AAD01CECB2F0E552E5521200B8
:100BE0002CC000F00FEF87F0D9CFE6FFE1CFD9FF9F
:100BF0001200FE0EDBCF00F0EAEF84F01EDFD950CA
:100C0000030F1BDFD950020F18DF21EF87F0016AB5
:100C1000026AD8900036013602360601A15100243E
:100C2000F36E0601A2510120F46E0601A3510220C9
:100C3000E1D809001200FC0EDB5021DFFB0EDBCFF8
:100C4000EFFF010EE66EFC0EDBCFE6FFFA0EDBCF08
:100C500000F0F4D8FA0EC3EF85F0026A036ABED83A
:100C600001C02FF002C030F003C031F0CCEC94F0A2
:100C70002CC001F02DC002F02EC003F0EDEF84F087
:100C800002C031F0CCEF94F0010EE76ECFDEE750FA
:100C9000C2D0016A026AEEEF86F0D950030FCDDEB2
:100CA00098EF85F00601EA6AA425E96EA551EA22CB
:100CB000120005C031F0CCEC94F02CC003F02DC034
:100CC00004F02EC005F089DE07EF87F0010E92DEFA
:100CD000EDEF84F0DECFE9FFDDCFEAFF1200000E7A
:100CE000F722F82208001200020EDBCFE6FF010E09
:100CF000DBCFE6FF1200040E8ED0040E03EF85F06A
:100D0000DFCFE6FFD950060F98DE3AEF85F0DBDE45
:100D1000FC0EDB50F80BE842E842E8421200F5CF47
:100D2000E9FF0800F5CFEAFF120092D8E552120061
:100D3000DBCFEAFFA6EF85F0EECFE6FFEFCFE6FFD1
:100D400012005CDEEF50120066DEEF50120063DE30
:100D5000EF9061DEEF921200DFCFE6FF8BDEE8EF6F
:100D600085F0FD0EDBCFE9FFFE0EDBCFEAFF1200C0
:100D7000DFCFE6FF020EDBCFE6FF030E1200030E0D
:100D800042DE010B1200020E3EDE08081200020EC7
:100D900042D044DEF346F346120040DECFEF85F04A
:100DA0003AD043C700F044C701F0026A6CDE54D069
:100DB0008BC700F06EDF8BC72FF001C030F04CD036
:100DC000090E2FEF87F0D950050F37DED950040FE9
:100DD00015DFDFCFE6FF9FDE040E1200050E346E36
:100DE000356A366A12008BC700F08CC701F0026AC0
:100DF00056DE32D0F86EF4CFF7FFF3CFF6FF1200D5
:100E000048DF00C02FF001C030F040EF86F0030E45
:100E1000FADD020B1200E926000EEA2212002DC0B4
:100E200001F02EC002F0EDEF84F0EF50010B036EE5
:100E3000E0DE03501200CEDD7BEF86F0CBDD36EF37
:100E400085F0D950010F1DEF85F0CEDE16EF85F04D
:100E5000E552E552E552120013DFF0EF85F0CADDEE
:100E6000F0EF85F0D8CFE4FFE0CFE4FFE46EDACF17
:100E7000E4FFE2CFDAFFE9CFE4FFEACFE4FFF6CF09
:100E8000E4FFF7CFE4FFF8CFE4FFF5CFE4FFF3CFC3
:100E9000E4FFF4CFE4FFFACFE4FFFBCFE4FF00EE82
:100EA00028F0140EE80403E3EECFE4FFFBD76FCF86
:100EB000E4FFE65227D8E552E5CF6FFF00EE3BF0A6
:100EC000140EE80403E3E5CFEDFFFBD7E5CFFBFF0E
:100ED000E5CFFAFFE5CFF4FFE5CFF3FFE5CFF5FF70
:100EE000E5CFF8FFE5CFF7FFE5CFF6FFE5CFEAFF67
:100EF000E5CFE9FFE5CFDAFFE550E5CFE0FFE5CF4D
:100F0000D8FF1000C7EC8CF0E6521F0E6E14DF6E97
:100F10000301010EC76FDF50020A09E0020A14E064
:100F20000E0A12E01E0A10E1A4921CD90DD0A49A58
:100F300074AA03D00501030E04D074A803D00501E0
:100F4000010E576F74BC749CA450100B15E0A35095
:100F5000100B12E00F0140AF02D00F01409F0F01B4
:100F600020AF02D00F01209FA4980F0140B703D0FB
:100F70000501020E576F4AD9E552BDEF8CF0C7EC60
:100F80008CF00301E66B0301100EE06F0301E86BC8
:100F90000301E96B0301E76B0301E16B0301E26B02
:100FA0000301F06B03010A0EEA6F0301F26B030108
:100FB000F36B0301F16B0301010EEE6F0301ED6BA7
:100FC0000301EF6B0301EB6B0301EC6B0301FA6BA5
:100FD0000301050EF46F0301FC6B0301FD6B0301BC
:100FE000FB6B0301010EF86F0301F76B0301F96B53
:100FF0000301F56B0301F66B93D8FB0EDB5007E1A1
:10100000FF0E0301DB5D05E20301DB2B02D00301D0
:10101000DB6B9F0EE66E87D8E552000970E0A00EEC
:101020007712FE0EDB50706EFD0EDB50716EFC0E03
:10103000DB50726E606A0F01506B0D01F86B0E0190
:10104000206B0E01306B0E01406B0E01506B0E01D8
:10105000606B0E01706B0D01D4690D01D5690D0136
:10106000400EF06F0D01A90EF16F0D01AA0EF26F87
:101070000D01EA0EF36F0D01FA690D01140EFC6FFC
:101080000F01080E016F0F01056F0F01096F0F01AE
:101090000D6F0F01116F0F01156F0D01616F0D01C4
:1010A000656F0D01696F0D01716F0D01756F0D0198
:1010B000796F0D01816F0D01856F0D01896F0F0132
:1010C0001B6B0F011A6B0F01196B0F01186B0F01CE
:1010D0001F6B0F011E6B0F011D6B0F011C6B0D01B0
:1010E000936B0D01926B0D01916B0D01906B200EB6
:1010F000736E1F0EE66E17D8E552000902E1000E6E
:1011000009D0D08EA46A320EA36EA56A93949386FA
:10111000A3DB010EBDEF8CF0D9CFE6FFBDEF8CF065
:101120000F0140971200C7EC8CF0CFEC8CF01F0E33
:101130006F14006EFE0EDB50E00B00106F6EE00EC1
:101140006E14006EFE0EDB50E00B005C08E0D70E64
:10115000E66E030EDEEC8CF0F2E0000E01D0010E24
:10116000BDEF8CF0C7EC8CF0020EE1260301E22902
:10117000E76E010EE7CFDBFF0F0E6F143C6EE00E43
:10118000771410093C10776E60AE39D00301E0513E
:1011900032EC8DF002E3010EDB6A010EDB5003013D
:1011A000E15D22E0DF6A0E0EDF5C18E2DF50EA6AE2
:1011B000600FE96E0F0EEA22EF50E66E010EDB5073
:1011C00059EC8DF0E9CF3CF0EACF3DF0DF500F0154
:1011D000EAEC8CF008EC8DF0DF2AE5D7010EDBCFCE
:1011E000E2F3A4AE0AD008D0FF0E0301E75D02E2ED
:1011F0000301E72B609E03D0A49E609EBDD7020E24
:10120000E15C02E2E16AE552E16EB7D30301F80561
:1012100009E1050108B10CD0100EE66E1FEC8DF04F
:1012200017EF8DF0040EE66E27EC8DF017EC8DF0C5
:101230001200ADDB030EE126020EDB6ADBDB98EC6D
:10124000B0F0E552E55247EC8DF0A6DBEF0411E17A
:10125000C7DBEF040AE10F014097C5DBEFCF3FF09A
:10126000FF0E3F5C02E2BFDBEF2A47EC8DF094DB20
:10127000EF6ADF6A0F0140A70ED0FA0EDB500408B8
:1012800001E0B7D00F010F012051080B01E0B1D0F0
:10129000010EDF6E02D005010893FA0EDB50040840
:1012A00003E134DB010EEF6E6CDBEF5001E0A1D007
:1012B000DF0443E12BDBEFCF20FF28DB010EEEDB69
:1012C000EFCF21FF23DB6FEC8DF0EFCF22FF1EDB92
:1012D00072EC8DF0EFCF23FF19DB75EC8DF0EFCFC3
:1012E00024FF14DB59DBEFCF25FF10DB9DDBEFCFB5
:1012F00026FF0CDB070ED2DBEFCF27FF07DB080E44
:10130000CDDBEFCF28FF02DB090EC8DBEFCF29FFD3
:10131000FDDA0A0EC3DBEFCF2AFFF8DA0B0EBEDBD5
:10132000EFCF2BFFF3DA0C0EB9DBEFCF2CFFEEDAA9
:101330000D0EB4DBEFCF2DFF42D0E8DAEFCF40FF48
:10134000E5DA010EABDBEFCF41FFE0DAC8DBEFCF30
:1013500042FFDCDAC7DBEFCF43FFD8DAC6DBEFCFE3
:1013600044FFD4DA19DBEFCF45FFD0DA5DDBEFCFF6
:1013700046FFCCDA070E92DBEFCF47FFC7DA080E45
:101380008DDBEFCF48FFC2DA090E88DBEFCF49FFD4
:10139000BDDA0A0E83DBEFCF4AFFB8DA0B0E7EDB35
:1013A000EFCF4BFFB3DA0C0E79DBEFCF4CFFAEDAA9
:1013B0000D0E74DBEFCF4DFF020E41CFDBFF98DB4C
:1013C000EF2A2ADBEF503F5C02E392DBEF6A90DB0F
:1013D00023DB85DBEF503F5C03E1D3DA010EEF6ED8
:1013E000FFDAEF6ADF0403E10F01208702D00F016B
:1013F0004087030EE15C02E2E16AE552E16EBDD294
:10140000C6DAE652A4DA050803E0A1DA070805E126
:10141000A6DA03E10301ED0510E099DA030805E11E
:101420009EDA03E10301F70508E0E4DA0BD8E552A0
:10143000E552000902E0DF6A02D0010EDF6EDF50E4
:10144000E5529BD2A4DAE65282DA006E040E005C0A
:1014500002E2FDDA01D0F3DAE66ECCDA23D8006ED0
:10146000060EE15E0050DF6E0501090518E1939E4E
:10147000620EE66E050EA2DA12E08150800B0FE1DB
:10148000818E0701200E2A6F4E0E2B6F2C6B620E81
:10149000E66E050EE66E1CECB2F0E552E552DF504A
:1014A000E5526BD274DA030EE126DF6A6DDAEF04DF
:1014B00010E1F8DA71DA010EEF6EA48870DA64DAFE
:1014C000EF0407E1D70EE66E030E78DAF8E0000EBF
:1014D000B0D00D01FC6B8BDAEF0402E1010EDF6E80
:1014E000E1DA020E9DDADEDAEF04005C03E3010EBE
:1014F000DB6A07D0D7DAF3DAEF28E76E010EE7CF21
:10150000DBFF63DAE66EE4DA83DA29DA27E1E0DA90
:10151000EF9C020EDB6A59DAF36E020EDBCFF4FFAA
:10152000F350F45C1DE22DDA020EDB5053DAEF507B
:10153000E66EF90EDBCF02F0FA0EDBCF03F0DBDA5A
:101540000250F324E96E0350F420EA6E6DDA020EC5
:10155000DB5040DA5DDA020EDB2ADDD7B9DAEF8C38
:1015600004DAB9DAC2DAAFDA080E83DAFEE1B3DA06
:10157000B9DA4EDA0D0E0E6E8ADA0E501F0BEECF70
:101580000AF0EECF0BF0EECF0CF0EECF0DF007E04F
:10159000D8900D320C320B320A32E806F9E1E00E37
:1015A0000A160B6A0C6A0D6A72DAEECF06F0EECFFD
:1015B00007F0EECF08F0EFCF09F008C002F000010D
:1015C000046A056A030E0216036A046A056A025079
:1015D0000A10E66EABD983DA76DA150E4ADAFEE146
:1015E0007ADAEE5215DAA2D97ADAEF869FD937DAAB
:1015F000EE52EF50F36E010EDB50F35C03E1C4D901
:10160000010EEF6EF4D92BDA6ADA010EDBCFEFFFB1
:10161000FB0EDBCFE6FFFC0EDBCFE6FF04ECB1F008
:10162000E552E552DF5001E0A4880D01140EFC6F75
:10163000010E006E030EE15C02E2E16AE552E16E2A
:1016400000509BD10301E1510301E25D01E0010C77
:10165000000C9DD9020EE126E00EE66E030EE66E4A
:1016600036ECB1F0E552E5520301E0050301E15D1E
:1016700002E3DF6A03D00301E129DF6E65D98CD96B
:10168000EF500F0B0701976F5FD9EF50200B03E06E
:10169000070199811FD007019991010EDB6A0701AB
:1016A0009751E0D917E250D9BFD9E9CF00F0EACF7E
:1016B00001F0010EDB500F018DD9EF50E66E010EE7
:1016C000DB50EA6A8F0FE96E070EEA22A1D9010EFC
:1016D000DB2AE5D739D9EE52EFCF00F0016A026A72
:1016E000036A030E1F0B02E08CD9FEE100C08BF7EA
:1016F00001C08CF702C08DF703C08EF725D9EFD952
:10170000EF50E00BE838E840006E0001E850B8D92F
:10171000020E1F0B8BC700F08CC701F08DC702F0C3
:101720008EC703F002E06DD9FEE10ED9D8D9EF5093
:10173000030B046E056A066A076A0050041007016D
:101740008B6F0150051007018C6F025006100701C6
:101750008D6F0350071007018E6F100E1F0B08E0EE
:101760000701D8908B378C378D378E37E806F9E133
:10177000EBD8030E55D9016A026A036A080E1F0BE3
:1017800002E03FD9FEE1005007018B130150070131
:101790008C13025007018D13035007018E13D4D808
:1017A000040E3ED9000100506BD9DFCFE1F3D9CF51
:1017B000E9FFDACFEAFFED50ED5099C7EDFF98C78A
:1017C000EDFF97C7EDFF96C7EDFF95C7EDFF94C7F7
:1017D000EDFF93C7EDFF92C7EDFF91C7EDFF90C7F7
:1017E000EDFF8FC7EDFF8EC7EDFF8DC7EDFF8CC7F7
:1017F000EDFF8BC7EFFF020EE15C02E2E16AE5520A
:10180000E16EBBD074BA010C000C050108A323D013
:10181000F29C6E0EE66E050ED1D81CE00F01405111
:10182000080B18E00501089341CF42F707010701B3
:101830004251400B0FE0070107014251800B0AE0C3
:101840000F0140970701429D0701428F42C741FFA8
:101850000F014087F28C12000E0EE66EE66AE66A11
:10186000C80EE66E030EE66E8FECB8F0050EE15E74
:101870000301D66B120040CFC8F341CFC9F342CF6A
:10188000CAF343CFCBF344CFCCF345CFCDF346CF10
:10189000CEF347CFCFF348CFD0F349CFD1F34ACFE0
:1018A000D2F34BCFD3F34CCFD4F34DCFD5F30301C9
:1018B000010ED66F12000301D60525E10F0140513C
:1018C000080B21E1C8C340FFC9C341FFCAC342FF9F
:1018D000CBC343FFCCC344FFCDC345FFCEC346FFBC
:1018E000CFC347FFD0C348FFD1C349FFD2C34AFF8C
:1018F000D3C34BFFD4C34CFFD5C34DFF0301D66BFD
:101900000F014087010C0301D66B000CFB0EDBCFEF
:101910003FF0FC0EDBCF40F0EBD8EF500E0D3F5008
:10192000F324E96E4050F420EA6E1200F90EDBCF8A
:1019300000F0FA0EDBCF01F0DED80050F324E96EA0
:101940000150F420EA6E1200DF5059EF8DF0D0D82C
:10195000EE52EE52EF501C0BE842E842120097D8CC
:101960000E0E9CD8EF50010B120091D8EECF02F072
:10197000EECF03F0EECF04F01200E552E7CFD9FF2F
:10198000120085D875EF8DF08DD872EF8DF0D9CF1C
:10199000E6FFE1CFD9FF1200050E4EEF8DF00701F3
:1019A000100E2A6F270E2B6F2C6BD70EE66E030ED0
:1019B000E66E1CECB2F0E552E5521200E66E50EC19
:1019C000B2F0E552E5520009120061D80C0E66D85B
:1019D000EF501200E924E96E000EEA20EA6E1200D0
:1019E00056D872EF8DF053D8070E4EEF8DF05AD8BF
:1019F00075EF8DF0FD0EDBCFE6FFFE0EDBCFE6FFD1
:101A00001200D8900036013602360336E80612007E
:101A1000E552E750EF6E1200EFCF3FF047EF8DF049
:101A20003DD8EFCF00F01200060E4EEF8DF0E66EBF
:101A300019EC89F03E6E050EE15E3E501200000E7C
:101A4000E66E040EE66EEA0EE66E030E12008C0ED3
:101A5000E66E040EE66EF40EE66E030E1200EF6AFA
:101A600052EF8DF0F36E010EDBCFF4FFF350F45C18
:101A70001200D8900532043203320232E806120016
:101A800007018B13000E8C138D138E131200FD0EA5
:101A9000DBCFE9FFFE0EDBCFEAFF1200E926000EE6
:101AA000EA221200FB0EDBCFE9FFFC0EDBCFEAFFE0
:101AB00012000E0DF3CFE9FFF4CFEAFF000EE92686
:101AC000020EEA221200A4DF50DFEFCF05F0120071
:101AD0002DDFCCEF8CF00250E66E96EF8CF0020E0C
:101AE0004EEF8DF0030E4EEF8DF0040E4EEF8DF0A5
:101AF000CEDFEE521200D6DFF2DFEF500E0D1200F5
:101B0000D9CFE6FFE1CFD9FF0F0EE126030E76CA4B
:101B1000DBFF040E77CADBFF050E78CADBFF060E7B
:101B200079CADBFF0A01726B736B746B756B0A0108
:101B30007A6B7B6B7C6B7D6B0A01826B836B846B36
:101B4000856B3ECB00F0010E0014DF6E3DCB00F044
:101B50003ECB01F0070E2BEC92F0FDE1040E4EECB3
:101B600092F0060E2BEC92F0FDE1100E4EEC92F08E
:101B7000050E2BEC92F0FDE1400E0014DF12DF5059
:101B8000E824DF1249CB00F0016A010E0016000EB6
:101B90000116010E00C0DBFF63EC92F0070E2BEC88
:101BA00092F0FDE1040E0DEC92F063EC92F0060E63
:101BB0002BEC92F0FDE1100E0DEC92F063EC92F044
:101BC000050E2BEC92F0FDE1400E0DEC92F0DB5097
:101BD000020D010EDBCFE7FFF350E712010EE7CF56
:101BE000DBFF54CB00F0016A0016000E0116020E56
:101BF00000C0DBFF68EC92F0070E2BEC92F0FDE1E9
:101C0000040E19EC92F068EC92F0060E2BEC92F0B8
:101C1000FDE1100E19EC92F068EC92F0050E2BEC41
:101C200092F0FDE1400E19EC92F0DB50020D020E35
:101C3000DBCFE7FFF350E712020EE7CFDBFF30EC1C
:101C400092F0DF1C0B014315E3DBBDEC92F0010EBB
:101C5000DB1C0B014E15DCDB080E1F0B02E0D1DB99
:101C6000FEE1BDEC92F0020EDB1C0B015915D0DB3E
:101C7000100E1F0B02E0C5DBFEE1BDEC92F0DF1C95
:101C80000B014215C5DBC1EC92F0010EDB1C0B0110
:101C90004D15BEDB080E1F0B02E0B3DBFEE1C1EC0D
:101CA00092F0020EDB1C0B015815B2DB100E1F0B5D
:101CB00002E0A7DBFEE1C1EC92F074DBD1DB0B01AB
:101CC0000451800DF3CF09F00B010151400DF3CF0A
:101CD00008F00A01FD51200DF3CF07F00A01FA398F
:101CE000F00B066E0A01F751080DF3CF05F00A015B
:101CF000F451040D0A01F151E8240A01EE117BECC4
:101D000092F0180E1F0B02E07CDBFEE10B0E00C010
:101D1000DBFF0C0E01C0DBFF0D0E02C0DBFF0E0E61
:101D200003C0DBFF0A01EB51800DF3CF09F00A017C
:101D3000E851400DF3CF08F00A01E551200DF3CF33
:101D400007F00A01E239F00B066E0A01DF51080DB7
:101D5000F3CF05F00A01DC51040D0A01D951E82442
:101D60000A01D611C8DB100E1F0B02E04ADBFEE1B0
:101D7000BDEC92F00B010351800DF3CF09F00B0184
:101D80000051400DF3CF08F00A01FC51200DF3CFB4
:101D900007F00A01F939F00B066E0A01F651080D39
:101DA000F3CF05F00A01F351040D0A01F051E824C4
:101DB0000A01ED11A0DB180E1F0B02E022DBFEE191
:101DC000070E00C0DBFF080E01C0DBFF090E02C0DA
:101DD000DBFF0A0E03C0DBFF0A01EA51800DF3CFDF
:101DE00009F00A01E751400DF3CF08F00A01E45170
:101DF000200DF3CF07F00A01E139F00B066E0A015E
:101E0000DE51080DF3CF05F00A01DB51040D0A0184
:101E1000D851E8240A01D5116EDB100E1F0B02E029
:101E2000F0DAFEE1AEDBBEDAE66AA5CAE6FFA6CAD4
:101E3000E6FF4CC9E6FF4DC9E6FF4EC9E6FF4FC9B4
:101E4000E6FFDCDAA8CAE6FFA9CAE6FF50C9E6FF4A
:101E500051C9E6FF52C9E6FF53C9E6FFCFDAABCA64
:101E6000E6FFACCAE6FF54C9E6FF55C9E6FF56C90E
:101E7000E6FF57C9E6FFC2DAAECAE6FFAFCAE6FF21
:101E800058C9E6FF59C9E6FF5AC9E6FF5BC9E6FF34
:101E9000B5DAB1CAE6FFB2CAE6FF5CC9E6FF5DC9C2
:101EA000E6FF5EC9E6FF5FC9E6FFA8DAB4CAE6FF4F
:101EB000B5CAE6FF60C9E6FF61C9E6FF62C9E6FF91
:101EC00063C9E6FF9BDAB7CAE6FFB8CAE6FF64C992
:101ED000E6FF65C9E6FF66C9E6FF67C9E6FF8EDA79
:101EE000BACAE6FFBBCAE6FF68C9E6FF69C9E6FFF2
:101EF0006AC9E6FF6BC9E6FF81DABDCAE6FFBECA62
:101F0000E6FF6CC9E6FF6DC9E6FF6EC9E6FF6FC963
:101F1000E6FF74DAC0CAE6FFC1CAE6FF70C9E6FF91
:101F200071C9E6FF72C9E6FF73C9E6FF67DAC3CA83
:101F3000E6FFC4CAE6FF74C9E6FF75C9E6FF76C9C5
:101F4000E6FF77C9E6FF5ADAC6CAE6FFC7CAE6FF68
:101F500078C9E6FF79C9E6FF7AC9E6FF7BC9E6FFE3
:101F60004DDAC9CAE6FFCACAE6FF7CC9E6FF7DC9E9
:101F7000E6FF7EC9E6FF7FC9E6FF40DACCCAE6FF8E
:101F8000CDCAE6FF80C9E6FF81C9E6FF82C9E6FF48
:101F900083C9E6FF33DACFCAE6FFD0CAE6FF84C9B9
:101FA000E6FF85C9E6FF86C9E6FF87C9E6FF6EDA68
:101FB000CFCAE6FFD0CAE6FF90C9E6FF91C9E6FFA7
:101FC00092C9E6FF93C9E6FF19DAD2CAE6FFD3CA7F
:101FD000E6FF88C9E6FF89C9E6FF8AC9E6FF8BC923
:101FE000E6FF54DAD2CAE6FFD3CAE6FF8CC9E6FFA1
:101FF0008DC9E6FF8EC9E6FF8FC9E6FFA6DA25DAAE
:10200000EE500A017619006EEE500A017719016E42
:10201000EE500A017819026EEE500A017919036E2A
:10202000720EE96E0A0EEA6EEE5000140A01726F2B
:10203000EE5001140A01736FEE5002140A01746F1E
:10204000EE5003140A01756F0F0EE15C02E2E16AC3
:10205000E552E16EE552E7CFD9FF1200D9CFE6FF96
:10206000E1CFD9FF1C0EE126040EDB6A050EDB6A08
:10207000060E71DA91DADB6A0F0EDB6A100EDB6A8C
:10208000110EDB6A120EDB6A130EDB6A140EDB6ABA
:10209000150EDB6A160EDB6A170EDB6A180EDB6A9A
:1020A000190EDB6A1A0EDB6A1B0EDB6A020EDB6A94
:1020B000040EF36E020EDBCFF4FFF350F45C01E389
:1020C000A8D03F0E006E016A026ACDD90050DF6EC3
:1020D000C00E9ED9C8D90316060EE7D9FEE1010E3F
:1020E00000C0DBFFDB50010A2FE0010A74E13F0E64
:1020F000DF5C71E0200EDF5C6EE2F80EDB5004E086
:10210000020EDB50040F02D0020EDB50E76E030E0E
:10211000E7CFDBFF2ADA02E0BDD9FEE1010B07E0E1
:1021200000DA02E06ED9FEE1D950040F2FD921DA8E
:1021300002E0B0D9FEE1010B4EE0F3D902E061D933
:10214000FEE1D950080F46D0F80EDB5004E0020E35
:10215000DB50040F02D0020EDB50E76E030EE7CF18
:10216000DBFFDFAA1CD0A8D936E2FFD902E092D962
:10217000FEE1010B07E0D5D902E043D9FEE1D950D9
:102180000C0F04D9F6D902E085D9FEE1010B23E05A
:10219000C8D902E036D9FEE1D950100F1BD08CD936
:1021A0001AE2E3D902E076D9FEE1010B07E0B9D9E2
:1021B00002E027D9FEE1D950140FE8D8DAD902E0BD
:1021C00069D9FEE1010B07E0ACD902E01AD9FEE1C2
:1021D000D950180FDBD8FB0EDBCF00F0FC0EDBCFA5
:1021E00001F0FD0EDBCF02F0FE0EDBCF03F0080E98
:1021F0005CD9FEE1FB0E00C0DBFFFC0E01C0DBFF83
:10220000FD0E02C0DBFFFE0E03C0DBFF020EDB2A69
:102210004FD7080EDB500A017213090EDB500A017A
:1022200073130A0EDB500A0174130B0EDB500A0104
:102230007513080EDBCF00F0090EDBCF01F00A0E9C
:10224000DBCF02F00B0E5FD9040EDBCF04F0050EDE
:10225000DBCF05F0060EDBCF06F0070EDBCF07F075
:10226000D950080F3AD962D9100EDB500A017A13FF
:10227000110EDB500A017B13120EDB500A017C1396
:10228000130EDB500A017D13100EDBCF00F0110E90
:10229000DBCF01F0120EDBCF02F0130E76D90A016C
:1022A0007E5100160A017F5101160A018051021663
:1022B0000A01815103160C0EDBCF04F00D0EDBCFAB
:1022C00005F00E0EDBCF06F00F0EDBCF07F0D95076
:1022D000100F03D90A017E6F015005100A017F6FAC
:1022E000025006100A01806F035007100A01816F27
:1022F000180EDB500A018213190EDB500A018313FA
:102300001A0EDB500A0184131B0EDB500A018513E1
:10231000180EDBCF00F0190EDBCF01F01A0EDBCF69
:1023200002F01B0E32D90A01865100160A018751AC
:1023300001160A01885102160A0189510316140E6A
:10234000DBCF04F0150EDBCF05F0160EDBCF06F069
:10235000170EDBCF07F0D950180FBFD80A01866FD0
:10236000015005100A01876F025006100A01886F9C
:10237000035007100A01896F1C0EE15C02E2E16A5A
:10238000E552E16EE552E7CFD9FF1200E96EDACFF0
:10239000EAFF0050EE120150EE120250EE1203500E
:1023A000EE1212000B0EDB500A0172130C0EDB5002
:1023B0000A0173130D0EDB500A0174130E0EDB506D
:1023C0000A0175130B0EDBCF00F00C0EDBCF01F012
:1023D0000D0EDBCF02F00E0E96D8070EDBCF04F009
:1023E000080EDBCF05F0090EDBCF06F00A0EDBCFBF
:1023F00007F0D9500B0F71D896EF92F0A6D8E66A85
:102400001200D8900036013602360336E806120074
:10241000006E016A026A036A12000016000E0116BD
:10242000010EDBCFE7FF0050E712010EE7CFDBFF25
:1024300012000016000E0116020EDBCFE7FF00505F
:10244000E712020EE7CFDBFF1200D950030FE96E4F
:10245000DACFEAFF1200D89001320032E80412000D
:102460009BD8ABEF92F0D950FB0FE96EFF0EDA204C
:10247000EA6EEE500016EE500116EE500216EE50C7
:102480001200DB50EFCFE7FFE75212005ED8010EDB
:10249000E66E1200E8427F0BE70612000014DF121E
:1024A0003DCB00F03ECB01F01200D8900332023257
:1024B00001320032E8061200000EDF9ADF9CDF9E38
:1024C000180EDF5C120048CB00F049CB01F012007F
:1024D00053CB00F054CB01F01200E96EDACFEAFFE3
:1024E000EE500416EE500516EE500616EE50071686
:1024F000005004101200F310051006100710081009
:10250000091008EF92F041D80A01765100160A012D
:10251000775101160A01785102160A017951031602
:102520001200010E75DFDF501F0B12000A01766FDB
:10253000015005100A01776F025006100A01786FEA
:10254000035007100A01796F120088DD006E070E34
:10255000E15E00501200DB6A070EDB6A080EDB6AE0
:10256000090EDB6A0A0EDB6A12006FDFF90E41EF1B
:1025700092F06BDFFA0E41EF92F0D9500B0FC6EFDD
:1025800091F0D950070FC6EF91F0DBCF03F0001E9A
:10259000011E021E031E12000B0EDB6A0C0EDB6A0C
:1025A0000D0EDB6A0E0E1200299E08D0299E31AE58
:1025B00005D0306C311EE86A3122298E31C02BF0F3
:1025C00030C02AF03B6A3A6A8E0E2C6E2D6A05EFF7
:1025D00096F0299E0CD0299E31AE09D02E6C2F1E6C
:1025E000301E311EE86A2F2230223122298E31C05E
:1025F0002BF030C02AF02FC03BF02EC03AF09E0ED8
:102600002C6E2D6A05EF96F0377E296A41EC96F024
:1026100059EC96F029B6E9EF95F029A20AD029AA3B
:1026200003D029BEE9EF95F029A4F5EF95F0F2EF7C
:1026300095F029AA05D029ACF5EF95F0F2EF95F0C9
:1026400029A00AD029A808D029BE04D029A402D0E4
:10265000FEEF95F002EF96F03A6A2D6A3750325C41
:10266000396E10E32FC03BF030C02AF031C02BF0A0
:1026700032C038F034C02FF035C030F036C031F001
:10268000293A09D034C03BF035C02AF036C02BF0CF
:1026900037C038F0396C299E29BC298E38C02CF0FF
:1026A00029B031EF96F01A0E396031EF96F02C6AAE
:1026B000326A29A408D02F6C301E311E321EE86AFF
:1026C00030223122322229AC08D03B6C2A1E2B1E2C
:1026D0002C1EE86A2A222B222C222E6A395207E06D
:1026E0003234313230322F322E32392EF9D72F5048
:1026F0003B2630502A2231502B2232502C222EC021
:102700003AF0299E2CAE0BD03A6C3B1E2A1E2B1E93
:102710002C1EE86A3B222A222B222C22298E2CA056
:1027200006D0D8802B322A323B323A32382A38C08F
:102730002CF005EF96F0296A41EC96F059EC96F0F2
:1027400029B6E9EF95F029A205D029BAE9EF95F06D
:10275000F0EF95F029BAFCEF95F029A005D029B843
:10276000E9EF95F0FCEF95F029B8F0EF95F02D6AC0
:102770007F0E32242C6EE86A2D2237502C5EE86AD8
:102780002D5A1A0E386E326A3A6A3B6A2A6A2B6AE6
:1027900034502F5E3550305A3650315A000E325A6E
:1027A00009E734502F263550302236503122000EA2
:1027B000322201D03A8AD8902F363036313632362E
:1027C000D8903A363B362A362B36382EE1D7315060
:1027D00030102F10D8A43A8A05EF96F0296A41EC00
:1027E00096F059EC96F029B6E9EF95F029A205D0BC
:1027F00029B8E9EF95F0F0EF95F029AA05D029B0B6
:10280000E9EF95F0F0EF95F029B002D029A802D0B9
:10281000FCEF95F02D6A375032242C6EE86A2D2299
:102820007E0E2C5EE86A2D5A3A6A3B6A2A6A2B6A47
:1028300036503102F4CF2BF0F3CF2AF0355031026D
:10284000F3503B26F4502A22000E2B223650300241
:10285000F3503B26F4502A22000E2B223450310232
:10286000F3503A26F4503B22000E2A222B223550F8
:102870003002F3503A26F4503B22000E2A222B223B
:1028800036502F02F3503A26F4503B22000E2A22F3
:102890002B2234503002F4503A26000E3B222A22DA
:1028A0002B2235502F02F4503A26000E3B222A22CA
:1028B0002B2205EF96F0286A36AE64EF94F0356C63
:1028C000361EE86A3622281E31AE6CEF94F0306C6A
:1028D000311EE86A3122281EA8ECBDF031BE7CEF23
:1028E00094F028AE000C306C311EE86A31222C6C5A
:1028F0002D1EE86A2D22000C28BE73EF94F0298863
:10290000FF0C31C03BF030C03AF030503502F4CF0C
:102910002FF0F3CF2EF031503602F4CF31F0F3CF59
:1029200030F03502F3502F26F4503022E86A31227D
:102930003A503602F3502F26F4503022E86A312202
:1029400036AEA7EF94F03A50305E3B50315A3BAE72
:10295000000C3550305E3650315A000C30C03AF021
:1029600030503502F4CF2FF0F3CF2EF03150360235
:10297000F4CF31F0F3CF30F03502F3502F26F4507E
:102980003022E86A31223A503602F3502F26F450B2
:102990003022E86A3122000C31C03BF030C03AF0FE
:1029A0002FC039F02F503402F4CF2DF0F3CF2CF09C
:1029B00030503502F4CF2FF0F3CF2EF03402F35025
:1029C0002D26F4502E22E86A2F2239503502F3507A
:1029D0002D26F4502E22E86A2F2231503402F35073
:1029E0002E26F4502F2231503502306AE86A302208
:1029F000F3502F26F450302239503602F3502E2651
:102A0000F4502F22316AE86A302231223A503602DD
:102A1000F3502F26F4503022E86A31223B50360220
:102A2000F3503026F4503122000C296A41EC96F024
:102A300029B61FEF95F029A20ED029B405D07F0E3C
:102A4000316EFF0E306E1FD0800E316E306A1BD09B
:102A5000316A306A18D029B0FBD78F0E3260EDD7BB
:102A60007E0E3264F5D78E0E325C05E0D89031329E
:102A70003032322AF8D729A406D0306C311EE86AE9
:102A8000312231AEE5D71200296A41EC96F029B621
:102A90004EEF95F029A20FD029B407D07F0E316EEA
:102AA000FF0E306E2F6E2E6E25D0800E316E01D04F
:102AB000316A000EF6D729B0FBD72E6A9F0E32601E
:102AC000EBD77E0E3264F4D79E0E325C07E0D890CE
:102AD000313230322F322E32322AF6D729A40AD0A0
:102AE0002E6C2F1E301E311EE86A2F22302231221A
:102AF00031AEDED7120094EC95F029B6000C29B067
:102B0000010C000C94EC95F029B6000C29B0000CD7
:102B100029B4000C010C94EC95F029B6000C29B0F6
:102B2000000C29A4000C010C296A41EC96F059EC28
:102B300096F029B6120029AE08D029A004D029A801
:102B400002D029801200299012003750325C0BE12C
:102B50003650315C08E13550305C05E134502F5C73
:102B600002E129801200D8A002D0298E10D0325064
:102B700037C032F0376E315036C031F0366E3050DB
:102B800035C030F0356E2F5034C02FF0346E3750D2
:102B9000325C10E0FF0F09E0299029B403D029AE80
:102BA0002984120029AE29941200372AD89036328F
:102BB0003532343234502F5E3550305A3650315A17
:102BC00031BEEAD7D8902F3630363136322EF8D78C
:102BD000C8D77F0E326EFF0E316E306E2F6E120030
:102BE0007F0E29BEFF0E326E02D07F0E326E800E37
:102BF000316E306A2F6AF3D729AE04D0800E326E60
:102C0000316AF7D7326A316AF4D72B502A103B1059
:102C10003A10F8E02DBEF0D72BBE0CD02C502D1062
:102C2000EBE0D8903A363B362A362B362C06D8A025
:102C30002D06F2D72D50D4E12C28D2E03AAE11D097
:102C40007F0E3A1402E13BA00CD03B2AE86A2A220C
:102C50002B2207E3D8802B322A323B322C2A2C2815
:102C6000BFE02C50C9E03BC02FF02AC030F02B341D
:102C7000316E2C30326E3132329E29BE328EEFEF01
:102C800095F03136323602E32984297E06E1298027
:102C9000326A316A306A2F6A1200322803E0D88023
:102CA00031321200D890313202E129821200298695
:102CB00012003636373602E3298C297E06E1298850
:102CC000376A366A356A346A1200372803E0D880DA
:102CD00036321200D8903632EAE1298A1200F1C168
:102CE00042F70401FE29006E3C0E016E366E00C0F4
:102CF00031F0BEECBDF02DC043F70401FE51D88089
:102D00002D540AE2070143510701425D14E2040118
:102D1000FE510701425D0FE30401FE510701435DCF
:102D200012E2070143510701425D0DE30401FE5128
:102D30000701425D08E2FF0E0401FF5D02E00401AD
:102D4000FF2B42C7FEF4080108014E51040B07E1B6
:102D50000401FF5104E008014E850401FF07120041
:102D60000401D82BFF0E0401D85D14E10401D86BD7
:102D70000401D52B400E0401D55D0CE10401D56B97
:102D80000401D981D3C4D6F4D4C4D7F40401D32B1D
:102D9000000ED423120007016A6B6B6B07016C6B8A
:102DA0000501BF5107016C5D2AE26AC7F3F06BC7EA
:102DB000F4F007016C51050DD3DAEECFEEF0EECF53
:102DC000EFF0EECFF0F0EECFF1F0EFCFF2F0B9C5CB
:102DD000EAF0BAC5EBF0BBC5ECF0BCC5EDF05EECBB
:102DE000B3F007016C51050D0501BADADEDA07010F
:102DF0006A27EE5007016B2307016C2BD1D7120015
:102E0000050185510501865D1EE27DC5FEF07EC58A
:102E1000FFF0BFDAEECFF9F0EECFFAF0EECFFBF035
:102E2000EECFFCF0EFCFFDF07FC5F5F080C5F6F0FA
:102E300081C5F7F082C5F8F0B8ECB3F0000901E005
:102E4000010C52DADDD7000C0AECB4F0000901E005
:102E5000010C4ADA00EF97F00701D30E8B6F040ED6
:102E60008C6F030E07018D6F8E6B0701020E8F6F43
:102E70000401D9938B0EE66E070EE66E03D8E55279
:102E8000E5521200D9CFE6FFE1CFD9FF07010D0EC1
:102E90006A6F000E6B6F0401D9B3ACD08CDA040BEF
:102EA0000DE038DA0401F65165DAB40E0026050E9D
:102EB00025DA0401F62BF6C4FDF42CD07CDA020BE3
:102EC00018E028DA0401E85155DA910E0026050EC3
:102ED00015DA0401E82BE8C4EFF434DA66DA040109
:102EE000E427EE500401E523E4C4EBF4E5C4ECF47C
:102EF00011D010DA0401E1513DDA870E0026050EEB
:102F0000FDD90401E12B1EDA50DA0401DD27EE5071
:102F10000401DE23090E036A0D0F026E000E032268
:102F200002500401DD25006E03500401DE21016E14
:102F3000020E306E316AE4C435F0E5C436F0AEEC12
:102F400094F000502E240401F26F01502F20040150
:102F5000F36F0401FF0ED880F257030EF357010EF2
:102F60000F0B040105E0D890F333F233E806FBE1E0
:102F7000FC0E0401F217FF0E0401F317F2C4F9F47A
:102F8000F3C4FAF40401DD5107016A270401DE519C
:102F900007016B236AC7E2F46BC7E3F40401E45151
:102FA00007016A270401E55107016B236AC7F0F4A2
:102FB0006BC7F1F40401F25107016A270401F351D0
:102FC00007016B236AC7E9F46BC7EAF40401EB510C
:102FD00007016A270401EC5107016B236AC7F7F464
:102FE0006BC7F8F40401F95107016A270401FA518B
:102FF00007016B23E552E7CFD9FF1200040EE66EFE
:10300000000EE66EF6ECBAF0E552E55208014E9776
:10301000E8B04E8708014EA704D00601010E6A6F82
:1030200012000701040E8B6F000E8C6F010E07015A
:103030008B27000E07018C230701AA0E8D6F89D9FB
:10304000080E0026000E0122070100508B5D015082
:103050008C5916E207018D51010812E207018BC756
:1030600000F08CC701F08B2B000E8C2300C0E6FF14
:1030700001C0E6FFF6ECBAF0E552E5520701DED7F3
:1030800007018D51010802E207018D6B8DC7D2F453
:10309000DBC4B9F5DCC4BAF5DDC4BBF5DEC4BCF5F0
:1030A000DFC4BDF5E0C4BEF5E1C4BFF574DE0401C4
:1030B000D2511EE1E2C4B9F5E3C4BAF5E4C4BBF5EC
:1030C000E5C4BCF5E6C4BDF5E7C4BEF5E8C4BFF58C
:1030D00062DEF0C4B9F5F1C4BAF5F2C4BBF5F3C4CD
:1030E000BCF5F4C4BDF5F5C4BEF5F6C4BFF51DD0FE
:1030F000E9C4B9F5EAC4BAF5EBC4BBF5ECC4BCF558
:10310000EDC4BDF5EEC4BEF5EFC4BFF544DEF7C4B3
:10311000B9F5F8C4BAF5F9C4BBF5FAC4BCF5FBC4FB
:10312000BDF5FCC4BEF5FDC4BFF5CBEF96F0D7DD11
:103130000401DA51060A01E1CCD0030A01E1B0D062
:10314000010A01E19BD0070A01E18BD0010A5DE091
:10315000030A2AE0010A01E0C4D006016A5101E134
:10316000C2D008014E51040B01E1BDD008015A51F3
:1031700001E112000401010EDA6F06016A6B080119
:103180004E95EEDD02D9DBC47FF5DCC480F5DDC4ED
:1031900081F5DEC482F5DFC483F5E0C484F5E1C4C3
:1031A00085F5EED805E012004FDE000901E01200BF
:1031B0000401020EDA6F0401D25112E00401D26B55
:1031C000E4D8E2C47FF5E3C480F5E4C481F5E5C446
:1031D00082F5E6C483F5E7C484F5E8C485F512D02A
:1031E0000401010ED26FD1D8E9C47FF5EAC480F59D
:1031F000EBC481F5ECC482F5EDC483F5EEC484F52F
:10320000EFC485F5BDD805E012001EDE000901E01F
:1032100012000401030EDA6F0401D25110E1B5D897
:10322000F0C47FF5F1C480F5F2C481F5F3C482F5F2
:10323000F4C483F5F5C484F5F6C485F50FD0A5D89C
:10324000F7C47FF5F8C480F5F9C481F5FAC482F5B6
:10325000FBC483F5FCC484F5FDC485F591D805E075
:103260001200F2DD000901E012000401040EDA6F21
:10327000D2C43EF76ED8D3C402F056D039ECBBF0BE
:10328000000901E112000401D9A10FD00401050ECB
:10329000DA6F0701AA0E3E6F5CD8D6C402F044D0A4
:1032A00039ECBBF0000901E1120008014EA70ED075
:1032B0000401060EDA6F08014E9707013E6B070105
:1032C000040E3C6F000E3D6F12EFBBF00401DA6B91
:1032D000120039ECBBF0000901E112000401DA6BC5
:1032E00012000401DA6B120054D85FD805017D2763
:1032F000EE5005017E230501862B1200012200C03D
:10330000E6FF01C0E6FF41ECB8F0026E060EE15E9A
:1033100002501200050EE66EE66AFD0EDBCFE6FFF8
:10332000FE0EDBCFE6FF12000001036A070E021655
:103330000050022407013C6F0150032007013D6F3C
:1033400012EFBBF0FD0EDBCFE9FFFE0EDBCFEAFF95
:103350001200010E016A040F006E000E012212001D
:103360000501BD51F324E96E05010501BE51F420AC
:10337000EA6E1200050DF3CF00F0F4CF01F0120059
:103380000501866B3DDD0009120005017D6B7E6B3A
:10339000120005018651050D05018351F324E96EE4
:1033A00005018451F420EA6E1200020EE926000E97
:1033B000EA22EE501200C6DF040EE926000EEA22D1
:1033C000EF5012000301C66B0501056B0801010EE9
:1033D000506F516B526B536B0801080E546F08010C
:1033E000010E596F08015A6F0901946B0901956B21
:1033F0000901966B0901976B0901986B0901996B9B
:1034000009019A6B09019B6B09019C6B09019D6B7A
:1034100009019E6B09019F6BA06BA16BA26B090157
:10342000A36B0901A46BA56BA66BA76B0901A86B25
:10343000A96B0901AA6BAB6BAC6BAD6B0901AE6BF1
:10344000AF6BB06BB16B0901B26BB36BB46BB56BA7
:103450000901B6690901B76B0901B86BB96BBA6BA1
:10346000BB6B0901BC6B0901BD6B0901BE6B090196
:10347000BF6F0901C06B0901C16BC26BC36BC46B29
:1034800008015F6B0901C56BC66BC76BC86B09018F
:10349000C96BCA6BCB6BCC6B0801746B756BC80EB8
:1034A000766F410E776F0801786B796BA80E7A6F93
:1034B000410E7B6F08017C6B7D6BC00E7E6F3F0EF3
:1034C0007F6F0801806B816BC00E826F3F0E836F30
:1034D0000901010ECD6F0901CE6B0801606B080177
:1034E000616F0801626F0901CF6B0901D06B09019F
:1034F000D16B0901D26B0901D36B0801636B080121
:10350000646F0801656B0801666B0801676B080151
:10351000686F0801696B08016A6B0801846B856B31
:10352000400E866F876F08016B6B0801886B896B93
:103530008A6B8B6F040E08018C6F8D6BB40E0801C3
:103540008E6F8F6B08012C0E906F010E916F08012A
:10355000B00E926F040E936FB40E0801946F956BCA
:1035600008012C0E966F010E976F1E0E0801986FC2
:10357000996B08019A6F9B6B08019C6B9D6B08010E
:103580006C6B08016D6B08016E6B0801010E6F6FAB
:103590000801706B08012C0E9E6F010E9F6F0801D1
:1035A000A06BA16B3C0E0801A26FA36B0801A46B7A
:1035B000A56BA66BA76B0801A869A969AA69AB6985
:1035C0000801800EAC6FAD6BAE6BAF6B0801B069DC
:1035D000B169B269B3690801B46BB56BB66BB76B0F
:1035E00008010F0EB86FB96BBA6BBB6B0801BC6BEF
:1035F000BD6BBE6BBF6B0801F00EC06FC169C269C5
:10360000C3690801C46BC56BC66BC76B0801800E2C
:10361000C86FC96BCA6BCB6B0801CC6FCD6BCE6B1F
:10362000CF6B0801D06BD16BD26BD36B0801D46B1D
:10363000D56BD66BD76B0801D86BD96BDA6BDB6BAC
:103640000801DC6BDD6BDE6BDF6B0801E06BE16BAF
:10365000E26BE36B0801E46BE56BE66BE76B08017B
:10366000E86BE96BEA6BEB6B0801EC6BED6BEE6BF7
:10367000EF6B0801F06BF16BF26BF36B0801F46B0D
:10368000F56BF66BF76B0801F86BF96BFA6BFB6B7C
:103690000801FC6BFD6BFE6BFF6B0901006B016B9E
:1036A000026B036B0901D46BD56BD66BD76B090129
:1036B000D86BD96B0901DA6B0901DB6B0901DC6B93
:1036C0000901DD6BDE6B0901DF6B0901E06B0901AC
:1036D000E16B0901E26BE36B0901E46B0901E56B46
:1036E0000901E66B0901E76BE86BE96BEA6B09011D
:1036F000EB6BEC6BED6BEE6B0901EF6B0901130EDD
:10370000F06F020EF16F0901046B056B066B076B1E
:103710000901F26BF36BF46BF56B0901086B096B34
:103720000A6B0B6B09010C6B0D6B0E6B0F6B0901B8
:10373000106B116B126B136B0901146B156B166B0D
:10374000176B0901186B196B1A6B1B6B09011C6B4A
:103750001D6B1E6B1F6B0901206B216B226B236B92
:103760000901246B256B266B276B0901286B296BDC
:103770002A6B2B6B09012C6B2D6B2E6B2F6B0901A8
:10378000306B316B326B336B0801716B0901F66B77
:10379000F76BF86BF96B0901FA6BFB6BFC6BFD6B5C
:1037A0000A01006B016B026B036B0A01010E046FCF
:1037B0000A01056F0A01066B0A01076B0A01086B13
:1037C0000A01096B0A010A6B0B6B0C6B0D6B0A018A
:1037D0000E6B0F6B106B116B0A01126B136B146B7A
:1037E000156B0801726B0901346B356B0901366B7F
:1037F000376B0901386B396B0A01166F176B186B41
:10380000196B09013A6B3B6B3C6B3D6B09013E6BDD
:103810003F6B406B416B0801736B0901426B436B5B
:103820000A011A6B1B6B1C6B1D6B0A011E691F6959
:10383000206921690A01226B236B246B256B0A0125
:10384000266B276B286B296B0901446B456B466B14
:10385000476B0901486B496B4A6B4B6B09014C6B19
:103860003F0E4D6F4E6F4F6F0901010E506F3F0EAF
:10387000516F526F536F0901020E546F3F0E556F17
:10388000566F576F0901030E586F3F0E596F5A6FED
:103890005B6F0901040E5C6F3F0E5D6F5E6F5F6FC3
:1038A0000901050E606F3F0E616F626F636F090162
:1038B000060E646F3F0E656F666F676F0901070E36
:1038C000686F3F0E696F6A6F6B6F0901080E6C6F4E
:1038D0003F0E6D6F6E6F6F6F0901090E706F3F0EB7
:1038E000716F726F736F09010A0E746F3F0E756FFF
:1038F000766F776F09010B0E786F3F0E796F7A6FD5
:103900007B6F09010C0E7C6F3F0E7D6F7E6F7F6FAA
:1039100009010D0E806F3F0E816F826F836F090169
:103920000E0E846F3F0E856F866F876F09010F0E35
:10393000886F3F0E896F8A6F8B6F09018C6F8D6F57
:103940008E6F8F6F0901906F916F926F936F03016C
:10395000010EB56F0301B96B0301B76F0301BB6BB8
:103960000301BC6B0301BD6B0301BE6BBF6BC06B7E
:10397000C16B19D847ECBDF02EC000F02FC001F08C
:1039800030C002F031C003F02EC0E6FF2FC0E6FFCA
:1039900030C0E6FF31C0E6FF91EC21F0E552E55280
:1039A000E552E55212000801030E566B576B57C8DB
:1039B00058F856C857F8566F0801556B08015585D9
:1039C000100E0801D8905537563757375837E80644
:1039D000F9E1050E080155131200D9CFE6FFE1CF3A
:1039E000D9FFFC0EDBCFE6FFFD0EDBCFE6FFFE0EC0
:1039F000DBCFE6FFE9EC21F0E552E552E552FD0EA2
:103A0000DBCF00F0FE0EDBCF01F0026A030ED89090
:103A1000003601360236E806FAE1690EF66E3D0E12
:103A2000F76E000EF86E0900F5500024F36E0900E1
:103A3000F5500120F46E0900F5500220F86EF4CF25
:103A4000F7FFF3CFF6FF0800F550400B03E0060147
:103A5000010E6A6FE552E7CFD9FF12001301010191
:103A600000000505120601040100500812080104B7
:103A70000200000512010101030004051201010109
:103A80000400540812060104050055081201010142
:103A900009005908130101010A005A0853010101E4
:103AA000B004940913010101B10495091301010146
:103AB000B204960913010101B3049709130101012E
:103AC000B404980913010101B50499091301010116
:103AD000B6049A0913010101B7049B0913010101FE
:103AE000B8049C0913010101B9049D0913010101E6
:103AF000BA049E0912060104BB049F0912010101C8
:103B0000BC04A30912060104BD04A40913040102A4
:103B1000BE04A80912060104BF04AA091206010482
:103B2000C004AE0912060104C104B2091201010168
:103B3000540BB60912010301550BB7091207020411
:103B4000560BB80913010101570BBC091301010100
:103B5000580BBD0913010101590BBE0912060104DE
:103B600008005B08130101015A0BBF091301010191
:103B70005B0BC009120702045C0BC1095301010170
:103B80005D0B5F08120702045E0BC50913070204F0
:103B90005F0BC90953070204600B74085307020442
:103BA000610B780853070204620B7C085307020478
:103BB000630B800813010101640BCD09120101019F
:103BC000650BCE0953010101660B60085301010129
:103BD000670B610853010101680B620812010101C2
:103BE000690BCF09130101016A0BD009130101010F
:103BF0006B0BD109130101016C0BD20913010101F7
:103C00006D0BD309530101016E0B630853010101D0
:103C10006F0B640853010101700B6508530101012A
:103C2000710B660853010101720B67085301010112
:103C3000730B680853010101740B690853010101FA
:103C4000750B6A0853070204760B840853010101BF
:103C5000770B6B0853070204780B8808530404029F
:103C6000790B8C08530404027A0B8E085304040267
:103C70007B0B9008530404027C0B9208530404024B
:103C80007D0B9408530404027E0B9608530404022F
:103C90007F0B980853040402800B9A085304040213
:103CA000810B9C0853010101820B6C085301010137
:103CB000830B6D0853010101840B6E085301010150
:103CC000850B6F0812010101860B70085304050271
:103CD000870B9E0853040402880BA00853040402B7
:103CE000890BA208530601048A0BA4085306010499
:103CF0008B0BA808530601048C0BAC085306010477
:103D00008D0BB008530601048E0BB4085306010452
:103D10008F0BB80853060104900BBC08530601042E
:103D2000910BC00853060104920BC408530601040A
:103D3000930BC80853060104940BCC0853060104E6
:103D4000950BD00853060104960BD40853060104C2
:103D5000970BD80853060104980BDC08530601049E
:103D6000990BE008530601049A0BE408530601047A
:103D70009B0BE808530601049C0BEC085306010456
:103D80009D0BF008530601049E0BF4085306010432
:103D90009F0BF80853060104A00BFC08530601040E
:103DA000A10B000912060104A20BD409120401029E
:103DB000A30BD80912010101A40BDA0912010101B8
:103DC000A50BDB0912010101A60BDC09120401029B
:103DD000A70BDD0912010101A80BDF091201010186
:103DE000A90BE00912010101AA0BE1091204010269
:103DF000AB0BE20912010101AC0BE4091201010154
:103E0000AD0BE50912010101AE0BE6091306010431
:103E1000AF0BE70913060104B00BEB091301010115
:103E2000B10BEF0953040102B20BF009530702046E
:103E3000B30B040912070204B40BF2095306010480
:103E4000B50B080953060104B60B0C09530601040F
:103E5000B70B100953060104B80B140953060104EB
:103E6000B90B180953060104BA0B1C0953060104C7
:103E7000BB0B200953060104BC0B240953060104A3
:103E8000BD0B280953060104BE0B2C09530601047F
:103E9000BF0B300953010101C00B71081207020466
:103EA000C10BF60913070204C20BFA091207020438
:103EB000C30B000A13010101C40B040A1301010121
:103EC000C50B050A13010101C60B060A1301010106
:103ED000C70B070A13010101C80B080A13010101EE
:103EE000C90B090A12070204CA0B0A0A13070204C3
:103EF000CB0B0E0A12070204CC0B120A530101016C
:103F0000CD0B720853040402CE0B3409530404028F
:103F1000CF0B360953040402D00B380913060104F1
:103F2000D10B160A53060104D20B3A0953060104B9
:103F3000D30B3E0953010101D40B73085304010252
:103F4000D50B420912060104D60B1A0A1306010406
:103F5000D70B1E0A13060104D80B220A130601040C
:103F6000D90B260A53060104DA0B4409530601044F
:103F7000DB0B480953060104DC0B4C095306010412
:103F8000DD0B500953060104DE0B540953060104EE
:103F9000DF0B580953060104E00B5C0953060104CA
:103FA000E10B600953060104E20B640953060104A6
:103FB000E30B680953060104E40B6C095306010482
:103FC000E50B700953060104E60B7409530601045E
:103FD000E70B780953060104E80B7C09530601043A
:103FE000E90B800953060104EA0B84095306010416
:103FF000EB0B880953060104EC0B8C0953060104F2
:10400000ED0B90090601300E9C6F0601180E9D6F96
:104010005E0E9E6F010E9F6F0601EA0EA06F0601F5
:10402000080EA16F5F0EA26F010EA36F0601050EB1
:10403000A46F010EA56F0601140E0C6F0B0E0D6F11
:104040000601000E0E6F060E0F6F0601030E106FB5
:104050000601220E116F0B0E126F0601020E136F76
:10406000060E146F0601030E156F0601170E166F6C
:104070000B0E176F0601010E186F060E196F060161
:10408000030E1A6F0601250E1B6F0B0E1C6F060127
:10409000030E1D6F060E1E6F0601030E1F6F060135
:1040A000DD0E206F0B0E216F0601040E226F060E2F
:1040B000236F0601040E246F0601080E256F060EFD
:1040C000266F0601E10E286F0B0E296F0601050E03
:1040D0002A6F060E2B6F0601040E2C6F0601E60EEA
:1040E0002D6F0B0E2E6F0601060E2F6F060E306F12
:1040F0000601040E316F0601EF0E326F0B0E336FA7
:104100000601070E346F060E356F0601040E366F7A
:104110000101100E096F01010A6F0B013D6B3E6B2F
:104120000B01486B496B0B01536B546B0B013B6BE1
:104130000B01466B0B01516B0B01436B0B010B0128
:104140004E6B0B010B01596B0B0125C791FA26C76A
:1041500092FA27C793FA28C794FA25C796FA26C772
:1041600097FA27C798FA28C799FA25C79BFA26C74E
:104170009CFA27C79DFA28C79EFA25C7A0FA26C72A
:10418000A1FA27C7A2FA28C7A3FA0A01A56B0A0158
:10419000A86B0A01AB6B0A01AE6B0A01B16B0A0195
:1041A000B46B0A01B76B0A01BA6B0A01BD6B0A0155
:1041B000C06B0A01C36B0A01C66B0A01C96B0A0115
:1041C000CC6B0A01CF6B0A01D26B0A01D56B0A01D5
:1041D000D86B0A01DB6B0A01DE6B0A01E16B0A0195
:1041E000E46B0A01E76B0A01EA6B0A01ED6B0A0155
:1041F000F06B0A01F36B0A01F66B0A01F96B0A0115
:10420000FC6B0B01006B0B01036B0B0106910B01A7
:1042100007910B0109910B010A910B010C910B0104
:104220000D910B010F910B0110910B011A910B01D4
:104230001B910B011C910B011D910B0135910B0181
:1042400036910B0137910B01426B0B014D6B0B014A
:10425000586B0B015B810B015D810B015F810B01D1
:1042600061810B0163910B01656F270E666F0B0176
:10427000100E6A6F270E6B6F0B01100E6F6F270EFB
:10428000706F0B01100E746F270E756F0B01100EFF
:10429000796F270E7A6F0B01100E7E6F270E7F6FDE
:1042A0000B01100E836F270E846F0B01100E886FA9
:1042B000270E896F0B01DD6B0B01DE6B0B01DF6BD2
:1042C0000B01E06B0B01E16B0B01E26B0B01E36B8C
:1042D0000B01E46B0B01E66B0B01E76B0B01E86B69
:1042E0000B01E96B0B01EF6B0B01F06B0B01F16B39
:1042F0000B01F26B0B01EC6BED6B0B01F56BF66BCD
:1043000002D8FCEFA1F00A01A66B0A01A96B0A0111
:10431000AC6B0A01AF6B0A01B26B0A01B56B0A0103
:10432000B86B0A01BB6B0A01BE6B0A01C16B0A01C3
:10433000C46B0A01C76B0A01CA6B0A01CD6B0A0183
:10434000D06B0A01D36B0A01D66B0A01D96B0A0143
:10435000DC6B0A01DF6B0A01E26B0A01E56B0A0103
:10436000E86B0A01EB6B0A01EE6B0A01F16B0A01C3
:10437000F46B0A01F76B0A01FA6B0A01FD6B0B0182
:10438000016B0B01046B0B0106930B0107930B01EF
:1043900009930B010A930B010C930B010D930B0175
:1043A0000F930B0110930B011A930B011B930B013D
:1043B0001C930B011D930B0128930B0129930B01F7
:1043C0002A930B012B930B0135930B0136930B01B1
:1043D00037930B0138930B01436B0B014E6B0B01B1
:1043E000596B0B015B930B015D930B015F930B0109
:1043F00061930B01639312000A01906B0A01956BA4
:104400000A019A6B0A019F6B0A01A46B0A01A76B50
:104410000A01AA6B0A01AD6B0A01B06B0A01B36B0A
:104420000A01B66B0A01B96B0A01BC6B0A01BF6BCA
:104430000A01C26B0A01C56B0A01C86B0A01CB6B8A
:104440000A01CE6B0A01D16B0A01D46B0A01D76B4A
:104450000A01DA6B0A01DD6B0A01E06B0A01E36B0A
:104460000A01E66B0A01E96B0A01EC6B0A01EF6BCA
:104470000A01F26B0A01F56B0A01F86B0A01FB6B8A
:104480000A01FE6B0B01026B0B01056B0B01086B44
:104490000B010B6B0B010E6B0B01116B0B01136B03
:1044A0000B01216B0B012F6B0B01316B0B01326B7D
:1044B0000B01336B0B01346B0B01396B0B01446B3C
:1044C0000B014F6B0B015A6B0B015C6B0B015E6BAD
:1044D0000B01606B0B01626B0B01646B0B01696B71
:1044E0000B016E6B0B01736B0B01786B0B017D6B1A
:1044F0000B01826B0B01876B0B018C6B0B01916BBA
:104500000B01966B0B019B6B0B01A06B0B01A56B59
:104510000B01AA6B0B01AF6B0B01B46B0B01B96BF9
:104520000B01BE6B0B01C36B0B01C86B0B01CD6B99
:104530000B01D26B0B01D76B0B01DC6B0B01E56B35
:104540000B01EE6B1200D9CFE6FFDACFE6FFE1CF29
:10455000D9FFE2CFDAFF260EE12402E3E168E6525A
:10456000E16ED950050FE1D9A9ECB8F0006E060E46
:10457000E15C02E2E16AE552E16E0050DF6E800E1E
:10458000DF5C05E00B0EDB5012E0DF0410E0210ED3
:104590000301FE6FFF6B010EDB68020EDB68030E8A
:1045A000DB687F0EF36E040EF3CFDBFF8FD1040EBA
:1045B000DF5C0EE13EDA010EEECFDBFF020EEECF46
:1045C000DBFF030EEECFDBFF040EEECFDBFF7ED171
:1045D000DF0410E1210E0301FE6FFF6B010EDB6AA9
:1045E000020EDB6A800EF36E030EF3CFDBFF040EC8
:1045F000DB686CD1D9500C0F98D986ECB7F0006EFF
:10460000060EE15C02E2E16AE552E16E0050FA0E4C
:104610002EC0DBFFFB0E2FC0DBFFFC0E30C0DBFF2C
:10462000FD0E31C0DBFFA6D9F30E346E040E356EDD
:10463000350E366E3F0E87D982EC95F0010A09E1FE
:10464000B3D984D904EC93F067D9EDD984D9ACD926
:1046500016D00C0EDB060D0E01E2DB068BD9346A98
:10466000356A366A3F0E6FD976D9160EDBCF04F065
:10467000170EDBCF05F0180EDBCF06F0190E66D94A
:10468000EEEC93F049D9CFD905EC93F01A0E2FC078
:10469000DBFF1B0E30C0DBFF1C0E31C0DBFF1D0E2D
:1046A00032C0DBFF160EDBCF2FF0170EDBCF30F062
:1046B000180EDBCF31F0190EDBCF32F01A0EDBCF44
:1046C00034F01B0EDBCF35F01C0EDBCF36F01D0EA9
:1046D000DBCF37F09BEC93F01FD9120E2FC0DBFF1E
:1046E000130E30C0DBFF140E31C0DBFF150E32C0DD
:1046F000DBFF4DD9120EDBCF34F0130EDBCF35F0DC
:10470000140EDBCF36F0150E62D90E0E2FC0DBFF74
:104710000F0E30C0DBFF100E31C0DBFF110E32C0B8
:10472000DBFF3D0EF36E1E0EF3CFDBFF7E0EF36E4E
:104730001F0EF3CFDBFF0D0EF36E200EF3CFDBFF6A
:10474000BF0EF36E210EF3CFDBFF0E0EDBCF00F0BA
:104750000F0EDBCF01F0100EDBCF02F0110EDBCF1E
:1047600003F03A0E346E3F0E356ED40E366EC00E28
:10477000EAD805EC93F0220E2FC0DBFF230E30C0E9
:10478000DBFF240E31C0DBFF250E32C0DBFF0E0E37
:10479000DBCF2FF00F0EDBCF30F0100EDBCF31F080
:1047A000110EDBCF32F01E0EDBCF34F01F0EDBCF4D
:1047B00035F0200EDBCF36F0210E09D9220EDBCFEB
:1047C00034F0230EDBCF35F0240EDBCF36F0250E90
:1047D000DBCF37F09BEC93F007D9120EDBCF00F064
:1047E000130EDBCF01F0140EDBCF02F0150EDBCF82
:1047F00003F0CDD8010EDBCF34F0020EDBCF35F065
:10480000030EDBCF36F0040EE2D82FC004F030C028
:1048100005F031C006F032C007F078D8046A800E87
:10482000056E310E066E3F0E076EC9D82FC008F018
:1048300030C009F031C00AF032C00BF0CCD8E1D85A
:10484000EEEC93F069D8830E146E800E156E5E0E3A
:10485000166EB90E176EB3D82FC018F030C019F00D
:1048600031C01AF032C01BF0B6D814C02FF015C0FA
:1048700030F016C031F017C032F0EEEC93F02FC0DC
:1048800010F030C011F031C012F032C013F0010E40
:10489000DBCF1CF0020EDBCF1DF0030EDBCF1EF0D2
:1048A000040EDBCF1FF01CC034F01DC035F01EC05D
:1048B00036F01FC037F005EC93F02FC00CF030C07D
:1048C0000DF031C00EF032C00FF020D8010EDBCF5A
:1048D00000F0020EDBCF01F0030EDBCF02F0040E7E
:1048E000DBCF03F000C02EF001C02FF002C030F08B
:1048F00003C031F0260EE15C02E2E16AE552E16EAE
:10490000E552E5CFDAFFE7CFD9FF120064D882D8AD
:1049100005EC93F0F4EFA4F02FC000F030C001F0EC
:1049200031C002F032C003F01200E66E000EDA2051
:10493000E66E7FD8EECFE6FFEECFE6FFEECFE6FFE6
:10494000EFCFE6FF1200376E0AEFA5F0DBCF07F0DE
:104950006AD801EFA5F004EC93F0160E2FC0DBFF30
:10496000170E30C0DBFF180E31C0DBFF190E32C04E
:10497000DBFF1200FA0EDBCF00F0FB0EDBCF01F005
:10498000FC0EDBCF02F0FD0EDBCF03F01200120EA7
:10499000DBCF2FF0130EDBCF30F0140EDBCF31F076
:1049A000150EDBCF32F01200FA0EDBCF04F0FB0E57
:1049B000DBCF05F0FC0EDBCF06F0FD0E12000C0E77
:1049C000DBCF30F00D0EDBCF31F0D6EF92F0DBCF46
:1049D00037F0EEEF93F02FC034F030C035F031C037
:1049E00036F032C037F01200010E2FC0DBFF020E8E
:1049F00030C0DBFF030E31C0DBFF040E32C0DBFF33
:104A0000120004C02FF005C030F006C031F007C01E
:104A100032F0120000C02FF001C030F002C031F0BF
:104A200003C032F01200346A356A366A3F0E376EC0
:104A30001200D950FA0FE96EFF0EDA20EA6E12006A
:104A4000808682928296829A46DA9496949A02019D
:104A5000E06B12000201E051010B010A120019DAA9
:104A6000050EE66E51D215DAF80EDBCFE6FF4CD21A
:104A700052DA050EE66EFB0EDBCFE6FF3BDA02E212
:104A8000E16AE552E16E0AD246DA0CDA33DA02E282
:104A9000E16AE552E16E02D2FCD9E652F70EDBCFB5
:104AA0003FF7F90EDB50DF6EDF50E824400B006E5D
:104AB000FE0EDB503F0B001080090201E16FFD0E7E
:104AC000DBCFE2F2F90EDB50C00B006EFC0EDB50C8
:104AD0003F0B00100201E36FFA0EDBCFE9FFFB0E84
:104AE000DBCFEAFFEFCFE4F2010EE76EFA0EDBCF89
:104AF000E9FFFB0EDED9EFCFE5F2E10EE66E020E26
:104B0000E66E7DD9E552E5520201E66FF80EDBCF85
:104B1000EFF20201E0930201E081E552BFD1020110
:104B2000E051020B01E0010E1200B3D90201E09343
:104B3000FFD9DBCFEAFFF0C2EFFF0201E751AED1B0
:104B40000201E051080B01E0010E1200A2D9E65269
:104B50003F0E0201E815E66EEBD9B7D9FB0EDBCFAD
:104B6000E9FFFC0EDBCFEAFFE9C2EFFF3F0E0201D7
:104B7000EA15E66EF90EDBCFE9FFFA0EA6D9F70EBD
:104B8000DBCFE9FFF80EDBCFEAFFEBC2EFFF010E50
:104B9000E76EF70EDBCFE9FFF80E8BD9ECC2EFFF23
:104BA0000201E8417F0B200B006EC00E0201EA15E6
:104BB0000010E66EF50EDBCFE9FFF60E86D9E80EA3
:104BC000E66E020EE66E1BD9E552E5520201ED25B6
:104BD000FF080EE1010EDF6E050EE66EE80EE66ED2
:104BE000020EE66E81EC67F0E552E552E55201D027
:104BF000DF6A0201E097DF50E55250D10201E05137
:104C0000100B01E0010E120044D9E652EEC2DFFFA4
:104C10000201E099DF50E55241D13BD9020EE12675
:104C2000010EDF6E58D9949A82969496E66AE66EE3
:104C3000020EE66EC0ECBBF0E552E552E552825042
:104C4000020B01E0010E006E8150020B01E0010E2B
:104C5000005C01E0C9D007014051050A01E1B2D072
:104C6000010A01E1A2D0070A01E183D0010A72E042
:104C7000030A4EE0010A01E0B2D08086020102017F
:104C8000E051040B10E08150010B0DE08096020111
:104C9000E095050E15D90701020E406F8150020BF9
:104CA00001E099D09AD002010201E051010B0BE022
:104CB0008150010B08E00701010E406F809632D948
:104CC00001E18BD088D08050040B0EE0020102017C
:104CD000E051080B09E10701030E406F8096020EB8
:104CE00021D901E17AD077D08250010B0FE0020187
:104CF0000201E051100B0AE18096040EE1D8070191
:104D0000040E406F8150020B68E065D0DF6A6CD002
:104D1000060E0701415D0AE207014151EA6AE10F0F
:104D2000E96E020EEA22EF50CBD80ED03FC7E6FF65
:104D300062ECBDF0E5520201E0910201E08507015D
:104D4000050E406FEFC2F1F20701412B8150020BBB
:104D500044E041D0F3ECBDF00201E76F0201E083D3
:104D6000F1C2F0F20701406B80868150020B35E002
:104D700032D0F3ECBDF0E66E07014151EA6AE80F6C
:104D8000E96E020EEA22E552E750EF6E0701412B71
:104D9000060E0701415D05E10201E08780860701FB
:104DA000406B8150020B19E016D0F3ECBDF002010C
:104DB000EE6F0701406B80860201E0898150020B93
:104DC0000CE009D080860701406B010EC9CFDBFFE4
:104DD0008150020B02E0829207D0828205D0010E40
:104DE000C9CFDBFF0701406BC69ADF50006E020E91
:104DF000E15C02E2E16AE552E16E00504FD049D831
:104E0000030EE126010EDB6A020EDB6ADF6A050E85
:104E1000DF5C25E2DF50E76E8BD84BD8EF50E76EB2
:104E2000010EDBCF00F0020EDBCF01F0E7500026D1
:104E3000000E012258D8DB50FF0B0FE0010EDB2AD9
:104E4000020E01E3DB2AFF0EE76E010EDBCF00F05E
:104E5000020EE7500016016A46D8DF2AD8D7010EA5
:104E6000DB50006E030EE15C02E2E16AE552E16EA6
:104E7000005014D0FC0EDBCFE6FFFD0EDBCFE6FFCB
:104E8000FE0EDBCFE6FF08DE006E080EE15E00508E
:104E90001200D9CFE6FFE1CFD9FF1200E552E7CFEC
:104EA000D9FF1200FA0EDBCFE6FFFB0EDBCFE6FFE9
:104EB0001200DBCFEAFFE750E926000EEA221200DB
:104EC000E66E62ECBDF0E5521200DBCFEAFFE55280
:104ED000E750EF6E120092969492938293809284A0
:104EE000948094881200010E00C0DBFF020E01C006
:104EF000DBFF1200200EE66ED9CFE6FFDACFE6FF29
:104F0000B9DF020EE15C1200F90EDBCFE6FFE66AC4
:104F1000C9DFB0DFC3D7BDDF020EE126DF6A010EB5
:104F2000DB6A1200CDDF0701416B8150020B1200DA
:104F3000FD0EDBCFE9FFFE0E12000701500E2A6FB7
:104F4000C30E2B6F2C6BB6D91CECB2F0E552E552B8
:104F50000601D76B1200A0D9ADD950ECB2F0E552E2
:104F6000E552000930E00701500E2D6FC30E2E6F81
:104F70002F6BA0D930ECB2F0E552E5520601D91FF3
:104F8000DA1F0601D82B040E0601D85D1CE10601CC
:104F9000D86B0601DB1FDC1F0601DF510A0804E3A2
:104FA0000601DD1FDE1F03D00601DD6BDE6B06018F
:104FB000DD51DE1108E10601DF2B0601DF510D088E
:104FC00002E20601DF6B0601C1510601DB15006E2E
:104FD0000601BF510601D9150601BD110010DF6E93
:104FE0000A0E0601DF5D0FE20601DF51E96EEA6A93
:104FF000D890E936EA36C30EE926060EEA22EF50CB
:105000000601DD15DF120601D7A106D04CD9010B30
:1050100002E0818A01D0819A0601D7A306D043D944
:10502000020B02E0818A01D0819A020EE15C02E269
:10503000E16AE55207D130D9FE0EDB50FF0803E1EB
:10504000DE68DD6808D00AD902E03ED9FEE140D929
:1050500000BE016847D94BD932D94ED930D9020E9A
:1050600058D92DD9040E38D9020EE15C02E2E16A6A
:10507000E552E8D0D1D803E1DE68DD6808D0EED88B
:1050800002E022D9FEE124D900BE01682BD92FD934
:10509000EFD8020E4BD930D9EBD8B8D8E9D8040EE6
:1050A000C5D8CAD806E2E9D8E3D83DD9FAE3DB2A65
:1050B000F8D7040EE15C02E2E16AE552C3D0ACD855
:1050C00003E1DE68DD6808D0C9D802E0FDD8FEE162
:1050D000FFD800BE016806D90AD9D4D8040E26D953
:1050E0000BD9D0D893D8CED8020EA0D8A5D806E236
:1050F000C4D8C8D818D9FAE3DB2AF8D7040EE15C83
:1051000002E2E16AE5529ED087D803E1DE68DD68FD
:1051100008D0A4D802E0D8D8FEE1DAD800BE0168F1
:10512000E1D8140EE66EE66AE66A9DD8EBD8E9CFC0
:10513000E6FFEACFE6FF8FECB8F0026E050EE15E07
:105140000250020EDB6A030EDB6AE6D8FD0EDB506E
:10515000036AE850005C035001580CE28ED883D8F3
:105160003CD8EE120350ED12020EDB2A030EEDE3E3
:10517000DB2AEBD745D877D849D875D8040EC9D8DB
:1051800072D8020EA9D8040EE15C02E2E16AE5528F
:1051900059D042D803E1DE68DD6808D05FD802E06C
:1051A00093D8FEE195D800BE01689CD829D86FD865
:1051B0002DD86DD8040EADD86AD8020E37D83CD899
:1051C00006E25BD864D8AFD8FAE3DB2AF8D7040E3E
:1051D000E15C02E2E16AE55235D094D8020E306E0D
:1051E000316ADBCF35F0030EDBCF36F0AEEC94F056
:1051F00000502E24E96E01502F20EA6E025012005A
:1052000076D8001E011E6ED877EFA9F00050EE167A
:105210000150ED1677EFA9F0D9CFE6FFE1CFD9FF26
:10522000040EE126FE0EDB50FF08120055D8020ED8
:10523000DB6A030EDB6A12006FD80A0E005C000EF8
:1052400001581200E16EE552E7CFD9FF1200EE16C9
:105250000350ED16020EDB2A030E1200010EF36E50
:10526000FE0EDB501200FCC2E9FFFDC2EAFF120095
:10527000F8C2E9FFF9C2EAFF1200DECF02F0DDCF8B
:1052800003F01200FAC2E9FFFBC2EAFF1200FEC2FD
:10529000E9FFFFC2EAFF1200D9CFE6FFE1CFD9FF55
:1052A000020EE1261200939AD9CFE9FFDACFEAFF86
:1052B000EF501200F20EE66E020EE66E1200F6C21B
:1052C000E9FFF7C2EAFF1200D890F336E8061200B1
:1052D000F350006E016A120029D80050EE160150FA
:1052E000ED16120000C0DEFF01C0DDFF1200DECFB0
:1052F00000F0DDCF01F012000050EE120150ED126F
:1053000000EFA9F0060E12D8E9CF00F0EACF01F0C5
:1053100012000CD806EFA9F0020EDBCF00F0030E4E
:10532000DBCF01F0120059DF27EFA9F0E926000ECC
:10533000EA221200D9CFE6FFE1CFD9FF150EE12610
:10534000040E00C7DBFF050E01C7DBFF060E02C718
:10535000DBFF070E03C7DBFF08017151020A12E0F1
:10536000030A03E0010A1BE11AD096CADFFF010E0F
:1053700097CADBFF020E98CADBFF030E99CADBFF58
:10538000050E19D09BCADFFF010E9CCADBFF020E7F
:105390009DCADBFF030E9ECADBFF060E0CD091CA2E
:1053A000DFFF010E92CADBFF020E93CADBFF030E82
:1053B00094CADBFF040EF36E0C0EF3CFDBFF040E7A
:1053C000DBCF00F0050EDBCF01F0060EDBCF02F0E5
:1053D000070EDBCF03F074D95CD905EC93F0080E0F
:1053E0002FC0DBFF090E30C0DBFF0A0E31C0DBFF30
:1053F0000B0E32C0DBFF800E0901C01504E008016E
:10540000665101E111D1346A356A400E366E376E4D
:1054100080C82FF081C830F082C831F083C832F0E4
:105420009BEC93F00D0E2FC0DBFF0E0E30C0DBFFA8
:105430000F0E31C0DBFF100E32C0DBFF08016B51D5
:1054400054E030D9DBCF08F0050EDBCF09F0060EB3
:10545000DBCF0AF0070EDBCF0BF00D0EDBCF0CF02D
:105460000E0EDBCF0DF00F0EDBCF0EF0100EDBCFEC
:105470000FF00CC034F00DC035F00EC036F00FC088
:1054800037F008C02FF009C030F00AC031F00BC06F
:1054900032F004EC93F02FC004F030C005F031C0BE
:1054A00006F032C007F026D9F4D88BEC95F0010A4B
:1054B0001CE0F8D8DBCF04F0050EDBCF05F0060EBC
:1054C000DBCF06F0070EDBCF07F004C034F005C0D9
:1054D00035F006C036F007C037F0DBD88BEC95F01E
:1054E000010A06E00701396B03D00701010E396F8D
:1054F00008016B5112E0D950080FE96EDACFEAFFCC
:10550000110EEECFDBFF120EEECFDBFF130EEECF50
:10551000DBFF140EEECFDBFF17D0D2D878C82FF008
:1055200079C830F07AC831F07BC832F005EC93F0DE
:10553000110E2FC0DBFF120E30C0DBFF130E31C087
:10554000DBFF140E32C0DBFF110EDBCF04F0120EB6
:10555000DBCF05F0130EDBCF06F0140EDBCF07F028
:105560006FD804E10701010E3A6F18D0110EDBCF9E
:1055700000F0120EDBCF01F0130EDBCF02F0140EA1
:10558000DBCF03F000C034F001C035F002C036F0CC
:1055900003C037F0A3D802E007013A6B046A056A3A
:1055A000E80E066E410E076E4BD804E10701010EAE
:1055B0003B6F0AD0346A356AE80E366E410E376E9C
:1055C0008DD802E007013B6B0C0EDBCFE6FF81D8E4
:1055D00003E00701010E396F030EE66E7AD80DE085
:1055E00008016B5106E00701010E3A6F07013B6F9E
:1055F00004D007013A6B07013B6B07013A5106E003
:105600000701395103E007013B5102E1000E01D0CF
:10561000010E0701386F030EE66E5BD807E00C0E33
:10562000DBCFE6FF56D802E00701386B150EE15CD0
:1056300002E2E16AE552E16EE552E7CFD9FF1200DE
:105640000D0EDBCF08F00E0EDBCF09F00F0EDBCF17
:105650000AF0100EDBCF0BF008C034F009C035F0B3
:105660000AC036F00BC037F004C02FF005C030F090
:1056700006C031F007C032F004EC93F02FC000F008
:1056800030C001F031C002F032C003F033D86EEF09
:10569000ABF000C02FF001C030F002C031F003C009
:1056A00032F01200D9CFE9FFDACFEAFFEECF00F0F7
:1056B000EECF01F0EECF02F0EFCF03F0040E1200B8
:1056C00004C934F005C935F006C936F007C937F00A
:1056D00012004AEC7FF0E55200091200A0CA2FF038
:1056E000A1CA30F0A2CA31F0A3CA32F08BEC95F017
:1056F000010A12002FC034F030C035F031C036F04E
:1057000032C037F01200D9CFE6FFE1CFD9FF0F0E3C
:10571000E1260A0122512311241125111AE0E40E79
:10572000E66E22CAE6FFE66AB1D923CAE6FF010E99
:10573000E66EACD924CAE6FF020EE66EA7D925CAEA
:10574000E6FF030EE66E91D90A01226B236B246BF0
:10575000256B0A0126512711281129111AE0E50E9F
:10576000E66E26CAE6FFE66A95D927CAE6FF010E6D
:10577000E66E90D928CAE6FF020EE66E8BD929CADA
:10578000E6FF030EE66E6CD90A01266B276B286BC9
:10579000296BE66A030EE66EA0EC1FF0E552E552B7
:1057A000000901E1FAD0090EE126E66A030EE66E71
:1057B00059EC1FF0EECF00F0EECF01F0EECF02F08B
:1057C000EECF03F0EECF04F0EECF05F0EECF06F013
:1057D000EECF07F0EECF08F0EECF09F0EECF0AF0F3
:1057E0000B6E0B0EE15E0B50020E00C0DBFF030ED2
:1057F00001C0DBFF040E02C0DBFF050E03C0DBFFB0
:10580000060E04C0DBFF070E05C0DBFF080E06C056
:10581000DBFF090E07C0DBFF0A0E08C0DBFF0B0E23
:1058200009C0DBFF0C0E0AC0DBFF070EDBCF02F066
:1058300002C003F0026A060EDB5000010210006E87
:105840000D0E00C0DBFF0E0E03C0DBFF050EDB04F8
:105850002CE1EACB00F0EBCB01F00D0EDB50001891
:1058600003E10E0EDB50011808E00D0EDBCFEAFB62
:105870000E0EDBCFEBFBE60EE7D8E60EE5D8F3CB5A
:1058800000F0F4CB01F00D0EDB50001803E10E0E1A
:10589000DB50011808E00D0EDBCFF3FB0E0EDBCF63
:1058A000F4FBE70ED1D8E70ECFD8050EDB50030886
:1058B00047E10901486B496B4A6B4B6B060EDBCF26
:1058C00000F0016A026A036A100E1F0B07E0D8900D
:1058D0000036013602360336E806F9E1070EDBCF63
:1058E00004F0056A066A076A080E1F0B07E0D890E5
:1058F0000436053606360736E806F9E1045000128C
:10590000055001120650021207500312080EDBCF99
:1059100008F0096A0A6A0B6A005008100901486F0A
:10592000015009100901496F02500A1009014A6F1C
:1059300003500B1009014B6F0601010E6A6F37D837
:10594000050EDB50050829E1060EDB50640DF3CF90
:10595000DEFFF4CFDDFFDECF00F0DDCF01F0005041
:105960000B01EC1902E10150ED1906E0DECFECFB72
:10597000DDCFEDFBE80E68D8DECF00F0DDCF01F023
:1059800000500B01F51902E10150F61906E0DECFD7
:10599000F5FBDDCFF6FBE90E57D80F0EE15C02E216
:1059A000E16AE552E16EE552E7CFD9FF1200E40E5D
:1059B000E66E1F0EE66EE66AE60EE66E0B0EE66E0D
:1059C000EFEC7EF0050EE15EE40E31D853D821D81D
:1059D00051D83FD84AD8E50EE66E1F0EE66EE66A4D
:1059E0003FD8E50E24D84CD814D84AD832D830EF56
:1059F000ADF0E66EEFEC7EF0006E050EE15E00505D
:105A00001200E66EEFEC7EF0046E050EE15E0450CF
:105A10001200E66E49C900F04AC901F04BC902F014
:105A20000001036A0050E66E020EE66E1200E66E9A
:105A30004AC900F04BC901F00001026A036A005034
:105A4000E66E010EE66E1200E66EF5EC7EF0E552B3
:105A50001200E66E09014851E66E030EE66E120072
:105A6000EF0EE66E0B0EF9EFACF0E60EE66E0B0EE7
:105A7000F9EFACF0E60EE66E0B0EC3DFE40E12009B
:105A8000EF0EE66E0B0EBDDFE50E1200EEDFE40E4C
:105A9000E66E1200E5DFE50EE66E12006CC847F711
:105AA000C0C946F7CDC948F797D90801685106E043
:105AB000460EE66E070EE66E36D805D0460EE66E4A
:105AC000070EE66EC7D8E552E552070146510901B7
:105AD000C05D06E046C7C0F9010EE66E220E60D931
:105AE0000701475108016C5D06E047C76CF8010EDD
:105AF000E66E490E55D9070148510901CD5D06E012
:105B000048C7CDF9010EE66E2B0E4AD90701465162
:105B10000B01305D07E046C730FB5D0EE66EF5EC2D
:105B20007EF0E552120020D9EF50070A01E179D04A
:105B3000860A63E0010A55E0860A44E0030A3CE075
:105B4000010A33E0070A28E0010A1EE0030A0DE01B
:105B5000010A01E071D056D9060185A168D00CD99F
:105B600001E16CD00CD9BBD864D04CD9060185A119
:105B70005ED0060183B14DD0FFD860E008016A0510
:105B80002DE1FDD8ADD855D040D985A150D0F4D85D
:105B900055E0F5D8ADD84DD038D985A148D006010B
:105BA00083B137D0E9D84AE019D02CD9060185A1B4
:105BB00045D0E5D88DD83DD028D985A138D0DCD8BE
:105BC0003DE01DD0E6D8F46BE1D8EF6A060185A16F
:105BD0002ED0060183B11DD0CFD830E0D0D890D8D8
:105BE00028D0E6D8060185A122D013D908E1060104
:105BF00083A124D0C4D88FD81CD00BD903E0BFD840
:105C000092D817D0D5D8060185A111D0060183A15D
:105C100003D0B5D890D80DD0AFD810E0B0D878D890
:105C200008D0F0D8B3D8EF6A060185B107D0A7D85D
:105C30004CD8E552E55202D0C0D8EF6A0601875130
:105C400008E0BBD8EF50040804E099D874D8E552B6
:105C5000E552D4D089D8EF50800A25E0860A1AE0B0
:105C6000030A0BE0040A2DE1CDD8060186B11FD04E
:105C7000D0D822E181D828E00AD0C4D8060186B164
:105C800016D0C7D80DE078D81FE080D8EF6A77D853
:105C900068D814D07BD8EF6AB5D8060186B114D085
:105CA0006ED84CD80BD084D8060186A103D067D813
:105CB00055D804D0AED808E062D841D8E552E552B4
:105CC00003D07BD8800EEF6E99D04ED8040E66D0EC
:105CD0004BD8EF6A8CC834F78DC835F74BD074D0E9
:105CE00043D8020EEF6E94C834F795C835F742D00A
:105CF0003BD8030EEF6E96C834F797C835F73AD005
:105D000033D8810EEF6E90C834F791C835F732D092
:105D10002BD8800E43D028D8050EEF6E8CC834F7F0
:105D20008DC835F727D020D8060EEF6E92C834F70D
:105D300093C835F71FD018D8070E30D045D014D8E7
:105D4000050EEF6E92C834F793C835F74ED835D8A4
:105D5000020EE926000EEA22010E20D005D8060E1A
:105D60001DD002D8800E1AD0D9CFE6FFE1CFD9FFDF
:105D7000DDEFAEF03AD842D02FD800091200FD0E68
:105D8000DBCFE6FFFE0EDBCFE6FF120016D8EE52A9
:105D900012000101010EF36F01011200EF6E2ED00F
:105DA000E66EE66AEDEC9CF0E552E552E552120033
:105DB0000101F36B0101F46B1200FD0EDBCFE9FF73
:105DC000FE0EDBCFEAFF1200CFDF010EEF6E8EC8B2
:105DD00034F78FC835F7CED7FD0EE66E060EE66EA9
:105DE0002AECB7F0E552E5521200FD0EE66E060E03
:105DF000E66E07ECB7F0E552E5521200E552E7CF48
:105E0000D9FF1200C6DFF46F1200C3DFF46B060186
:105E10001200BCDFEF501200030004010003010177
:105E200001041200040108120103012818000401F2
:105E30004818010602490C0004014A0C0108024CF2
:105E40000C0308024E0C050201500C060201520C14
:105E5000070201540C080201560C090602580C0AEC
:105E600004015A0E0004015C0E0106025D090004E3
:105E7000015E09010201620F000401660F010602C2
:105E8000690F0206026C0F0304016F0F0400017218
:105E90000F050401750F060401780F0704017B0F3D
:105EA0000803017E10000401811001020184110029
:105EB0000401871101020188130004018913010202
:105EC000018A140004018B140102018F14020201E3
:105ED00093150004019715010503AF15020602C7CB
:105EE00016000401DF16010901E016020A01E0169E
:105EF000030802E117000401E217010802E4170396
:105F00000602E617040503E8900A950A9A0A9F0A12
:105F1000910A960A9B0AA00AA40AA70AAA0AAD0A2D
:105F2000B00AB30AB60AB90ABC0ABF0AC20AC50A4D
:105F3000C80ACB0ACE0AD10AD40AD70ADA0ADD0A7D
:105F4000E00AE30AE60AE90AEC0AEF0AF20AF50AAD
:105F5000F80AFB0AFE0A020BA50AA80AAB0AAE0A57
:105F6000B10AB40AB70ABA0ABD0AC00AC30AC60A05
:105F7000C90ACC0ACF0AD20AD50AD80ADB0ADE0A35
:105F8000E10AE40AE70AEA0AED0AF00AF30AF60A65
:105F9000F90AFC0A000B030B110B120B130B210B5C
:105FA0000C06110616061B061A0B280B1B0B290BD9
:105FB0001C0B2A0B1D0B2B0B1E0B2C0B200B2E0B63
:105FC0002F0B300B310B320B330B340B350B360BE5
:105FD000370B380B390B440B4F0B3A0B450B500B5F
:105FE0003B0B460B510B3C0B470B520B3D0B480B2D
:105FF000530B3F0B4A0B550B400B4B0B560B410BF6
:106000004C0B570B420B4D0B580B5A0B5C0B5E0B9A
:106010005B0B5D0B5F0B600B610B620B630B050B86
:10602000080B0B0B0E0B060B090B0C0B0F0B070BC6
:106030000A0B0D0B100B640B690B6E0B730B780BBB
:106040007D0B820B870B8C0B910B960B9B0BA00B84
:10605000A50BAA0BAF0BB40BB90BBE0BC30BC80B34
:10606000CD0BD20BD70B650B6A0B6F0B740B790B37
:106070007E0B830B880B8D0B920B970B9C0BA10B4C
:10608000A60BAB0BB00BB50BBA0BBF0BC40BC90BFC
:10609000CE0BD30BD80B670B6C0B710B760B7B0BFA
:1060A000800B850B8A0B8F0B940B990B9E0BA30B0C
:1060B000A80BAD0BB20BB70BBC0BC10BC60BCB0BBC
:1060C000D00BD50BDA0BDC0B20062806E50BEE0B0C
:1060D0002D063206EA0BF30BEC0BF50B0001020365
:1060E00008090A0B0C0D0E0F1011121314151617B8
:1060F00018191A1B1C1D1E1F2021222324252627A8
:106100008B8C8D8E484A4B5C5E5F606166676881F0
:10611000828387899798999A9B9C9D9E9FA0A1A214
:10612000A3A4A5A6A7A8A9AAABACADAEDFE2E300E5
:10613000E0D80DD92BD904E1C1D8EFCFDFFF10D0C3
:106140002AD902E1DF6A0CD0020EDBCF41F0030E48
:10615000DB50D880415402E206D901D0BAD8DF6EB4
:106160000FD909E328D905E2EED8EF5002E1E7D8CC
:10617000EF2A16D90BD007D909E31DD905E2E3D8D8
:10618000EF0402E1DCD8EF2ADED8EF6AF5D8EFCFD2
:1061900041F0DF50415C01E207D9040EE15C02E20C
:1061A000E16AE552BAD0A5D8D2D8020EDBCF42F0D0
:1061B000030EDB50D880425402E2D5D801D089D8F2
:1061C000DF6EDED809E3FDD805E2BDD8EF5002E16D
:1061D000B6D8EF2AE5D80BD0D6D809E3F2D805E235
:1061E000B2D8EF0402E1ABD8EF2AADD8EF6AC4D839
:1061F000EFCF42F0DF50425C01E2D6D8040EE15C02
:1062000002E2E16AE55289D074D8E1D8FEE1BED855
:1062100004E154D8EFCFDFFF0AD0BDD802E1DF6A36
:1062200006D085D802E29FD801D053D8DF6EA8D817
:1062300009E3BED805E287D8EF5002E180D8EF2A03
:10624000AFD80BD0A0D809E3B3D805E27CD8EF04CF
:1062500002E175D8EF2A77D8EF6ABFD801E2A4D857
:10626000040EE15C02E2E16AE55257D042D8AFD8B1
:10627000FEE15DD802E277D801D02BD8DF6E80D85E
:1062800009E396D805E25FD8EF5002E158D8EF2A2B
:1062900087D80BD078D809E38BD805E254D8EF041F
:1062A00002E14DD8EF2A4FD8EF6A97D801E27CD8A7
:1062B000040EE15C02E2E16AE5522FD0FD0EDBCF75
:1062C000E9FFFE0EDBCFEAFF1200E926000EEA220C
:1062D0001200030EDBCFE6FF020EDB50E552E75C57
:1062E0001200EF50030DF350FC0BE842E842DF5C74
:1062F0001200D9CFE6FFE1CFD9FF040EE12612004C
:10630000EF50E552D880E754E552E7241200EF50F1
:10631000FE0BE842D880DF541200E16EE552E7CF71
:10632000D9FF1200EFCF00F0FF0E005C1200020E4A
:10633000DBCF00F0030EDB50D88000541200BEDF2C
:10634000080E65EFB1F0BADF060E65EFB1F0B6DF0B
:10635000EE52020EEFCFDBFFB1DF020EB6DF030E0F
:10636000EFCFDBFF1200030EDBCFE6FF020EDBCF29
:10637000E6FFA4DF80EFB1F0A1DF090E65EFB1F019
:106380009DDF71EFB1F09ADF87EFB1F097DF030E79
:106390009CDFEF04120092DF040E97DFEF0412007F
:1063A000D2DF010EEF6E1200E7DFDFCFEFFF12004A
:1063B000C6DF92EFB1F0C3DFEFCF41F0FF0E415CDB
:1063C0001200BDDFEFCF42F0FF0E425C120003016E
:1063D000C76BBDDF0301C7511200CEDFEFCF00F066
:1063E000DF50005C12000BD930D99EA004D02DD90B
:1063F0000701292B9E90020E29C7DBFF18D900C088
:106400002FF001C030F002C031F0030EE15C02E277
:10641000E16AE552E16EF7D0750EE66ED0ECBCF0A5
:10642000E552000EE66EE66A10ECBDF0E552E5526C
:106430009E900701296B1200E2D8D7D801D9EE50FF
:1064400007012A25006EEE5007012B21016EEE5048
:1064500007012C2101D902E2E16AE552E16ED3D0B5
:10646000CED8BCD8EECFDFFF010EEECFDBFF020EA1
:10647000EECFDBFFE5D8EE5007012D25006EEE5084
:1064800007012E21016EEE5007012F21E5D802E20F
:10649000E16AE552E16EB7D0ECD8B9D8FEE0B3D0EE
:1064A000E8D8060EE126A1D899D8030EEECFDBFF7F
:1064B000040EEECFDBFF050EEECFDBFFDFD8EF5093
:1064C0003CE1DFCF02F0010EDBCF03F0020EDBCFA9
:1064D00004F0049E030EDBCF05F0040EDBCF06F0C4
:1064E000050EDBCF07F0079E0550025C06500358EF
:1064F0000750045802E3000E01D0010E016EA0D82F
:10650000EE52EE52EF50800B01E0010E006ED950BA
:10651000030FE96EDACFEAFFEE52EE52EF50800B36
:1065200001E0010E005C02E0000E01D0010E011836
:10653000E66EA4D8E552E750EF6EA0D8EF50006E9B
:10654000060EE15C02E2E16AE552E16E00505BD0CA
:1065500056D85DD804E12F6A306A316A38D045D800
:1065600066D83CD8EE50005CEE500158EE50025810
:1065700017E206680768086831D8EE50065C036EBB
:10658000EE500758046EEE500858056E59D8035067
:10659000EE24006E0450EE20016E0550EE2011D066
:1065A000DFCF03F0010EDBCF04F0020EDBCF05F0EE
:1065B00015D8EE50035C006EEE500458016EEE509C
:1065C0000558026E00C02FF001C030F0316E030E8E
:1065D000E15C02E2E16AE552E16E15D0FD0EDBCF2F
:1065E000E9FFFE0EDBCFEAFF1200FDDE2FC0DFFF6A
:1065F000010E30C0DBFF020E31C0DBFF120039D8C4
:10660000030EE1261200E552E7CFD9FF1200FD0E7E
:10661000DBCFE6FFFE0EDBCFE6FF42DFE552E552C1
:1066200000091200030EE926000EEA221200DFCF55
:1066300000F0010EDBCF01F0020EDBCF02F0120002
:10664000D9CFE9FFDACFEAFF1200F1ECBCF0F3CFCB
:10665000DEFFF4CFDDFF1200026EC0DF00C0EEFFF0
:1066600001C0EEFF02C0EEFF09D8EF6A030EE15C45
:106670001200D9CFE6FFE1CFD9FF1200AFDF12EF52
:10668000B3F00001E851E9110AE0D6D808E1DAD800
:1066900001E1F3D802E0F6D8F4D7F9D8F2D7000137
:1066A000E851E91101E1000C00D9EFCF3EF7E0C05D
:1066B0003CF7E1C03DF712ECBBF0010C0001F2A584
:1066C00012D00001F3510401D325006E0001F451F2
:1066D000CDD8ECC035F0EDC036F0A8ECBDF02CC044
:1066E000F3F02DC0F4F0F0C0E8F0F1C0E9F0EEC036
:1066F000E2F0EFC0E3F000010001EA510001F325F0
:106700000001E06F00010001EB510001F4210001E4
:10671000E16FEAC0E4F0EBC0E5F000010001E451F4
:106720000001EC250001E66F00010001E5510001C8
:10673000ED2194D80001E8C000F0E9C001F0E807BD
:10674000000EE95B0050011012E0A6D8AED8EF6E43
:106750000001E22B000EE3230001E6510001E019E5
:1067600001E18BD802E08ED8E5D791D8E3D71200AB
:10677000FBC0E6FFFCC0E6FFF9C0E6FFFAC0E6FF9B
:10678000600EE66E000EE66E41ECB8F0006E060E8E
:10679000E15E0001FDA514D000010001FE510401DD
:1067A000D325006E00010001FF5160D8F7C035F01D
:1067B000F8C036F0A8ECBDF02CC0FEF02DC0FFF004
:1067C000F5C0E4F0F6C0E5F000010001E45100017D
:1067D000F7250001E66F00010001E5510001F821F5
:1067E0003DD800010001E4510001FE250001E06FE9
:1067F00000010001E5510001FF210001E16F0001EE
:10680000600EE26F000EE36FFBC0E8F0FCC0E9F041
:1068100041EFB3F039ECBBF0000901E1010C0CD8F9
:1068200002E008014E830ED801E127D802E02AD801
:1068300001D02DD841EFB3F02FD8006E36D8EF50ED
:10684000005C12000001E807000EE95B0001E22B8A
:10685000E3230001E6510001E01912000001E76F97
:106860000001010EE65F000EE75B12000401D42177
:10687000016E00C030F0316E12000001E7510001DE
:10688000E11912000001E02B000EE1231200E4C028
:10689000E0F0E5C0E1F01200E0C0E6FFE1C0E6FF95
:1068A000F6ECBAF0E552E5521200E2C0E9FFE3C0AF
:1068B000EAFF1200F2D8E66AFD0EDBCFE6FFFE0E1D
:1068C000DBCFE6FF04D8E552E552E552EBD0E5D840
:1068D000040EE126010E080165150FE1FC0EDB50E8
:1068E0000CE184C8DFFF010E85C8DBFF020E86C8FD
:1068F000DBFF030E87C8DBFF08D0DE6ADE6A200EEE
:10690000DE6E410EDD6EDD52DD52A9D8EECFE6FF20
:10691000EECFE6FFEECFE6FFEFCFE6FF28ECBCF0D0
:10692000E552E552E552E5522EC000F02FC001F0CD
:1069300030C002F031C003F099D804C034F005C073
:1069400035F006C036F007C037F02EC02FF09BD8C8
:106950003EE185D8EECF00F0EECF01F0EECF02F0B1
:10696000EFCF03F0346A356A366A376A00C02FF019
:106970008AD80DE174D8DFCFEEFF010EDBCFEEFF3A
:10698000020EDBCFEEFF030EDBCFEEFF20D06ED882
:10699000346A356A800E366EBF0E376E04C02FF033
:1069A00005C030F006C031F007C032F0EEEC93F0D5
:1069B00030C001F031C002F032C003F050D82FC017
:1069C000EEFF01C0EEFF02C0EEFF03C0EEFF040EBB
:1069D000E15C02E2E16AE552E16E64D05ED8E1502A
:1069E000FB0FE66EFF0EDA20E66E64DFE552E5523D
:1069F000FB0EDBCF00F0FC0EDBCF01F0FD0EDBCF9A
:106A000002F0FE0EDBCF03F000C034F001C035F021
:106A100002C036F003C037F0C9C92FF0CAC930F040
:106A2000CBC931F0CCC932F07BEC95F0010A16E00D
:106A3000FB0EDBCFC9F9FC0EDBCFCAF9FD0EDBCFB5
:106A4000CBF9FE0EDBCFCCF9010EE66E260EE66E1C
:106A5000E66AEDEC9CF0E552E552E55223D0FD0EDE
:106A6000DBCFE9FFFE0EDBCFEAFF1200D9CFE9FF53
:106A7000DACFEAFFEECF04F0EECF05F0EECF06F06E
:106A8000EFCF07F0120001C030F002C031F003C0B8
:106A900032F082EC95F0010A1200D9CFE6FFE1CF87
:106AA000D9FF1200E552E7CFD9FF120030C7E6FF49
:106AB00031C7E6FF32C7E6FF33C7E6FFA3ECA2F01B
:106AC000E552E552E552E5522EC046F72FC047F792
:106AD00030C048F731C049F7006A016A800E026E83
:106AE0003F0E036E520E0C6EB10E0D6E590E0E6EF1
:106AF0003A0E0F6E540E146E510E156E890E166EF0
:106B0000390E176E2EC034F02FC035F030C036F07D
:106B100031C037F014C02FF015C030F016C031F07E
:106B2000326EEEEC93F02FC010F030C011F031C097
:106B300012F032C013F083D80CC02FF00DC030F02B
:106B40000EC031F00FC032F005EC93F02FC008F00A
:106B500030C009F031C00AF032C00BF0FD0E246ED7
:106B6000E90E256E180E266E340E276E71D824C0DD
:106B70002FF025C030F026C031F0326EEEEC93F0ED
:106B80002FC020F030C021F031C022F032C023F0FD
:106B90005FD8EEEC93F02FC01CF030C01DF031C078
:106BA0001EF032C01FF054D8EEEC93F02FC018F056
:106BB00030C019F031C01AF032C01BF040D808C004
:106BC0002FF009C030F00AC031F00BC032F005ECF4
:106BD00093F02FC004F030C005F031C006F032C091
:106BE00007F02DD800C02FF001C030F002C031F006
:106BF00003C032F09BEC93F02FC046F730C047F74C
:106C000031C048F732C049F7330E346E930E356EFB
:106C1000880E366E430E376E04EC93F02FC000F0F2
:106C200030C001F031C002F032C003F02FC02EF0AE
:106C300030C02FF031C030F032C031F012002FC020
:106C400034F030C035F031C036F032C037F01200C9
:106C500046C734F047C735F048C736F049C737F064
:106C60001200D9CFE6FFE1CFD9FF040EE1261E0EB8
:106C7000DE6E0A0EDD6E9E0EE66EE66A8EEC22F089
:106C8000E552E55200091BE087D8EF50E66EE66A50
:106C90009DD8010E88D8010EE66E98D8020E83D8D2
:106CA000020EE66E93D8030E7ED8030EE66E69D808
:106CB0009E0EE66EE66AA8EC22F0E552E552E10E81
:106CC000E66EFAEC7EF0E552000931E1E8680A016F
:106CD0001E1908E1E8681F1905E1E868201902E1BA
:106CE000E868211924E0E10EE66EE668E66A69D8F4
:106CF000010EE66E66D8020EE66E63D8030EE66EEF
:106D000040D8E8680A011E1908E1E8681F1905E182
:106D1000E868201902E1E868211909E00A011E6902
:106D20001F6920692169010EE66E9E0E42D81A0E77
:106D3000E96E0A0EEA6EEE500B01DD190BE1EE5022
:106D40000B01DE1907E1EE500B01DF1903E1EE50F4
:106D50000B01E0190CE0DDCB1AFADECB1BFADFCB1E
:106D60001CFAE0CB1DFA010EE66E9D0E22D8040E31
:106D7000E15C02E2E16AE552E16EE552E7CFD9FF5C
:106D80001200E10EE66E0B0EE66EDFEC7EF0006E9A
:106D9000050EE15E00501200E10EE66EDECFE9FF67
:106DA000DDCFEAFF1200E926000EEA22EF50E66E80
:106DB0001200E66EE66AEDEC9CF0E552E552E55213
:106DC0001200DFDFE10EE66EE6681200DADFCCEFDC
:106DD000B6F0FC0EE66E050EE66E50ECB2F0E55233
:106DE000E552000913E00701400E2D6F420E2E6F91
:106DF0000F0E2F6FFC0EE66E050EE66E30ECB2F055
:106E0000E552E5520501FA2B000EFB23120067D86C
:106E1000FAC56AF7FBC56BF707016A51070134250C
:106E2000006E07016B5107013521016E61D867D0F3
:106E300056D85ED8EECF42F7EDCF43F70701425167
:106E400007013625006E0701435107013721016E06
:106E50004FD855D044D8FAC542F7FBC543F748D8B8
:106E6000EECF44F7EDCF45F734D8EF502FE1FF0ECA
:106E700007014215026E7F0E07014315036EFF0ED8
:106E800007014415046E7F0E07014515056E045079
:106E9000025C0550035802E3000E01D0010E016EA2
:106EA00007014351800B01E0010E006E07014551BF
:106EB000800B01E0010E005C02E0000E01D0010E2B
:106EC0000118E66E06D8E552E750EF6E02D8EF5093
:106ED0000BD00ED8020EE926000EEA221200D9CFFE
:106EE000E6FFE1CFD9FF1200E552E7CFD9FF12004C
:106EF000FD0EDBCFE9FFFE0EDBCFEAFF120000C084
:106F0000EEFF01C0EDFFE5DFEF6AEED7D9CFE6FF78
:106F1000DACFE6FFE1CFD9FFE2CFDAFF0C0EE124B2
:106F200002E3E168E652E16ED950FA0FE96EFF0E16
:106F3000DA20EA6E010EEECFDBFF020EEECFDBFFB2
:106F4000030EEECFDBFF040EEECFDBFF63D8D9508C
:106F5000010FE96E000EDA20EA6EEECFE6FFEECF0B
:106F6000E6FFEECFE6FFEFCFE6FFA9ECB8F0006E4C
:106F7000060EE15C02E2E16AE552E16E0050DF6E6E
:106F8000850EDF1404E04DD8EE6AED6A23D0090EB9
:106F9000DBCF00F00A0EDBCF01F0820E0026FF0EE1
:106FA00001223FD800C0EEFF01C0EDFF7E0EF36E60
:106FB000090EF3CFDBFF0A0EDB6AD950010FE66E34
:106FC000000EDA20E66E26D837ECB9F0E552E5522D
:106FD000E552E552010EDBCF00F0020EDBCF01F0EF
:106FE000030EDBCF02F0040EDBCF03F000C02EF067
:106FF00001C02FF002C030F003C031F00C0EE15C94
:1070000002E2E16AE552E16EE552E5CFDAFFE7CF51
:10701000D9FF1200D950050FE66E000EDA20E66E99
:107020001200F80EDBCFE9FFF90EDBCFEAFF12000A
:10703000D9CFE6FFDACFE6FFFA0EE3CFD9FFFB0E9A
:10704000E3CFDAFFFC0EE3CFE9FFFD0EE3CFEAFF6B
:10705000F80EE35003E1F90EE35008E0F80EE30602
:1070600002E2F90EE306DE50EE5CF2E0F36EFF0E94
:10707000E3CFDAFFE552FF0EE3CFD9FFE552F3503D
:107080001200D9CFE6FFDACFE6FFFA0EE3CFD9FF41
:10709000FB0EE3CFDAFFFC0EE3CFE9FFFD0EE3CFFB
:1070A000EAFFE9CFF3FFEACFF4FFF80EE35003E184
:1070B000F90EE35008E0F80EE30602E2F90EE306EB
:1070C000DECFEEFFF2D7FF0EE3CFDAFFE552FF0E81
:1070D000E3CFD9FFE5521200FB0EE3CFF6FFFC0E23
:1070E000E3CFF7FFFD0EE3CFF8FFFE0EE3CFE9FF9E
:1070F000FF0EE3CFEAFFE9CFF3FFEACFF4FFF90E8B
:10710000E35003E1FA0EE35009E0F90EE30602E270
:10711000FA0EE3060900F5CFEEFFF1D71200FE0EDE
:10712000E3CFE9FFFF0EE3CFEAFFE9CFF3FFEACFBA
:10713000F4FFFB0EE35003E1FC0EE35009E0FB0E0D
:10714000E30602E2FC0EE306FD0EE350EE6EF1D71D
:107150001200D9CFE6FFDACFE6FFE1CFD9FFE2CFC9
:10716000DAFFE652006801687F0E026E036AD950AA
:10717000FA0FE96EFF0EDA20EA6EEE500016EE50BE
:107180000116EE500216EE5003166AD800C0EEFF4C
:1071900001C0EEFF02C0EEFF03C0EEFFFD0EDB50AC
:1071A000800B02E0010E01D0000EE66E59D8060EEB
:1071B000E926000EEA22E552E750EF6EFC0EDBCF27
:1071C00000F0FD0EDBCF01F0D89000360136FC0E4A
:1071D00000C0DBFFFD0E01C0DBFFDB50E66E40D8D8
:1071E000040EE926000EEA22E552E750EE6EED6A43
:1071F000FD0EDB50006E016AFF0E001818E1015011
:1072000016E12ED8EECF00F0EECF01F0EECF02F077
:10721000EFCF03F0005001100210031006E0210E22
:107220000301FE6FFF6B800E0BD0040E09D0FD0E24
:10723000DB5008E115D8EE6AEE6AEE6AEE6A010EDE
:10724000DF6E06D0020EDF6E0BD8EE52EE52EE8EDF
:10725000DF50E552E552E5CFDAFFE7CFD9FF120064
:10726000F80EDBCFE9FFF90EDBCFEAFF1200D9CF32
:10727000E6FFDACFE6FFE1CFD9FFE2CFDAFF5BD856
:10728000013411E20050FE08000E01540CE276D8E1
:1072900005E06CD8800EEE6EEE6847D067D8800EA1
:1072A000EE6E7F0E0ED047D8D890015004E6010E46
:1072B000005C000E01580BE261D805E057D8EE6A79
:1072C000800EEE6E32D052D8EE6AEE6A2ED047D8DB
:1072D000EECF00F0EECF01F0EECF02F0EFCF03F0F3
:1072E00032D800C0EEFF01C0EEFF02C0EEFF03C0C7
:1072F000EEFF21D80050010B05E025D8020E3AD848
:10730000EF8E04D020D8020E35D8EF9E14D8D89036
:107310000132003218D8030E2DD800C0EFFF1AD862
:1073200004E011D8030E26D8EF8EE552E5CFDAFF40
:10733000E7CFD9FF120013D8040E1CD8EECF00F00F
:10734000EFCF01F01200FA0EDBCFE9FFFB0EDBCF2F
:10735000EAFF120004D8060E0DD8EF501200FC0E02
:10736000DBCFE9FFFD0EDBCFEAFF1200ECDFEE6AB8
:10737000EE6A1200E926000EEA221200220E030134
:10738000FE6FFF6BAAEFB9F0045008010405010578
:1073900005010605040005010705028B73010100C4
:1073A0000000028E730101000000029173010100D0
:1073B0000000028873010100000004947301FFFFC4
:1073C0000000089173010100000080977301010023
:1073D00000000294730101000000049A730104BAD2
:1073E0007301080000000000000003DA73010000D0
:1073F0000000080000000000000040DE73010200F1
:10740000000011683D000400040411683D00020002
:10741000060011683D000500060611683D000300E6
:10742000040411683D000500080411683D000500D2
:10743000060411683D000500040411683D001100B8
:10744000020211683D00050004040800000000006D
:107450000000280000000000000011683D000A0044
:1074600006002800000000000000280000000000C6
:1074700000002800000000000000D9CFE6FFE1CFA7
:10748000D9FFFB0EDBCF2FF0FC0EDBCF30F0FD0E73
:10749000DBCF31F0FE0EDBCF32F052D8FB0EDBCF6C
:1074A00000F0FC0EDBCF01F0FD0EDBCF02F0FE0E94
:1074B000DBCF03F0FB0EDBCF08F0FC0EDBCF09F0D7
:1074C000FD0EDBCF0AF0FE0EDBCF0BF0D6EC92F018
:1074D0002FC00CF030C00DF031C00EF032C00FF0F4
:1074E00026D808C02FF009C030F00AC031F00BC018
:1074F00032F004EC93F02FC004F030C005F031C03E
:1075000006F032C007F013D800C02FF001C030F0F1
:1075100002C031F003C032F005EC93F011D830C056
:10752000F3FF31C0F4FFE552E7CFD9FF12002FC0BF
:1075300034F030C035F031C036F032C037F01200D0
:1075400015EC95F030C042F731C043F71200F00E51
:10755000F66E330EF76E000EF86E06010900F55058
:10756000F06F0900F550F16F03E1F06701D03DD0F5
:107570000900F550EB6F0900F550EC6F0900F5506C
:10758000ED6F09000900F550E96E0900F550EA6E4B
:10759000090009000900F550EE6F0900F550EF6F82
:1075A00009000900F6CFF2F6F7CFF3F6F8CFF4F6BC
:1075B000EBC6F6FFECC6F7FFEDC6F8FF0601EE538B
:1075C00002E1EF5307E00900F550EE6EEE07F8E236
:1075D000EF07F9D7F2C6F6FFF3C6F7FFF4C6F8FFD8
:1075E0000601F007000EF15BBFD71200D9CFE6FF0E
:1075F000E1CFD9FFFF0EE76EFD0EDBCF00F0E750C5
:1076000000160050A96EFE0EDBCF01F001C000F0A5
:107610000150AA6EA69EA69CA680A850E552E7CF70
:10762000D9FF12000701040E3C5D000E3D5920E316
:107630000701FF0ED8803C55030E3D5501E21200B4
:1076400007013C51A96E3DC700F00050AA6E3EC72D
:10765000A8FFA69EA69CA6840301C76B550EA76E25
:10766000AA0EA76EA6820301C751F6E108014E815A
:107670001200A6B204D0A69408014E91010C000C91
:107680000701400E2A6F420E2B6F0F0E2C6F3BD856
:107690001CECB2F0E552E552120035D850ECB2F0D5
:1076A000E552E55200092EE00701400E2D6F420E13
:1076B0002E6F0F0E2F6F27D830ECB2F0E552E55247
:1076C0000101F22B3C0E0101F25D1CE30101F26BA2
:1076D0000101F12B3C0E0101F15D14E30101F16B9D
:1076E0000101F02B180E0101F05D0CE30101F06BBC
:1076F0000101EF2B080E0101EF5D03E30101010E13
:10770000EF6F010C000C8A0EE66E0A0EE66E120098
:107710002E503302F3CF2AF0F4CF2BF03402F35083
:107720002B26000EF4202C6E2E503502F3502C2602
:10773000000EF4202D6E2E503602F3502D262F50C1
:107740003302F3502B26F4502C22000E2D222F5002
:107750003402F3502C26F4502D222F503502F350D2
:107760002D2630503302F3502C26F4502D22305069
:107770003402F3502D2631503302F3502D261200DF
:10778000D9CFE6FFDACFE6FFE1CFD9FFE2CFDAFFCC
:107790003F0EC716C66AFD0EDB50C612FB0EDB504D
:1077A000C712FC0EDB50030A09E0010A04E0020ADA
:1077B00006E1C78C04D0C78CC68801D0C688FD0EF0
:1077C000DB50050A05E0010A05E19486928A03D0A0
:1077D000948601D094969488949AC68AE552E5CF0F
:1077E000DAFFE7CFD9FF1200D9CFE6FFDACFE6FF05
:1077F000E1CFD9FFE2CFDAFFC26AC16AC06AFC0EEC
:10780000DB407F0B3C0BC26EFB0EDB50C16EFC0EEF
:10781000DB38F00B300BC112FD0EDB50800BC06E5D
:10782000FD0EDB380F0B070BC012FD0EDB50040DF5
:10783000F350380BC012FC0EDBAE03D09E9C9D8C27
:10784000F28CC280E552E5CFDAFFE7CFD9FF120014
:10785000D9CFE6FFDACFE6FFE1CFD9FFE2CFDAFFFB
:10786000E652E652D950FD0F006EFF0EDA2000C03E
:10787000DEFFDD6EDECFE9FFDDCFEAFFEF9EFA0E21
:10788000DBCF00F0FB0EDBCF01F0FC0EDBCF02F014
:10789000FD0EDBCF03F000C02EF001C02FF002C0C0
:1078A00030F003C031F0E552E552E552E5CFDAFFA2
:1078B000E7CFD9FF1200D9CFE6FFE1CFD9FF030E02
:1078C000E126A70EDF6EDF06FEE102ECBEF0FDEC66
:1078D000BDF00009FCE1E3ECBDF0DE52F3CFDEFFCA
:1078E000F4CFDDFFDD52010EDBCF00F0020EDBCF67
:1078F00001F000C0F3FF01C0F4FF030EE15C02E2FF
:10790000E16AE552E16EE552E7CFD9FF1200D9CF27
:10791000E6FFDACFE6FFE1CFD9FFE2CFDAFFFD0ED7
:10792000DB50C96EC6AE02D0FF0E10D0C7B0FED776
:10793000C750040B01E0010E006E1F0EC5140010AD
:10794000F7E1C5AC02D0FE0E01D0000EE552E5CF46
:10795000DAFFE7CFD9FF12002D6A2C6A2B6A2A6A58
:10796000200EE76ED8902E362F36303631362A3636
:107970002B362C362D3633502A5C34502B5835504C
:107980002C5836502D5809E333502A5E34502B5A68
:1079900035502C5A36502D5A2E2AE72EE4D7120095
:1079A000D9CFE6FFDACFE6FFE1CFD9FFE2CFDAFFAA
:1079B000FD0EDB507E0BCD6EFD0EDBAC02D0CD8E0E
:1079C00001D0CD9ECF6ACE6A9E90DBAE02D09D8064
:1079D00001D09D90CD80E552E5CFDAFFE7CFD9FF0A
:1079E0001200D9CFE6FFDACFE6FFE1CFD9FFE2CF31
:1079F000DAFFE652E652CE50DF6E010ECFCFDBFF4C
:107A0000DECF00F0DDCF01F000C0F3FF01C0F4FFD6
:107A1000E552E552E552E5CFDAFFE7CFD9FF120094
:107A2000D9CFE6FFDACFE6FFE1CFD9FFE2CFDAFF29
:107A3000E652E652FC0EDBCFDEFFDBCFDDFF010EB0
:107A4000DB50CF6EDF50CE6EE552E552E552E5CF0A
:107A5000DAFFE7CFD9FF1200D9CFE6FFDACFE6FF92
:107A6000E1CFD9FFE2CFDAFF3F0EC716C66AC56A7B
:107A7000FD0EDB50C612FC0EDB50C71294869488B4
:107A8000C68AE552E5CFDAFFE7CFD9FF1200000E34
:107A900012EC00F007016D6F11EC00F007016C6F44
:107AA00010EC00F007016B6F0FEC00F007016A6F3C
:107AB0006AC72EF06BC72FF06CC730F06DC731F07E
:107AC00000D01200D9CFE6FFDACFE6FFE1CFD9FF31
:107AD000E2CFDAFFFD0EDB50C96EC6AE02D0FF0E5C
:107AE00003D0C7A0FED7000EE552E5CFDAFFE7CFFF
:107AF000D9FF1200FF0EE350446EEF0E01D0F30EDB
:107B0000E76EE72E81EFBDF00C0E436EE76AE72EBD
:107B100087EFBDF0432E86EFBDF0442E7FEFBDF022
:107B20001200D9CFE6FFDACFE6FFE1CFD9FFE2CFEF
:107B3000DAFFC30EC214006EFD0EDB407F0B3C0B60
:107B40000010C26EE552E5CFDAFFE7CFD9FF120091
:107B50002D6A2C6A100EE76ED890303631362C36EE
:107B60002D3635502C5C36502D5805E335502C5EA3
:107B700036502D5A302AE72EF0D712002D6A080E03
:107B8000E76ED89031362D3636502D5C02E32D6EDF
:107B9000312AE72EF7D712001CEE00F02CEE00F091
:107BA000F86A299CA7ECBAF0B6EC1EF0FDD71200DB
:107BB000F36AF46AF32A0F0B05E0D890F336F43633
:107BC000E804FBE11200C450036E026AC3500210C5
:107BD000F36E03C0F4FF120000EE00F00D0EEE6A2B
:107BE000EA62FDD71200C96AC7A0FED7C9501200C9
:107BF000C586C7A0FED7C9501200C250020B01E0D3
:107C0000010E1200C28212000000000000000000FD
:107C10000000000000000000000000000000000064
:107C20000000000000000000000000000000000153
:107C3000000001000001000001000000010000013F
:107C40000000010000010000010000000000000031
:107C50000000000000000000000000000000000024
:107C60000000000000000000000000000000000014
:107C700000000100000100000100000100000100FF
:107C800000000000000000000D0000008705000D4E
:107C90000000009105000D0000009105000D00009E
:107CA00000B405000D000000B40500003201000022
:107CB00001000001000001000000010000000101BE
:107CC00000000000000000010100000000000000B2
:107CD000000000000000FFFF7F0000000000000027
:107CE0000000000000000000000000000000000094
:107CF0000000000000000000000000000000000084
:107D00000000000000000000000000000000000073
:107D10000000000000000000000000000000000063
:107D20000000000000000000000000000000000053
:107D3000010000807F000080FF0107000A19000B8E
:107D4000B400000005000000080008002000090041
:107D50000A000600B004C1040800540B590B1A00B5
:107D60005A0BED0B21000337060640060000000009
:107D70000000000000000000000000000000000003
:107D800000000000000000000000000000000000F3
:107D90000000000000000001FF01000500000000DD
:107DA00000000000000000000000000000000000D3
:107DB00000000000000000000000000000000000C3
:107DC00000000000000000000000000000000000B3
:107DD00000000000000000000000000000000000A3
:107DE0000000000000000000000000000000000093
:107DF0000000000000000000000000000000000083
:107E00000000000000000000000000000000000072
:107E10000000000000000000000000000000000062
:107E20000000000000000000000000000000000052
:107E30000000000000000000000000000000000042
:107E40000000000000000000000000000000000032
:107E50000000000000000000000000000000000022
:107E60000000000000000000000000000000000012
:107E70000000000000000000000000000000000002
:087E80000000000000000000FA
:107FEA0020524F424F5400373631352076332E34E3
:047FFA002E303500F0
:020000040030CA
:03000100060E1FC9
:02000500028176
:02000800208056
:0200000400F00A
:0D0000000202020001AAAAAAAAAAAAAAAA9C
:00000001FF
