:020000041A00E0
:10000000E0BF00200905001AA101001AA301001A8F
:10001000A501001AA701001AA901001ADE32FF4348
:10002000000000000000000000000000AB01001A0A
:10003000AD01001A00000000AF01001AFD05001A12
:10004000B301001AB301001AB301001A0000000046
:10005000B301001AB301001AB301001AB301001A68
:10006000B301001AB301001AB301001AB301001A58
:10007000B301001AB301001AB301001AB301001A48
:10008000B301001AB301001AB941001AB301001AF2
:10009000B301001AB301001AB301001AB301001A28
:1000A000B301001AA141001AB301001AB301001AEA
:1000B000B301001AB301001AB301001AB301001A08
:1000C000B301001AB301001AB301001AB301001AF8
:1000D000B301001AB301001AB301001AB301001AE8
:1000E000B301001AB301001AB301001AB301001AD8
:1000F00000000000B301001AB301001AB301001A96
:1001000000000000B301001AB301001A8939001A77
:10011000B301001A0493001A00000010C408000084
:100120000493001A00000810000000000493001A55
:10013000009F0810000000000493001AF09F0810B0
:10014000000000000493001A0000002000000000DE
:100150000493001A00A00020000000000493001A7D
:1001600000C0002000000000C40800108809000042
:100170000000081000000000009F081000000000B0
:10018000F09F0810000000000000002000000000A8
:1001900000A000200000000000C0002000000000BF
:1001A000FEE7FEE7FEE7FEE7FEE7FEE7FEE7FEE727
:1001B000FEE7FEE710B50B46401A5C1AA24203D9CF
:1001C000C45843F8044BF8E710BD10B503460022AD
:1001D0001C1AA14202D943F8042BF9E710BDFFFF16
:1001E000FFFFFFFFFFFFFFFFFFFFFFFFFFFFFFFF1F
:1001F000FFFFFFFFFFFFFFFFFFFFFFFFFFFFFFFF0F
:10020000FFFFFFFFFFFFFFFFFFFFFFFFFFFFFFFFFE
:10021000FFFFFFFFFFFFFFFFFFFFFFFFFFFFFFFFEE
:10022000FFFFFFFFFFFFFFFFFFFFFFFFFFFFFFFFDE
:10023000FFFFFFFFFFFFFFFFFFFFFFFFFFFFFFFFCE
:10024000FFFFFFFFFFFFFFFFFFFFFFFFFFFFFFFFBE
:10025000FFFFFFFFFFFFFFFFFFFFFFFFFFFFFFFFAE
:10026000FFFFFFFFFFFFFFFFFFFFFFFFFFFFFFFF9E
:10027000FFFFFFFFFFFFFFFFFFFFFFFFFFFFFFFF8E
:10028000FFFFFFFFFFFFFFFFFFFFFFFFFFFFFFFF7E
:10029000FFFFFFFFFFFFFFFFFFFFFFFFFFFFFFFF6E
:1002A000FFFFFFFFFFFFFFFFFFFFFFFFFFFFFFFF5E
:1002B000FFFFFFFFFFFFFFFFFFFFFFFFFFFFFFFF4E
:1002C000FFFFFFFFFFFFFFFFFFFFFFFFFFFFFFFF3E
:1002D000FFFFFFFFFFFFFFFFFFFFFFFFFFFFFFFF2E
:1002E000FFFFFFFFFFFFFFFFFFFFFFFFFFFFFFFF1E
:1002F000FFFFFFFFFFFFFFFFFFFFFFFF21436587BA
:10030000014B00221A607047600B00107047FFFF1E
:1003100010B5044B0446002218211A6006F018F8A4
:10032000204610BD600B001010B501F02BF80368DB
:10033000BDE81040DB6818472DE9F04F85B0044652
:1003400002F030FE4FF00073036000F0BFF803F0DE
:100350001DF983464CF2503003F052F901F012F8C7
:10036000036805461E6800F04BFA074603F010FCD0
:1003700004F0D6FA04F1080804F11409824603F0E7
:1003800007FC08B100F50570019039462846CDF804
:1003900008B0CDF800A04B464246B0470521201DCD
:1003A00005B0BDE8F04F00F069B9FFFF70B501205E
:1003B0008CB004F007FF032004F004FF2D4B01AACA
:1003C00003F12806154618685968144603C4083313
:1003D000B3422246F7D11B882380002435F814004D
:1003E000013404F043FF152CF8D1052004F0EAFE97
:1003F000062004F0E7FE072004F0E4FE082004F0E5
:10040000E1FE012004F032FF022004F02FFF032060
:1004100004F02CFF042004F029FF092004F0D2FE90
:100420000B2004F0CFFE0C2004F0CCFE0D2004F0D5
:10043000C9FE0E2004F0C6FE0F2004F0C3FE1020FB
:1004400004F0C0FE112004F0BDFE122004F0BAFE3C
:10045000132004F0B7FE142004F0B4FE192004F0B9
:10046000B1FE1A2004F0AEFE1B200CB0BDE87040B7
:1004700004F0A8BE9086001A074B084A10B5186011
:100480000346044643F8082B054A07CA83E80700D9
:10049000044B6361204610BD600B0010D086001A2B
:1004A000BC86001A9811001010B5044600F06AFFCF
:1004B00003689B689847044802F0DCFC201DBDE8F7
:1004C000104000F00BB900BF68110010074B00216D
:1004D0005971074B01221A601A711A735A73FF225D
:1004E0001A744FF0007259619A6070474809001001
:1004F000C408001005F0FCB905F002BA05F000BA16
:1005000000207047FEE7FFFF38B572B6174B184A58
:100510001A60184A5A60184A4FF0FF33136053604C
:100520009360D360136153619361D36162B6134CDE
:10053000134DAC4209D3134DAC420ED254F8080B04
:1005400054F8041CFFF741FEF6E794E803000C346E
:1005500054F8042CFFF72EFEEBE700F03FF805F00F
:100560009FF904F039F900F00FF8FEE7003105407B
:100570000010DF10FFF7DF0180E200E01401001A35
:100580006801001AA001001A10B5104C04F048FCD4
:1005900003F002FB2378BFF35B8FDB070ED420460A
:1005A00005F0D8FE50B10A48FFF766FF204605F077
:1005B000EDFE084A08490648FFF7A2FF044802F08A
:1005C0007FFB034802F0A8FB002010BD08090010C3
:1005D0000C090010C00800100103001A024B034A66
:1005E0001A6004F099BE00BF08ED00E00000001A98
:1005F000014B1868704700BF24090010084B1A68A7
:1006000001321A6019684FF47A72B1FBF2F302FBFF
:1006100013131BB9034A13680133136002F0A2BB22
:1006200024090010280900100C4B4FF47A721B6843
:10063000B3FBF2F3013BB3F1807F09D2084A536068
:10064000084BE02183F823100023936007231360F5
:10065000044B202283F82320704700BF2012001093
:1006600010E000E000ED00E0034B1B68194400239C
:1006700001600371704700BF24090010024B1B6822
:1006800019440160704700BF28090010036819442D
:1006900000230160037170470B4B02791B6882B025
:1006A0007AB9026883EA020123F0004322F0004293
:1006B00093422CBF002301230029A8BF83F001032C
:1006C0000371007902B070472409001010B5044688
:1006D0002046FFF7E1FF0028FAD010BD034B006869
:1006E0001B6898428CBF0020012070472809001029
:1006F0000B681A8858888B889A4205D1CB88984213
:100700000BDBC01A80B2704701339A4205D1CB8807
:10071000984202DAC01A1430F4E71420704710B57A
:100720000446406808B1FFF7E9FE204610BDFFFF10
:1007300070B50F4E3478BFF35B8F14F0010414D101
:10074000304605F007FE80B10A4D28202C806C80D1
:10075000FFF7D0FE2C8068606C80304605F016FEF6
:10076000054A06492846FFF7CBFE024870BD00BF88
:10077000300900103C090010C00800101F07001AC3
:100780004388122BC3BF0023438003880133CABFB1
:1007900001334380038070470A68888808B513884E
:1007A000528883420BD1C888824213D00DDA013BB4
:1007B000081D8B80CA80FFF7E3FF012008BD0130D0
:1007C0008342F4D1C8888242F1DC081DFFF7D8FFCC
:1007D000002008BD022008BD40684288436823F815
:1007E0001210FFF7CDBFFFFF10B5044B03600446A6
:1007F000FFF79EFF6060204610BD00BF8087001A93
:1008000010B5094C2378BFF35B8FDB0709D4204672
:1008100005F0A0FD28B10548FFF7E6FF204605F0EA
:10082000B5FD024810BD00BF2C09001034090010AE
:100830002DE9F843044600684D790368DB6B0E46EA
:100840001746984785422ED1307B96F806E003384C
:10085000C0B200254FF00108EAB20EEB0503824258
:10086000DBB21FDA324404EB030CD2799CF8189007
:10087000616982F05A02B9F1000F04D1CA548CF8B0
:1008800018800135E8E7CB5C9342FAD0002222724F
:100890003B783A7163F03F033B701823FB700520EF
:1008A000BDE8F88323610020BDE8F883037A70B5C2
:1008B0000546144633B100684E790368DB6B9847F0
:1008C000864209D0237863F03F0323701723A37077
:1008D0000023E370042070BD286800232B72036896
:1008E0001B6B9847237863F07F032370022070BD51
:1008F00010B590F81C314C799C42137808D063F005
:100900003F031370022393710023D371082010BD9D
:10091000D1F80640D0F818118C4204D063F03F03A0
:1009200013700B23EFE763F07F031370062010BDF5
:1009300010B5064B0068D3F880301C7803681B693B
:10094000984704420CBF0120002010BDEC86001A1D
:1009500010B50446FFF7ECFFA8B10B4A136823F06B
:100960000303136003F014F90368DB6B984700F08E
:1009700009FD03685B6898472068036801219B684C
:10098000BDE81040184710BD10E000E000F118036A
:10099000002200F58C7003F8012B8342FBD17047D5
:1009A000F0B5054600684E79036885B0DB6B0F46ED
:1009B0001446984786420DD0237863F03F03237096
:1009C000FF23E3700023237102226271A3710720C9
:1009D00005B0F0BDBB792A7B934214D0296941B997
:1009E00001339A4205D1237863F07F0323700320FB
:1009F000EEE700232B722278E37062F03F02227050
:100A000023711922E1E7286803683246DB6901A9EE
:100A10009847EA68029B0132B3EB022F1BD305F122
:100A20001800002210F8013B91B2F3B9D2B2681855
:100A3000007E30B9013189B20133B1F5807FDBB27C
:100A4000F5D12178237161F03F0106236371217094
:100A5000E2700023BAE7DBB20121EA1801339BB24E
:100A6000B3F5807F1176F8D1D9E70132B2F5807FF6
:100A7000D8D1286803689B6B984768612846FFF7C0
:100A800085FFEB680133EB6000232B61ABE730B5EA
:100A90000A44002001234FF6F17491420ED011F860
:100AA000015B85F05A052B44B3FBF4F504FB1533C9
:100AB0001844B0FBF4F504FB1500EEE743EA0040F0
:100AC00030BD2DE9FF47064600684F790368884628
:100AD0001B6C39461446984750B92378E07163F08F
:100AE0003F0323700223A371082004B0BDE8F08700
:100AF0003068036839469B699847824630680368C6
:100B00003A46DB6901A998473068DDF80890036828
:100B100039465B6A98478145257807D365F03F05DC
:100B200025700323A3710023E371DDE74A46514694
:100B30003046FFF7ACFFD8F80680804504D065F05A
:100B40003F0525700B23EDE765F07F0525703068C4
:100B5000CDF80C804FF05A33019303683A461B6A74
:100B600001A998470620C0E72DE9F0410546006835
:100B70004E790368D1F806701B6C314614469847CD
:100B800048B92378E07163F03F0323700223A37117
:100B90000820BDE8F0812868036831465B69984702
:100BA00080462868036831465B6A9847874208D3C5
:100BB000237863F03F0323700323A3710023E371C1
:100BC000E6E73A4641462846FFF761FF85F81C6193
:100BD000C5F81801237863F07F0323700620BDE871
:100BE000F0814368F7B505465868036814465F68A6
:100BF00001AA01230E46B847019B34EA03020ED036
:100C00001C436B6801945868036801AA1C6831464C
:100C10000123A0476B68586803689B68984703B036
:100C2000F0BDFFFF73B5104B0646D3F88000037884
:100C300043FA01F2D20714D4012505FA01F402A9FE
:100C4000234301F8013D2A4605F042F97068036824
:100C50002A460A215B699847E2B203213046FFF732
:100C6000C0FF02B070BD00BFEC86001A4368F7B544
:100C700004465868036815465F6801AA01230E46BA
:100C8000B847019A15420FD063685868036822EA92
:100C9000050201921D6801AA01233146A847636835
:100CA000586803689B68984703B0F0BD10B54A794F
:100CB000022A044605D10121FFF7D8FF2046FFF79D
:100CC00047FE002010BD2DE9FF47144690F81D2176
:100CD0000546884652B92378E27063F03F032370DB
:100CE0002223A370042004B0BDE8F087077A4E7970
:100CF0007FB1237863F03F03237000680368DB6BE8
:100D0000984786420CBF0C232123A3700023E37075
:100D1000E8E7006803683146DB6A9847824638B1E5
:100D20002378E77063F03F0323700223A370D9E7B1
:100D30002868D8F80690036831465B6A98474845AA
:100D400008D2237863F03F0323701523A37084F83F
:100D500003A0C7E798F80B7087F05A0398F80A7059
:100D600087F05A0747EA03274FF6FF739F420BD0DD
:100D7000286803681B689847874205D0237863F08A
:100D80003F0323701623E1E7D8F80030286803F00A
:100D90003F02C3F386136A72AB7203684FF0000818
:100DA00001279B6B2F72C5F80C80C5F810809847FF
:100DB00068612846FFF7EAFD07FA06F24FF0FF33B5
:100DC000D2B2022128460393CDF80890CDF80480D2
:100DD000FFF74CFF2868036832461B6A01A9984751
:100DE000237863F07F0323702868036831469B6A89
:100DF0009847A070032076E773B5104B0646D3F8EA
:100E00008000037843FA01F2D20715D5012505FACF
:100E100001F402A923EA040301F8013D2A4605F082
:100E200057F8706803682A460A215B699847E2B25E
:100E300003213046FFF71AFF02B070BDEC86001A9E
:100E4000F0B504460068036887B0DB690A460D46C2
:100E500003A998470122AA40D2B202212046049F4A
:100E6000FFF704FF039BB3F15A3F58D1002602F06D
:100E70009AFE03685B69984763689B6816F0010FE8
:100E800018684ED001F09BFF63689B681868036880
:100E90001B6898470136282101A8FFF7E5FBB6B289
:100EA00001A8FFF713FC322EE1D129462046FFF7B7
:100EB000B9FE2068036829465B689847002602F05F
:100EC00072FE03685B69984763689B6816F0010FC0
:100ED000186829D001F073FF63689B68186803687D
:100EE0001B68984701364FF4C87101A8FFF7BCFB97
:100EF000B6B201A8FFF7EAFB062EE0D12068059EF6
:100F0000036829465B6998473A4601462046FFF741
:100F1000BEFD86420BD00521606800F0FBFD07B0E6
:100F2000F0BD01F04FFFAFE701F04CFFD4E72946D9
:100F30002046FFF761FFF2E72DE9FF410546006813
:100F40004E79036831469B69144698478046286865
:100F500003683246DB6901A99847019BB3F15A3F08
:100F60000FD1029A039F41462846FFF790FD874222
:100F700007D128463146FFF763FF002004B0BDE8E3
:100F8000F081237863F03F0323700B23A3700023C9
:100F9000E3700420F2E7F8B50D461646044651F812
:100FA000047B0822304604F093FF2B79272B09D1CC
:100FB000012384F81D31FF2202212046FFF756FE4F
:100FC0000020F8BD6A7BA2B9342B38D00CD8232B73
:100FD00027D0322B2CD0202B0BD13246294620464D
:100FE000BDE8F840FFF762BE362B36D02ED3372B44
:100FF0003AD0227A002AE3D0617A07F03F02914288
:10100000DED1A27AC7F38617BA42D9D1222B32D0C9
:10101000332BD5D1324629462046BDE8F840FFF7AC
:10102000BFBC324629462046BDE8F840FFF73EBC2B
:10103000324629462046BDE8F840FFF744BE324616
:1010400029462046BDE8F840FFF752BC3246294603
:101050002046BDE8F840FFF76FBF324629462046DC
:10106000BDE8F840FFF780BD324629462046BDE87E
:10107000F840FFF726BD324629462046BDE8F84035
:10108000FFF7D6BB38B50446FFF785FF237A054640
:1010900043B9206803685B6B984718B12068036800
:1010A0001B6B9847284638BD436837B558680368B6
:1010B00014465D6801AA0123A8470198204003B0A7
:1010C00030BDFFFF002313B50446037280E806001D
:1010D000FFF75CFC022201212046FFF7E5FF00300C
:1010E00018BF012084F81D01062104F59070FFF758
:1010F000C5FAFF2203212046FFF7D6FF02A9054BC0
:1011000001F8010D0122D3F8800004F0E1FE02B0E5
:1011100010BD00BFEC86001A10B5044600F59070B3
:10112000FFF7DCFA88B1022211462046FFF7BCFF28
:1011300018B101212046FFF783FE94F81D3123B931
:101140002046BDE81040FFF703BC10BD00487047C3
:1011500000FE071A406910B103685B6818477047C2
:10116000014B00221A7070472A0B0010014B01221C
:101170001A7070472A0B001030B5064C9DF81050BD
:1011800054F8210020EA030344F821300DB1024B4A
:101190001A7030BDDC0800105C0B001030B40C4D30
:1011A0002C88A14212DA0A2910D86C680C254D430C
:1011B000645DE4070AD5074D806955F8214003684E
:1011C000144345F82140DB6830BC184730BC7047F9
:1011D0007087001ADC0800100A4B1A8891420EDA58
:1011E0000A290CD85A680C234B43D05C10F001003C
:1011F00006D0054B53F8210000F002007047002094
:10120000704700BF7087001ADC080010094B1A886D
:1012100091420EDA0A290CD85A680C234B43D35C4E
:10122000DB0741BF044A52F8213023F0020342F8A1
:10123000213070477087001ADC080010037C1943C6
:1012400001747047007C7047037C23EA010101743C
:101250007047407C704741747047807C7047817450
:101260007047FFFF014B93F90600704748090010D3
:10127000014B93F90500704748090010836810B5C9
:101280000446186803681B689847A3689868036851
:101290001B689847A368586803681B689847084804
:1012A000FFF7FAF90748FFF7F7F90748FFF7F4F9EE
:1012B0000648FFF7F1F90648BDE81040FFF7ECB922
:1012C000440B00103C0B0010300B0010540B0010AE
:1012D0004C0B0010164B18888142F0B527DA154EDA
:1012E00056F8210032EA000421D0012A1CD15C68A2
:1012F0000C234B43E35C9B0719D50F4C237873B940
:101300000E4D0F4F2B783F780133142B28BF00234D
:101310009F421DBF0B4A2B7022F81310227040F021
:10132000010046F82100F0BD024346F82120F0BD3F
:101330007087001ADC080010740900105D0B0010A3
:101340005C0B0010B609001073B50D4B9A798A42F8
:10135000044613D09971036802AD5B6945F8041D1A
:10136000012202219847606803682A461E6800210E
:101370000123B047606803689B68984702B070BD5E
:101380004809001010B5094C2378BFF35B8FDB07C9
:1013900009D4204604F0DEFF28B1054B054A1A6047
:1013A000204604F0F3FF024810BD00BFE009001022
:1013B000E40900109887001A10B50C4B1B78012B1C
:1013C000044612D10A48FFF767F970B1A36898681C
:1013D00001F0ECFC48B9A368986801F0F0FC142116
:1013E0000348BDE81040FFF73FB910BD2A0B0010BD
:1013F0004C0B001010B5164B1B78012B044625D161
:101400001448FFF749F920B1A368986801F0CEFCB1
:1014100048B91148FFF740F9C0B1A368586801F016
:10142000C5FC48B910BDA368986801F0CBFC142135
:101430000848FFF719F9ECE7A368586801F0C2FC07
:1014400014210548BDE81040FFF70EB910BD00BFDC
:101450002A0B00104C0B0010540B001006490023FF
:1014600011F83320013A012A98B204D80133082B2D
:10147000F6D14FF6FF707047760900102DE9F04164
:101480001E4DBDF818609DF81CE09DF820C0099F16
:10149000084605EBC601B4B2072C2BD891F80080A2
:1014A000B3B118F0020F22D0B1F8028090451ED1DE
:1014B00005EBC605124BA9885B680C2202FB0131C3
:1014C00004F006FD0134AB883B8020B2BDE8F0811A
:1014D00018F0010F0BD0B1F80280904507D191F8B8
:1014E0000780F04503D191F80680E045DFE701363B
:1014F0000831D0E70020BDE8F08100BF7609001078
:101500007087001A73B516461C4616F8013B0D4647
:1015100002A963F03F0301F8013D0122284604F0CF
:10152000D7FCE21E3146681C04F0D2FCA01E06A9BE
:101530000122284404F0CCFC601E012207A92844A3
:1015400004F0C6FC02B070BD73B514460D4614F825
:10155000012B02A962F07F021E4601F8012D2846E8
:10156000012204F0B5FC721E2146681C04F0B0FC98
:1015700002B070BD094B70B51E885C680C25002355
:1015800098B2B04206DA05FB0042013392888A42E3
:10159000F6D170BD4FF6FF7070BD00BF7087001AA6
:1015A000F8B50D4617460446CA78A86839461E465F
:1015B00004F05EFCA8B1EA78A868394604F088FC1B
:1015C000AB887BB902212046FFF7D4FF4FF6FF73AB
:1015D0009842014604D023685B690122204698475F
:1015E0000120F8BD236801225B69314620469847F7
:1015F000236802215B6A204698472B785B0604D556
:10160000236804215B6A20469847236802229B696D
:101610003146E3E770B50646C06803681B680C46B0
:101620009847FF2821D104B3237B062B1DD1A37932
:10163000B4F807200D4D43EA0222637943EA0223FE
:101640002A68934211D1617A3E290ED8AB798B4238
:101650000BD0336830465B6C98477069AA79036891
:1016600069799B68BDE87040184770BD4809001053
:1016700038B5044640690368DB6898470B4B1B7814
:10168000012B054610D10A48FFF706F860B1A368A0
:10169000586801F08BFB38B9A368586801F08FFBDC
:1016A00014210348FEF7E0FF284638BD2A0B00103E
:1016B000540B0010034B1878034B1B78C01A18BF4B
:1016C000012070475D0B00105C0B001001F07F01E2
:1016D00041EAC313054902F03F0242EA83124B7903
:1016E000887943EAC21340EA831070474809001022
:1016F0007FB5044601AA20300D46FFF7C3FC06461D
:10170000F8B169782878EB78890001F07C0100F065
:101710003F0241EA9011C3F382032046FFF7D6FF50
:101720009DF80E3000906FF300038DF80E3001220B
:101730000023694620468DF80D308DF80C60FFF7C8
:1017400097FF04B070BD10B54B797BB1022B02D965
:10175000032B04D010BDBDE81040FFF7C9BF02F055
:1017600022FA0368BDE81040DB6A184710BD2DE976
:10177000F04387B0064691461F469DF938400D4616
:1017800061B391F80D80B8F1000F27D134B391F80F
:1017900000E0CB784978890001F07C01C3F3820333
:1017A0000EF03F0241EA9E11FFF790FF9DF81630C0
:1017B000029068F30003012C8DF816308DF8158027
:1017C0000FD14B462A1D03A930468DF81490FFF720
:1017D000BBFE012202A93046FFF74AFF07B0BDE871
:1017E000F083002CF5DC6442E4B2CDF80480009470
:1017F0003B462A1D03A930468DF81470FFF782FE80
:10180000E7E7FFFF1FB50D4904238A7949790446AC
:10181000FFF75CFF9DF80E3000906FF3000301228C
:101820008DF80E3069460E2320468DF80C208DF879
:101830000430FFF71DFF04B010BD00BF48090010C1
:101840002DE9F04F584B0D689A79C5F3C5189045AE
:101850008BB004460E46C5F34C3705F07F0A9B4615
:1018600055D15B79534552D1B8F1000F00F0958006
:101870004E4B1B88012B04D0FFF79EFD2046FFF73F
:10188000C1FF0BB0BDE8F08FBAF1000FF9D1B8F18C
:10189000000FF6D1E06803685B689847FF28F0D135
:1018A000434B0C22596807A804F012FB0023321D99
:1018B00007A92046FFF774FE0028E2D02046FFF774
:1018C0007BFD60699BF8062003689BF805109B6808
:1018D0009847D6E7079B23F07F42736823F07F4346
:1018E00022F0FF0223F0FF039A4245D141F6FF7335
:1018F0009F4204D032799BF804309A423CD1BDF823
:101900001A30059A07A92046FFF74AFE31E0002F5A
:10191000BAD0002AB5D041F6FE739F4294BF00238F
:101920000123049341F6FF739F420DF11A030CBF8C
:10193000C5F30C053D46039300230093CDF80880C2
:10194000049BCDF804A02A4607A92046FFF796FD80
:10195000F31D81460593B9F1000F92DDB5F5806F57
:10196000B8D2BDF81A30321D07A92046FFF718FE7D
:1019700010B12046FFF720FD1FFA89F30DF11A027E
:1019800003928DE80804CDF80880049B2A4607A935
:101990002046FFF773FD8146DDE7002F7FF471AF2E
:1019A000002B3FF477AF6CE7480900102C0B0010B8
:1019B0007087001A064B187840EA0121587840EAEF
:1019C0000120997841EA0021D87840EA81007047E7
:1019D000480900102DE9FF41884611460646FFF7E9
:1019E000E9FF08238DF80C309DF80E30164D00905D
:1019F0006FF300038DF80E30144B2C681A798DF8B4
:101A00000420B8F1200F5A798DF805204FEA1427E9
:101A10009B790F498DF8063008BF44F0200402225C
:101A20000DF109008DF807408DF8087004F050FAA8
:101A30002B7B8DF80B30012269463046FFF718FEEC
:101A400004B0BDE8F08100BFC408001048090010D0
:101A50002C0B001006220021FFF7BCBFF7B5124B7C
:101A60005F68144604220D46064679690DEB0200B4
:101A700004F02EFA019B23EA0505AB4201950FD035
:101A800004220DEB0201786904F022FA54B13368A4
:101A900001225B69114630469847204603B0F0BDED
:101AA0000024FAE70124F8E77087001A104B37B5D5
:101AB0001A888A420C4618D019800E4B5D680422A1
:101AC00069690DEB020004F003FABDF804106869BF
:101AD00041F0100141EA0441042201910DEB0201A1
:101AE00004F0F6F9012003B030BD0020FBE700BF91
:101AF0002C0B00107087001A10B501210446FFF767
:101B0000D5FF30B1204601220021BDE81040FFF78B
:101B100061BF10BD10B50446FFF7C8FF38B1236898
:101B2000012220465B691146BDE81040184710BDF0
:101B3000F8B513461B4A1778012F0D462ED9D2F857
:101B400004E000244FF0060CE2B2BA4226DA0CFBA5
:101B500002F20EEB02013EF802204E88B34213DA85
:101B6000934211DD8C880A880F491C44A41A4968E5
:101B7000A4B20C2202FB04118E889E420BD128468F
:101B800004F0A6F92046F8BD9A42EBD0B34204F126
:101B90000104D9D1E6E70321FFF7BCFF4FF6FF743C
:101BA000F0E700BF1C0000107087001AF8B50B4C5E
:101BB00004EB83060236072B0ED85D1C32B904EB0A
:101BC00083046288FFF7B4FF28B2F8BD36F8047BBF
:101BD0009742F4D0ABB2EEE70020F8BD54090010F4
:101BE0002DE9F0470D4688B007460C22002101A8D8
:101BF00004F008FA2B7BDFF89490DFF89480032B35
:101C000001BF6C79AB7944EA032424B218BF0024E5
:101C1000A4B20023224601A93846FFF7C7FF4FF0C0
:101C2000850A86B27EB369782878EB78890001F05E
:101C30007C0100F03F0241EA9011C3F38203384671
:101C4000FFF744FD022208EB860199F80430049066
:101C500011440DF116008DF815308DF814A004F024
:101C600037F9022202A906A804F032F9012204A9D8
:101C70003846FFF7FDFC3346224601A93846FFF7F8
:101C800095FF86B2CEE708B0BDE8F087480900109E
:101C900054090010074A002302EB83004088884261
:101CA00002D132F8230070470133082BF4D14FF6EC
:101CB000FF7070475409001038B50D468BB11146BE
:101CC000FFF7E8FF4FF6FF739842044607D0074B33
:101CD00059680C2202FB0011284604F0F9F820464E
:101CE00038BDBDE83840FFF723BF00BF7087001A3A
:101CF000F0B5054689B00E46B9B10A6841F6FF73E2
:101D0000C2F34C349C4212D02D4B9879C2F3C511CA
:101D1000884202F07F0206D15B79934201D07F2A8C
:101D200003D1224605E03F29F6D009B0F0BDC2F349
:101D30000C0241F6FE739C4294BF0023012301A9CB
:101D40002846FFF7B9FF4FF6FF7398420746ECD0DD
:101D50002846FFF731FBB4F5806F9DF807201BD2B2
:101D600003998DF81C2005A804F0B2F83368049399
:101D70009DF81E3000226FF3000304A928468DF859
:101D80001E30FFF775FC0028CFD12B6801225B695C
:101D9000394628469847C8E7D31C8DF81C30084BB5
:101DA00003991B798DF814309DF805308DF81530A6
:101DB0009DF806308DF816300DF11700D4E700BFFE
:101DC0004809001030B5084B1D785C680023D8B274
:101DD000A84206DA14F820208A4203F10103F6D162
:101DE00030BDFF2030BD00BF240000102DE9F043BE
:101DF0000F4687B049790646FFF7E4FF0C220446F8
:101E000000210DEB020097F80780BD7904F0FAF885
:101E1000FF2C0BD16FF001030093042206233946F7
:101E20003046FFF7A4FC07B0BDE8F08345EA08227E
:101E300003A93046FFF77CFE4FF6FF7398428046B9
:101E400026D0164B5B6824B203EB84046388984267
:101E5000E0DC9DF80C30DB071DD5114C002304F1AC
:101E600040091D46A28842450AD12570A571E57139
:101E7000336865805B6BA58001213046984701235C
:101E80000834A145EED1012B18BF6FF00603C3E75C
:101E90006FF00303C0E76FF00503BDE724000010F7
:101EA000760900102DE9F04F0D4687B0497991462B
:101EB0000746FFF787FF0C22044600210DEB0200C6
:101EC00095F80780AE7904F09DF8FF2C10D16FF0E3
:101ED000010319F0010F00934FF0060314BF08220D
:101EE0001A4629463846FFF742FC07B0BDE8F08F96
:101EF00046EA082203A93846FFF71AFE4FF6FF7399
:101F00009842824666D0384B5B6824B203EB840467
:101F100063889842DBDC9DF80C30DB075DD5334AE3
:101F200000231646D1188988514503D1995C01399F
:101F3000012955D90833402BF4D13846FFF78EFAE2
:101F40004FF6FF739842804602D16FF00803C0E756
:101F500006F8389019F0010B2B7A6A7A4FEAC80418
:101F600028D08DF808308DF80920AB7AEA7AE01D88
:101F700043EA022302A901223044ADF80A3003F0FB
:101F8000A7FFA01D01220DF10901304403F0A0FFBD
:101F9000A01C02220DF10A01304403F099FF3B68B6
:101FA00006EBC8065B6BA6F804A0012138469847EB
:101FB00001238EE706A943EA0223A01C344421F83A
:101FC0000E3D0222304403F083FF84F806B084F80B
:101FD00007B0E4E76FF003037BE76FF0050378E7F2
:101FE0006FF00A0375E700BF2400001076090010A7
:101FF0002DE9F0410D4686B049790446FFF7E2FE2F
:102000000C22064600210DEB020095F80780AF79FF
:1020100003F0F8FFFF2E0BD16FF0010300930622AF
:10202000082329462046FFF7A2FB06B0BDE8F08151
:1020300003A947EA08222046FFF77AFD4FF6FF730F
:102040009842014633D01E4B5B6836B203EB8606DE
:1020500073889842E0DC9DF80C309B072AD56B7A98
:102060002A7A184E42EA032230460023F7187F8866
:10207000974222D00433202BF8D1002300EB8306B3
:10208000778877B920F82310236872805B69012272
:102090002046984723680121DB6B2046984701239F
:1020A000BCE70133082BE9D16FF00803B6E76FF006
:1020B0000303B3E76FF00403B0E76FF00903ADE784
:1020C00024000010540900102DE9F0430D4687B09C
:1020D00049790646FFF776FEEB79AF790C22044684
:1020E00000210DEB020047EA032703F08BFFFF2CD2
:1020F00026D00024DFF8508001222346A14608EBB9
:1021000004014888B8420AD13368A1F80290DB6B19
:1021100024F8089001213046984700220123043416
:10212000202CECD1002A18BF6FF006030093042284
:10213000062329463046FFF71AFB07B0BDE8F083B7
:102140006FF00103F2E700BF5409001073B50C46AD
:1021500049790546FFF736FEFF281BD000220F48BD
:1021600001211346165C2EB18618B688002E1CBFBE
:10217000002101230832402AF4D1002918BF6FF052
:10218000060300930222042321462846FFF7EFFAB4
:1021900002B070BD6FF00103F3E700BF76090010D5
:1021A0002DE9F04F0E468BB049790746FFF70AFE3E
:1021B0007F218DF80A10FF284FF03F010446F27985
:1021C000B3798DF80B1050D10025A8466FF00104AB
:1021D00096F80D90B9F1000F44D1002C42D07178DF
:1021E0003078F378890001F07C01C3F3820300F0BA
:1021F0003F0241EA90113846FFF768FA9DF8263011
:10220000069069F30003012C8DF826308DF8259097
:102210007CD108238DF8243033790AA963F07F0339
:1022200001F81F3D224607A803F052FE0322711D4C
:102230000DF11D0003F04CFE22460DF10A0108A825
:1022400003F046FE22460DF10B010DF1210003F0D3
:102250003FFE8DF822808DF82350012206A93846D2
:10226000FFF706FA0BB0BDE8F08F43EA022203A99C
:102270003846FFF75DFC4FF6FF7398423DD02A4B7E
:102280005B6824B203EB8404638898429CDC9DF86D
:102290000C5015F0010535D0244B9DF80AC09DF86F
:1022A0000BE0002203F1400A9146154690460121B9
:1022B0001446B3F804B083450FD119785D88C90777
:1022C00042BF012293F807C093F806E05FFA85F851
:1022D00048BF91462D0A0021012408335345E8D117
:1022E000B9F1000F01D08DF80AC00AB18DF80BE0EA
:1022F000002918BF6FF007046AE70025A8466FF0B1
:10230000030465E7A8466FF0050461E76442E4B2A0
:102310000623CDF804900094321D07A938468DF8A5
:102320002430FFF7EFF898E724000010760900103A
:102330002DE9F0410C468AB049790646FFF742FD87
:1023400010220546002106A894F80780A77903F01B
:1023500059FEFF2D0BD16FF00103009304220623D9
:1023600021463046FFF703FA0AB0BDE8F08147EA9C
:10237000082203A93046FFF7DBFB4FF6FF729042BD
:10238000034616D00E4A52682DB202EB85056A88C4
:102390009042E0DC9DF80C20D2070DD504F1080234
:1023A00003A93046FFF7FCF8637BB3FA83F35B09BC
:1023B000D3E76FF00303D0E76FF00503CDE700BF6D
:1023C0002400001073B5044600294CD00B68C3F3F9
:1023D000861203F03F033F2B45D07F2A43D0CE78AF
:1023E0008B784A78760106F06006DD0046EAD3066F
:1023F000574B587905F0380545EA5215B042EAB214
:10240000184640F09D809B7993420ED07F2E40F07D
:102410009A803F2D0AD08379934224D11DB3204660
:102420000191FEF7C9FF019907E0E5B1204601914E
:10243000FEF7C2FF7F2E019903D14B7B43F00103CE
:102440004B733F2D02BF4B7B43F002034B730B7961
:102450000B2B63D020D8062B4ED010D8032B3FD0A7
:1024600003D8012B36D002B070BD042B3ED0052B13
:10247000F9D1204602B0BDE87040FFF7B1BB092B8F
:1024800046D8082B3ED314BF02220122204602B0B8
:10249000BDE87040FFF706BD232B0DD8222B11D2CB
:1024A0000E2B41D0202B45D00C2BDCD1204602B086
:1024B000BDE87040FFF774BE372B09D8322B01D22C
:1024C000272BD0D1204602B0BDE87040FFF710B9ED
:1024D000452BCDE7204602B0BDE87040FFF7BABA01
:1024E000204602B0BDE87040FFF794B8204602B025
:1024F000BDE87040FFF71CBF204602B0BDE8704049
:10250000FFF776BD204602B0BDE87040FFF7DCBDA6
:10251000204602B0BDE87040FFF768BC204602B01C
:10252000BDE87040FFF712BE204602B0BDE8704023
:10253000FFF7E2BA204602B0BDE87040FFF703B9EA
:102540007F2E90D165E73F2D3FF470AF8BE700BF42
:102550004809001010B59DF80C009DF808400428AB
:102560000BD008280CBF0520072044B141F07F7133
:1025700041F4783141EA806010BD0320F5E741EA7B
:10258000403143EA811142EAC11010BD2DE9F04FFC
:102590008BB0044603939DF8503004934FF6FF73BD
:1025A00099420F46059200F0B2805A4B53F8213001
:1025B000DB0740F1AC80584B0C26D3F804E04E43C7
:1025C0000EEB0605B5F80480B8F5005F80F09F803B
:1025D000B8F1000F00F08D809DF82630DFF83C91B7
:1025E0006FF300038DF826301EF8061099F80520C9
:1025F00099F8063001F01C0101910021009141463B
:10260000FFF7A8FFB8F5806F0690EA7811D28DF831
:102610002420A96807A803F05BFC002206A9204635
:10262000FFF726F80546A8B9002528460BB0BDE8F7
:10263000F08FD31C8DF8243099F804308DF81C30BD
:102640006B788DF81D30AB788DF81E30A9680DF1D0
:102650001F00E0E7DFF8C8B0DFF8C0A04FF00008C7
:1026600038F80B30BB4210D008F10408B8F1200F45
:10267000F6D1049A23680192039A00921E69059A82
:10268000012339462046B047CFE7234B9AF805206F
:1026900058689AF8063000EB0609805D0BEB0801DC
:1026A00000F01C0049880190012000902046FFF7AF
:1026B00051FF069099F80320D31C8DF824309AF826
:1026C00004308DF81C3099F801308DF81D3099F8E0
:1026D00002308DF81E30D9F808100DF11F0003F0FC
:1026E000F7FB002206A92046FEF7C2FF0028BBD157
:1026F0009AE7049D03680195039D00951D690123D8
:10270000A847236801225B690221204698470125DA
:102710008BE700BFDC0800107087001A4809001022
:1027200054090010F7B5204B9B79054613B1FEF70D
:10273000C1FF18B903B0F0BD024625E01B4B1B7862
:1027400023B11B48FDF7A8FF0028F3D0194E1A4FFC
:1027500015242846FEF7AEFF0028EBD06869036811
:102760009B6A98470028E5D1686903685B6A9847C7
:102770000028DFD1686903681B6A98470028D9D10F
:102780003278122AD8D80132012337F81210009378
:1027900028461023FFF7FAFE0028CBD0013CA4B254
:1027A000002CD6D1C6E700BF48090010440900102C
:1027B000300B00105C0B0010B6090010124BF7B57F
:1027C00000241F8805462646A1B2B94212DB0F4AF3
:1027D00000234FF6FF7122F813100133142BFAD1A6
:1027E0000B4A002313700B4A13700B4A012013701D
:1027F00003B0F0BD002300961A462846FFF7C6FE38
:1028000001340028E0D1F3E77087001AB609001000
:102810005C0B00105D0B0010740900102DE9F041F5
:102820008AB00C4615461E4613460A4603A9804642
:102830009DF84070FFF740FA4FF6FF73984222D0A0
:102840009DF80C30002C02BF27462646254603F093
:102850001C03019332463B46214600954046FFF754
:1028600079FE00238DF824309DF82630069043F041
:102870000103012206A940468DF82630FEF7F8FE36
:102880000AB0BDE8F0810020FAE7FFFF07B5054A6E
:1028900053799279009200221146FFF7BFFF03B0EF
:1028A0005DF804FB480900102DE9FF41324E3578F0
:1028B00004460F46B04625B1012D46D004B0BDE810
:1028C000F0812E48FDF7E8FE0028F7D0E0680368A5
:1028D0005B689847FF288DF803000BD1002FEDD1DE
:1028E00064212748FDF7C0FE012320463370FFF71F
:1028F000CDFFE3E77E2804D906212046FFF7D6F86E
:10290000DCE7204B1B88062B03D129462046FFF726
:10291000CDF864211A48FDF7A7FE012388F800309E
:10292000194B0C22596801A803F0D2FA9DF8072030
:1029300003980DF1030103F0CBFA6069134B0268B1
:10294000597994689A79A047B8E70D48FDF7A4FE35
:102950000028B3D0002FB1D1236802272A46294688
:10296000204637705B69984723682A465B69394679
:1029700020469847A2E700BF2E0B0010440B001022
:102980003C0B00102C0B00107087001A4809001037
:1029900073B50546C068144C03681B689847FF2848
:1029A0001BD16868036801AA5E6800210123B04753
:1029B000019BDAB23E2A01D8A3710CE00021A1717B
:1029C00068680191036801AA1C680123A047686830
:1029D00003689B68984702B070BD3E2801D8A0717B
:1029E000F9E70023E8E700BF48090010F8B5C36124
:1029F000069B4360079B089FC3602F4E2F4B81614E
:102A0000002482604761054634701C80FFF7C0FFD8
:102A10002B4A2C4E13785268747103F18043013BAA
:102A200012F823303371F471FEF790FB436823F002
:102A30007C433360FEF78AFB03883381224B0122FB
:102A40001A70FEF783FB3B6838461B6898471E21C7
:102A50001E48FDF709FE14211D48FDF705FE14214F
:102A60001C48FDF701FE1C4B1C701C4B1C701C4BC2
:102A70001C701C4B1C701C4B4FF6FF7223F814206B
:102A80000134142CFAD1002201212846FEF7E6FF7A
:102A90003B68B2799B6871793846984705F1200404
:102AA00001F076F830B1011D2A462046BDE8F84015
:102AB000FEF708BB0146F7E72E0B00102C0B0010A9
:102AC00024000010480900102A0B0010440B0010CD
:102AD000540B00104C0B00105C0B00105D0B001031
:102AE0007409001044090010B609001073B5264D92
:102AF0002B7804468BB12548FDF7F0FD58B160698D
:102B000000232B7003681B689847236801225B69C8
:102B100011462046984702B070BD40690368DB69E2
:102B20009847012806460AD1A3680221186800F0D8
:102B300052F9052115482E70FDF7A0FDEBE7144B67
:102B40001B88012B04D1A368186800F03EF9E2E766
:102B5000062B05D1A3680321186800F03CF9DAE7D9
:102B60000C4B5B68042259690DEB020003F0B0F9CD
:102B7000019B13F0010FA368186802D100F028F937
:102B8000C9E700F01CF9C6E7290B0010380B00104C
:102B90002C0B00107087001A38B5C369084C1B68ED
:102BA00021789A7A9142054608D01AB10122202153
:102BB000FEF710FFEB691B689B7A237038BD00BFDE
:102BC000280B00102DE9FF41044640690368DB69CA
:102BD000984706462046FEF70DFC2046FFF786FF85
:102BE000721E514251412046FFF75EFE04F1200063
:102BF000FEF792FA294B1B78022B20D1DFF8A08038
:102C000000250127606903689B69984730B16069B6
:102C100003685B699847EBB2834224DB012E0BD03B
:102C20001F4B9B7943B11F4B1B782BB91E4B1B7855
:102C30002046ABB1FFF7C2FD2046FFF7ADFF04B061
:102C4000BDE8F08198F806301BB169462046FFF7D1
:102C50004FF80135D6E769462046FEF7F1FDF8E763
:102C6000FFF760FDE8E76069036869461B699847FC
:102C70009DF80E30DB07E5D49DF80330C3F38203E3
:102C800007FA03F313F0A80FE5D113F0140FE0D007
:102C900069462046FFF796FBDBE700BF2E0B0010CE
:102CA00048090010440900107409001008B500F02C
:102CB0007AFF0368DB6998474FF05533036008BD1E
:102CC00010B50446FFF7F2FF00F06DFF03681B69C3
:102CD0009847FDF7A9FC236820469B69984700F0B8
:102CE00062FF03685B6B9847236820469B68BDE8DA
:102CF0001040184710B500F056FF0368DB6998478D
:102D00000368B3F1553F06D000F04DFF0368BDE8FE
:102D10001040DB6A184710BD08B504462046FFF78F
:102D2000E9FF00F040FF03685B69984700F03BFF54
:102D300003689B69984723682046DB6898472368A7
:102D400020461B699847E9E710B5044600F02BFFC1
:102D500003681B6B9847236820465B69BDE81040F9
:102D60001847FFFF024B186808B1FFF7EDBF704727
:102D7000600B001001710849826010B50022074CF9
:102D800004600A7006490A7006490A7006490A700A
:102D90000122427310BD00BF6C0B00100088001AA6
:102DA0006E0B00106D0B00106F0B001010B5047946
:102DB000806803685B6898476040C0B210BD00231C
:102DC0004373704701234373704703234373704772
:102DD0000223437370470A294FF0040328BF0A21D6
:102DE000437301737047FFFF10B51B4CFDF700FCE8
:102DF000236898422ED0FDF7FBFB20601748FDF7B3
:102E00004BFC38B332211548FDF740FC144A1378C7
:102E100083F001031370134A13780133DBB2042BE0
:102E200001D0137010BD002010700F4A0F491378A5
:102E300083F0010313700E4A13780A2B9CBF0878A5
:102E400080F001000870097821B90133DBB20D2B45
:102E5000E7D9117010BD00BF740B0010640B001097
:102E60006E0B0010700B00106C0B00106D0B00103F
:102E70006F0B001010B50446FFF7B6FF637B042B01
:102E800017D8DFE803F01A18030D0F000C4B1B785E
:102E9000A0682179026859401268BDE810401047C7
:102EA000084BF4E7084B1A78237B9A4203DA074B66
:102EB000EDE7012363730023EAE70123E8E700BF9E
:102EC0006C0B00106E0B00106F0B00106D0B0010E0
:102ED000036910B504461BB11430FDF7DDFB20B9C2
:102EE0002046BDE81040FFF7C5BFA0682179036800
:102EF000BDE810401B68184710B50446FFF73AFFBD
:102F0000034A2361012322602376204610BD00BFBF
:102F1000F487001A30B50170FF21B2FBF1F5B3FB65
:102F2000F1F11944039B436000232A4483724FF458
:102F3000807342708170038130BD38B505780446D6
:102F4000406803681B689847854223890FD06278E0
:102F500013449BB2B3F5007F28BF40F2FF132381D7
:102F60002389B3F5B27F01DB0123A37238BDA278B8
:102F70009B1A9BB2FF2B98BF4FF480732381238948
:102F8000B3F5A67FF2DA0023EFE70089B0F5807F82
:102F900005D040F2FF13C31A584258417047012030
:102FA0007047FFFF00487047009F08100129024842
:102FB00018BF0020704700BF00FE0500012901BFB7
:102FC0004FF0FF338360002380F80C3203BF0171A0
:102FD0004171184601207047007970470220704700
:102FE0000129024818BF0020704700BF0000021AE4
:102FF0000129024818BF0020704700BF0002001BD3
:1030000001290CBFFF2000207047407970474B1EFC
:10301000584258417047FFFF012908D172B6044B4E
:10302000044A9A600448D0F800D0D0F804F0704701
:1030300000ED00E00000021A0000021A012A084612
:1030400004D10C224FF0D85102F042BF7047FFFF6D
:10305000044A0260002202714271826080F80C22F0
:10306000704700BF0C88001A10B5094A21F07F4153
:10307000002352F82340A142D8B203D301330E2BD0
:10308000F7D11846B1F5002F28BFFF2010BD00BFB3
:103090005088001A2DE9F0470F46144681461A461B
:1030A000214638461D4602F0E3FED0B3C4F30803C0
:1030B000BBBBB5F5806F06D040F6FF739D4202D0D2
:1030C000B5F5007F2DD104F07F43B3F1D05F2AD056
:1030D000B3F1D85F25D1012621464846FFF7C4FF4A
:1030E00004EB050A80460AF1FF314846FFF7BCFFB2
:1030F000814672B602F0F4F932464946404602F083
:10310000FFF9AAF50071204602F024FA324649463A
:10311000404602F0F5F92A463946204602F000FA08
:1031200062B6BDE8F0870026D6E7FFFF7FB50368EB
:103130000C460A46DB6901A906469847012C1AD1BC
:103140000E4C029A04F16543A3F5007304F17F4528
:103150009A4205F5FF350ED900F025FD03685B693D
:10316000984721464FF400732A463046FFF792FFF6
:1031700004F50074E5E704B070BD00BF0002001B59
:10318000012A70B504460FD100F10C050C22284627
:1031900002F09EFE294620464FF400734FF0D852AD
:1031A000BDE87040FFF776BF70BD8268520802F537
:1031B0005822014601324FF4007352020C31FFF7DE
:1031C00069BF38B590F80C32044600251BB1FFF7F3
:1031D000ECFF84F80C5265712571A56038BD8368D9
:1031E000DA0710B5044609D5013301D0FFF7DDFF3A
:1031F00004F10C00A3680133A36010BD012300F5A6
:10320000867084F80C32F5E74FF480507047042044
:103210007047FFFF014802F077B800BF00E00040B0
:103220007F2A10B511D802F5800202F5006201EB89
:1032300042120299920003EB81001946814204D0A8
:10324000CC1AA45841F8044BF8E710BD2DE9F3411E
:103250004E0980461D4601F01F01174685B1C1F198
:103260002004AC4228BF2C463B46324600944046E0
:10327000FFF7D6FF2D1B07EB840701360021EDE792
:1032800002B0BDE8F081FFFFF8B51E46134B1446AF
:103290001A68A2420D4603D01C6003689B689847D9
:1032A0007F2C1AD80E4B0022DA6004F580040699B0
:1032B00004F5006405EB4414C5F180058D424FEA26
:1032C000840428BF0D46331F04EB8505AC4204D0AF
:1032D00053F8042F44F8042BF8E7F8BD780B0010DE
:1032E00000E000402DE9F3414E0980461D4601F003
:1032F0001F01174685B1C1F12004AC4228BF2C46FE
:103300003B46324600944046FFF7BEFF2D1B07EBBD
:10331000840701360021EDE702B0BDE8F081FFFF30
:10332000024B4FF40022C3F88420704700E100E014
:10333000704705207047C3689879003018BF012096
:10334000704743689879003018BF01207047836840
:103350009879003018BF01207047FFFF054B5B686C
:103360001A0605D413F0600F14BF02200320704723
:103370000120704700200E402DE9F0435E4D5F4E66
:103380002C78BFF35B8F14F0010487B0804612D114
:10339000284602F0DFFF70B10A233370284601236C
:1033A0007470B470F47033717471B471F4713472F8
:1033B000747202F0EBFF524F524D3C78BFF35B8FBB
:1033C00014F0010412D1384602F0C4FF70B1052395
:1033D0002B70384601236C70AC70EC702B716C71E3
:1033E000AC71EC712C726C7202F0D0FFDFF830918E
:1033F000454C99F80070BFF35B8F17F0010712D1AD
:10340000484602F0A7FF70B1052323704846012308
:103410006770A770E77023716771A771E7712772F2
:10342000677202F0B3FF394F394B4FF40029522233
:10343000C7F88490C8F80460C8F80850C8F80C4071
:10344000344DC3F884211222C3F888210E210122B1
:1034500000230A2001F098FE284601F067FC2E4B5D
:103460002846196801F0FCFA2B6843F00E0300248B
:1034700001262B6014230493224633462146284616
:10348000039602940194009401F087FC172304939F
:10349000152303933246334621462846029401946D
:1034A000009401F07AFC1823049303931B4B0293BE
:1034B00001933246334621462846009601F06DFCC2
:1034C00019221F238DE80C00214633462246284648
:1034D00001F085FC202301930093324633462146B8
:1034E000284601F07CFC402387F83333C7F804906A
:1034F00007B0BDE8F08300BF8C0B0010800C0010FB
:10350000880B0010100C0010A00B001000E100E070
:103510000060084000200E402C00001000E0FF0377
:10352000840B001038B515460C46B1B1AAB113682A
:103530000B6053680B73082205F10901201D02F08E
:10354000C7FC2A7AA37B2AB962F3000300206073C8
:10355000A37338BD43F00103F8E7012038BD08B577
:103560000846134679B172B112680A601A7B4A6044
:103570009A7BC2F300020A7209300822191D02F078
:10358000A7FC002008BD012008BDFFFF10B5094CB5
:103590002378BFF35B8FDB0709D4204602F0DAFE05
:1035A00028B1054B054A1A60204602F0EFFE02489A
:1035B00010BD00BF800B0010900B0010AC88001AEB
:1035C00010B50C46FFF7E2FF83681B7933B1FFF7B4
:1035D000DDFF43681A792AB1002010BDFFF7D6FF3E
:1035E0008368F7E703F10C015B7803EB8303142294
:1035F00001EB8301204602F06BFC012010BDFFFFB0
:1036000010B50446FFF7C2FF014B1C6010BD00BFA0
:103610002C00001070B50446C078012807D16071F5
:103620002AB3E379FF2B22D00133E37170BD2278F6
:10363000A3782679013A9342B8BF5D1C04F10C00CF
:1036400003EB830300EB83004FF01402B4BFEDB231
:10365000002502F03DFC6378A570AB4204BF012356
:10366000E3700023012E23710CBF0220184670BDA9
:1036700070B50C4686B015460A4601A9FFF76FFFE4
:10368000E378C3F38203032B0FD8FFF77FFF2A46AB
:1036900001A98068FFF7BEFF012837D100201D4B2C
:1036A0004FF40022C3F804212EE0FFF76FFF4468B7
:1036B000E378012B08D16371002DEFD0E379FF2B64
:1036C0001CBF0133E371E9E72278A3782679013A38
:1036D0009342B8BF5D1C04F10C0003EB830300EBC5
:1036E00083004FF0140201A9B4BFEDB2002502F02F
:1036F000EFFB6378A570AB4204BF0123E3700023A6
:10370000012E237104D0012006B070BD0028FAD02C
:103710000120C4E700E100E003796BB9C3780BB185
:1037200000787047427883789A42C3BF0078C01807
:10373000801A981AC0B270470020704708B5C06858
:10374000FFF7EAFF08BD70B5044608466579012D0C
:103750001DD00125267956BB637804F10C0103EBDB
:103760008303142201EB830102F0B2FB6378227819
:103770000133DBB293426370A8BF6670A3786278AE
:103780009A4204BF012323710023E3700FE0E37822
:10379000012B06D122B1E379FF2B1CBF0133E3716A
:1037A000002500236371002AD4D0002DD1D12846F2
:1037B00070BDFFFF184B00221A70C37802789BB1CE
:1037C000134602EB4201B3EBA10F18DB027AFF2A8A
:1037D00003D0817909B90132027201228271427AE1
:1037E0009342C8BF4372704701790029E9D18378B9
:1037F00041789942C8BF9B185B1ADBB2E1E7B3EB93
:10380000520FECDC027AFF2A03D0817909B1013230
:1038100002720022E2E700BF7C0B001070B5044684
:1038200008466579012D1DD00125267956BB6378A0
:1038300004F10C0103EB8303142201EB830102F07A
:1038400047FB637822780133DBB293426370A8BFF1
:103850006670A37862789A4204BF01232371002323
:10386000E3700FE0E378012B06D122B1E379FF2B5F
:103870001CBF0133E371002500236371002AD4D0FB
:10388000002DD1D1284670BD38B50C46FFF77EFE1D
:1038900083681B79002B50D0FFF778FE43681D79B1
:1038A0000DB1002038BDFFF771FE354B42681D7029
:1038B000D3781178EBB10B4601EB4100B3EBA00FCD
:1038C00022DB117AFF2903D0907908B901311172F6
:1038D00001219171517A8B42C8BF5372FFF756FE96
:1038E000012221464068FFF72EFF0546C0B10120A6
:1038F00038BD10790028DFD1937850789842C8BF3E
:103900005B181B1ADBB2D7E7B3EB510FE2DC117A7D
:10391000FF2903D0907908B1013111720021D8E755
:10392000184A136A23F400431362FFF72FFE2A4656
:1039300021464068FFF707FFD9E7FFF727FE8368B6
:103940001B79002BADD1FFF721FE8068FFF732FF16
:10395000FFF71CFE012221468068FFF75FFF054646
:103960000028C4D1074A136A23F400431362FFF707
:103970000DFE2A4621468068FFF750FFB7E700BFDB
:103980007C0B001000200E4030B5594B594C0122E1
:1039900089B01A702269002A39D012F400450CD07F
:1039A000636813F0E00F44D12046082101F0B6F817
:1039B0001021204601F0B2F8ECE7531E132B0FD86C
:1039C00003ABD2B22946204601F073F98DF81450AA
:1039D000FFF7DCFD012203A9C068FFF71BFED9E752
:1039E000A2F11503032B07D8294603ABD2B2204618
:1039F00001F05FF90125E9E7A2F11903072BC9D806
:103A000003ABD2B22946204601F053F9C2E7FFF7D3
:103A1000BDFD03A9FFF7D4FD58B19DF8143053B193
:103A20009DF814302BB120221146324801F005F8E0
:103A300040B909B030BD1F2219212E4800F0FDFF0A
:103A40000028EDD0FFF7A2FD03A9FFF71DFF002816
:103A5000EFD0039B9DF8142043F0804303935AB3A7
:103A6000202301930093012203AB0021214801F0A0
:103A70007BF9FFF78BFD8068FFF74EFE18B31F221E
:103A800019211C4800F0D9FF0028D2D0FFF77EFD95
:103A900003A9FFF7F9FE0028CBD0039B154843F09C
:103AA0008043039319221F238DE80C00002203ABEF
:103AB000114601F059F9BCE719211F238DE80A00CE
:103AC00003AB1146D2E7FFF761FD42681379002B83
:103AD000AFD1D3781BB11378002BD0D1A9E793785D
:103AE00051789942C4BF12789B185B1ADBB2F3E796
:103AF0007C0B001000200E4030B5044687B0C06833
:103B00000D46FFF757FE01A90022E068FFF786FE89
:103B100001AA29462046FFF705FD07B030BD7047D2
:103B200010B54FF40871044602F012FC204610BD97
:103B300038B5114D2B78BFF35B8FDB071AD42846BD
:103B400002F008FCB0B10D4C0D4B204640F8043B90
:103B5000FFF77EFA0B4B236003F154022846A03393
:103B60006260C4F8143202F011FC074A074920468B
:103B7000FCF7C6FC014838BD540D0010580D00106C
:103B80008C8D001AE888001AC00800101F3B001A2C
:103B900008B5FFF7CDFF08BD08B5FFF7C9FFBDE8C1
:103BA000084000F0E1BB08B5FFF7C2FF08BDFFFF0A
:103BB000064B4FF00072C3F88020002280F81C22D0
:103BC0004FF48022C3F88020704700BF00E100E07E
:103BD000A0F10400FFF7ECBF42EA012340F20B2002
:103BE000834200F05282B3F5037F7FDAB3F5007FA2
:103BF00000F0F88136DC40F20710834200F0688163
:103C0000B3F5847F0EDAB3F5817F00F0C68140F210
:103C1000031083423BD040F20110834200F0B28196
:103C20000020704740F20B10834206D0B3F5867F28
:103C30000ADA40F209108342F2D102EB4111CE4B75
:103C4000012043F82100704740F20D108342F4D068
:103C5000B3F5877FE4D102EB4111C74B412243F812
:103C6000212014E040F20520834200F00E8110DC98
:103C700040F20220834200F03B81C0F2C08140F25A
:103C80000320834200F0EF80B3F5017FC8D101200B
:103C90007047B3F5027F00F08B810EDC40F2072005
:103CA0008342BDD102EB4111B34B002243F82120E6
:103CB000B24A136823F0800316E040F209208342E1
:103CC00000F0838140F20A208342A9D102EB411126
:103CD000A94B402243F8212003F5DC2300229A73EC
:103CE000A64A136843F480431360D0E740F20660AD
:103CF000834200F0BF813EDC40F20160834200F06D
:103D0000A5811ADC40F20250834200F09F8005DC5E
:103D10006FF440721344012BB9D981E740F2075088
:103D200083427FF47DAF02EB4111934B002243F8B5
:103D30002120934942F2080243E140F203608342AA
:103D400000F06A81C0F28C8140F20460834200F08E
:103D5000708140F2056083427FF462AF02EB411153
:103D6000854B402243F82120854942F20C028B58B2
:103D700023F010033BE040F20C60834200F0978098
:103D80001FDCB3F5C16F00F0E580C0F2D28040F2D5
:103D90000960834200F0BD8040F20B6083427FF4F3
:103DA0003FAF02EB4111744B002043F8210003F5B3
:103DB000DC2342F20C0183F867005A5842F080027B
:103DC00061E040F20570834226D012DC40F20470BC
:103DD00083427FF425AF02EB4111674B402243F849
:103DE0002120674942F20C028B5823F480538B50F8
:103DF0004DE740F2067083421BD040F60610834226
:103E00007FF40EAF02EB41115B4B402243F82120BF
:103E10005B4942F2100222E002EB4111564B402274
:103E200043F82120564942F20C028B5823F40053E8
:103E3000DDE702EB4111504B402243F8212050496D
:103E400042F20C028B5823F48043D0E702EB41117D
:103E5000494B402243F82120494942F208028B583D
:103E600023F40063C3E702EB4111434B442243F8C0
:103E7000212003F5DC23002242F2140183F8A32061
:103E80005A5842F008025A5001E702EB41113A4BEE
:103E9000442243F8212003F5DC2342F214010120DF
:103EA00083F8A5005A5842F020025A50704702EB9E
:103EB0004111314B402243F8212003F5DC2300223D
:103EC00042F2080183F848205A5842F48072DAE737
:103ED00002EB4111284B002043F8210003F5DC23BD
:103EE00042F2040183F820005A5842F00102CAE766
:103EF00002EB4111204B042243F8212003F5DC237F
:103F0000002242F2140183F8A2205A5842F004021F
:103F1000B9E702EB4111184B002043F8210003F5EB
:103F2000DC2342F20C0183F865005A5842F020026B
:103F3000A9E702EB4111104B042243F8212003F5BD
:103F4000DC23002242F2140183F8AF205A5842F4D5
:103F5000004298E702EB4111074B042243F821206D
:103F600003F5DC23002242F2140183F8B0205A58F2
:103F700042F4803287E700BF0060084000600F40D5
:103F800000400F4002EB4111454B002243F8212035
:103F9000444A136823F48073A6E602EB4111404BB8
:103FA000002243F821203F4A136823F400739BE664
:103FB00002EB41113A4B042243F821203A4942F2E4
:103FC00014028B5823F0800311E702EB4111344BAC
:103FD000002243F82120344942F204028B5823F492
:103FE000806304E702EB41112D4B042243F82120AA
:103FF0002D4942F214028B5823F00103F7E602EB3D
:104000004111274B042243F82120274942F2140290
:104010008B5823F00203EAE602EB4111204B4022C9
:1040200043F82120204942F20C028B5823F004036C
:10403000DDE602EB41111A4B402243F821201A49D8
:1040400042F20C028B5823F00803D0E602EB411138
:10405000134B402243F82120134942F20C02CAE7D5
:1040600002EB41110E4B402243F821200E4942F24F
:104070000C02CDE702EB4111094B402243F821200D
:10408000084A136823F020032EE602EB4111044B8B
:10409000402243F82120044942F20402DFE600BF37
:1040A0000060084000600F4000400F40704704204F
:1040B0007047A0F10400FFF7FABFFF207047A0F59A
:1040C0000570FFF7FABFFFFF08B51148FEF735FF8F
:1040D0001048FEF732FF1048FEF72FFF0F48FEF79B
:1040E0002CFF0F48FEF729FF0E48FEF726FF0E486B
:1040F000FEF723FF0D48FEF720FF0D48FEF71DFFDA
:104100000C48FEF71AFF0C48BDE80840FEF715BF43
:10411000341100104011001098110010A80F001069
:10412000B40F0010C00F0010CC0F0010780F00105B
:10413000840F0010900F00109C0F0010012210B58A
:1041400011460023052001F01FF8124A124C136893
:10415000124943F080431360D4F8203123F47043B4
:1041600043F4A043C4F82031D4F8243123F470433D
:1041700043F4A043C4F824310122062001F04EFA92
:10418000636823F00C036360636843F003036360B8
:1041900010BD00BF0030004000300440000E270773
:1041A000024A0349034801F03BBB00BFA0100010C6
:1041B0000C100010002008400149024801F012B91B
:1041C000DC0F001000100A4038B50A4C0A490025DF
:1041D000A0F81A52204600F0C1FB012211462046E9
:1041E00000F01BFC2A4620460121BDE8384000F0C3
:1041F00008BC00BF00300E40B4100010074A084B46
:10420000907A9B7A800040EA4300064B9B7A1843E1
:10421000054B9B7A40EAC300C0B27047C00F001044
:10422000B40F0010A80F0010CC0F0010074A084B65
:10423000907A9B7A800040EA4300064B9B7A1843B1
:10424000054B9B7A40EAC300C0B27047900F001044
:10425000840F0010780F00109C0F001010B504465A
:10426000FFF7CCFF01462046FFF7E0FF41EA0010D0
:10427000C0B2431E3D2B88BFFF2010BDA0F50570C6
:10428000FFF7ECBF38B5002205460121094800F0D0
:10429000A2FB012804460CD105F21A22014605486A
:1042A00000F08EFB214600220248BDE8384000F0B5
:1042B000A8BB38BD00300E4038B5134C204601F085
:1042C0003BFA4FF4E131204601F05EFA0323E3604C
:1042D00001258123A3602A4620230C49E5650C486B
:1042E00001F050F980232A460A490B4801F04AF9A7
:1042F000C723A360636843F005036360074B202274
:1043000083F8192338BD00BF00200840EC0F0010CF
:104310000C10001020100010A010001000E100E0B0
:1043200010B50446002001F029F849F6404100206C
:1043300001F032F8094B0A4940F60802C3F8842C10
:10434000002001F03DF8074BA02283F81223002340
:10435000A4F8183284F81C3210BD00BF0060084079
:104360006153001A00E100E02DE9F04105463248B2
:10437000324E334FDFF8E480FEF727FD002430464D
:10438000FEF7DBFD3846FEF7D8FD4046FEF7D5FDCB
:104390002C48FEF7D2FD2C48FEF7CFFD2B48FEF748
:1043A000CCFD2B48FEF7C9FD2A48FEF7C6FD2A487A
:1043B000FEF7C3FD3046FEF7E8FD28B9002464216E
:1043C000284600F0B1FADAE73846FEF7DEFD0028AD
:1043D000F4D04046FEF7D9FD0028EFD01948FEF78B
:1043E000D4FD0028EAD01848FEF7CFFD0028E5D01C
:1043F0001648FEF7CAFD0028E0D01548FEF7C5FDB7
:104400000028DBD01348FEF7C0FD0028D6D01248A4
:10441000FEF7BBFD0028D1D00134E4B2322CCED956
:104420002846FFF7D1FE2846FFF746FF2846BDE89D
:10443000F041FFF775BF00BF4C110010A80F00102E
:10444000B40F0010CC0F0010780F0010840F001074
:10445000900F00109C0F001098110010C00F00105A
:1044600070B5384D2B78012B2C463AD008D3022B4F
:104470004DD0FFF798FB0368BDE87040DB6A184732
:10448000314B5B88FF2B5BD0304B5A781B7803EBAA
:10449000830303EB83039B009BB2160648BF3233B2
:1044A000A0F81832550642BFB0F818321933A0F8F8
:1044B0001832910642BFB0F818320C33A0F8183207
:1044C000D30642BFB0F818320733A0F81832B0F85C
:1044D0001832C83B9BB242F2107293422DD8A0F81A
:1044E00018321B4A1849012010704823E1205070EF
:1044F0000B708A6000230225144A16484B704B80CB
:104500008D80CA60CB8000F0DDFF257070BD0E4944
:104510004A88FF2A14D048220A700D4A8A60002473
:10452000147001228A800B48084A4C704C80CA6083
:10453000CB8000F0C7FF2C7070BD4FF40043CEE776
:1045400070BD00BF30000010DC0F0010D80F00104D
:10455000DA0F001000100A402DE9F04F644CDFF82C
:10456000F8B1DFF8F8A1DFF8F891DFF8F881614FD2
:10457000614E624D85B00C220321204600F0D6F931
:104580000D2203215E4800F0D1F90B2202215D4883
:1045900000F0CCF95C4B039318460422032100F091
:1045A000C5F902220321584600F0C0F90322114642
:1045B000504600F0BBF900220321484600F0B6F94E
:1045C00001220321404600F0B1F9052200213846BE
:1045D00000F0ACF90B220421304600F0A7F90B22C1
:1045E0000121284600F0A2F9039B00930422022334
:1045F00001214648FEF78EFCCDF800B002230422CC
:1046000001214348FEF786FCCDF800A002230422D6
:1046100001214048FEF77EFCCDF8009002230422E1
:1046200001213D48FEF776FCCDF8008002230422EC
:1046300001213A48FEF76EFC009702230422012173
:104640003748384FFEF766FC00960223042201210A
:104650003548364EFEF75EFC009502230422012108
:104660003348344DFEF756FC009402230422012106
:104670003148324CFEF74EFC214B009304220223BA
:1046800001212F48FEF746FC1E4B00930422022313
:1046900001212C48FEF73EFC05221146384600F069
:1046A0004DF903220521304600F048F90E22002181
:1046B000284600F043F908220221204600F03EF986
:1046C0003A4600212048FEF755FB324600211F489C
:1046D000FEF750FB2A4600211D48FEF74BFB1D4804
:1046E000C8232246002105B0BDE8F04FFEF704BC08
:1046F000FC100010C4100010CC100010D4100010DA
:10470000041100102C110010DC100010A80F001074
:10471000B40F0010C00F0010CC0F0010780F001065
:10472000840F001014110010900F001024110010BD
:104730009C0F00101C110010341100100C110010FF
:10474000401100109811001068110010881100101D
:10475000781100104C110010E4100010EC10001043
:10476000F4100010BC10001010B5044600F046F81C
:104770001048FEF7ADFB1048FEF77CFB0F48FEF734
:1047800079FB0F48FEF776FB0E48FBF785FF78B103
:104790004FF47A710B48FBF767FF2046FFF772FD75
:1047A00094F81C3223B12046BDE81040FFF758BEF4
:1047B00010BD00BF4C1100106811001078110010DE
:1047C000881100103400001010B5FFF7ECF90368F1
:1047D000BDE81040DB68184710B5FFF7F5FFFFF79D
:1047E000E2F90368BDE810409B681847024BAA2213
:1047F0009A6055229A607047000008407047FFFF9A
:1048000000487047E09F002000487047E0BF00204C
:10481000004870470020000068467047BFF34F8F84
:104820000449054BCA6802F4E0621343CB60BFF34E
:104830004F8FFEE700ED00E00400FA0503794279AE
:104840005B0103F1402303F57023985C003018BF2F
:1048500001207047037942795B0103F1402303F59E
:10486000702399547047037942795B0103F1402327
:1048700003F57023985C003018BF01207047FFFFDC
:1048800010B5094C204600F0FFFF084B6360236819
:1048900043F002032360236843F001032360AA234B
:1048A000A3605523A36010BD000008400087930358
:1048B0002DE9F84F164C174FDFF85C80054604F5DC
:1048C00076764FF0010994F800B094F801A02B68B7
:1048D00052469B6B59462846984798B90AEB4B1AA3
:1048E000638847F82A302379627908EB43119B00EB
:1048F00003F18043885403F5762309FA02F219681C
:104900000A431A600634B442DDD1BDE8F88F00BF17
:104910009089001A0060084000400F40FFF7C8BFB0
:10492000004870473C0000107047FFFF10B5024C74
:1049300004600171427110BD708D001A10B5024CF7
:1049400004600171427110BD7C8D001A036823F070
:10495000E06343EA016101607047FFFF70B5154EE7
:104960000123B0420CBF042603260D4604461A4616
:104970001946304600F048FC00230F4AE3603046F9
:104980002B716B712A6000F089FC400000F58600F5
:104990000A4B00F50E50B0FBF3F02B795B040138A5
:1049A00003F46023C0B243F4001343EA0020206004
:1049B00070BD00BF00400E40801A06000047860010
:1049C000043150F82130002BBDBFC3F389130120FF
:1049D000138000207047012A09D003D3022A0AD08D
:1049E00000207047006BC84000F00100704708319C
:1049F000006BC9B2F7E7036B1B0C14BF012000204A
:104A00007047012904D9036822B143F000630360B1
:104A1000FFF79CBF23F00063F9E70368012A1FBF7B
:104A200023F0E0630360026801230BBF8A4003FAAE
:104A300001F11A438A430260704710B5914202D9CE
:104A40000021084610BDD0F80031D0F8044143EAF7
:104A500004434C1EE340DB07F3D50131C9B2EDE757
:104A6000F8B504462C4884420CBF242005200D468E
:104A700000F014FC0122B0FBF5F002EB420C02F155
:104A8000FF3E67461346012608E00135122D194402
:104A900006D10136212E1344674438D03946032508
:104AA0008842F2D1033D21686B08032B1A4628BFC8
:104AB0000322C90758BF2168A5EB030558BF41F081
:104AC00001014FEA032358BF2160013EC4F880E191
:104AD00003F4706392012168334302F47F522D0383
:104AE000134305F4E0452B4341F040012160E360AE
:104AF0000023A361236823F040032360236823F08D
:104B0000010323602368DB07FCD40120F8BD0132D8
:104B1000112AB2D10020F8BD00400A404368C943C1
:104B200001F01F0119404160704710B5602404FB7B
:104B3000010103F03F034A620B620B6A1B04FCD4C1
:104B400010BDF0B4059D1F469DF81030002D45D0D6
:104B50006E68602404FB010406F00F06012A0CBFF6
:104B600046F4CC5646F4A456A663B5F80960E6634D
:104B7000B5F80B602664B5F80D606664B5F80F6093
:104B8000A6644FF48046E662012A4FF00006A66252
:104B900015D187F001022C68520314F0804502F40D
:104BA000005210D142EA8402602404FB010442F462
:104BB000004262632563F322F0BCFFF7B6BF002F0B
:104BC00018BF0122E7E7602542EA144205FB010510
:104BD00042F44042A4B26A632C63ECE7F0BC704735
:104BE0002DE9F043602404FB0104012A0CBF4FF4BB
:104BF000C45E4FF4A45EC4F838E04FF480494FF02F
:104C0000000EC4F83CE09C46C4F840E09DF81C301F
:104C1000C4F844E09DF82080C4F848E09DF8247072
:104C2000C4F82C900A9E0B9DC4F828E024D18CF087
:104C3000010252034FF0600E02F40052B8F1000F6F
:104C40001FD142F400440EFB0102546357B1546B70
:104C500044EA86065663D66A41F6FC7404EA850582
:104C60003543D562602202FB010200241463F32263
:104C7000BDE8F043FFF759BFBCF1000F18BF012298
:104C8000D7E742F440440EFB01025463002414634E
:104C9000002FECD0576BC6F30C443C43B6B25463C0
:104CA0001663D66AC5F30C443443ADB2D462956240
:104CB000DDE770B50C461D462BB313467B22FFF78C
:104CC00034FF602101FB04018B6B18041BD50B6BB7
:104CD0004A6B43EA02438A6B086C2B6002F00F02B6
:104CE0006A60CA6B42EA0042C5F80920886C4A6CC7
:104CF00042EA0042C5F80D205A004CBF23F0604341
:104D0000C3F38A432B6070BD30B4602505FB0105F9
:104D10006C6B3BB924F400446C63134630BCA02296
:104D2000FFF703BF44F40044F6E7FFFF38B505463C
:104D30000C4801230022194685420CBF242005207F
:104D400000F062FA01240023224601341946284665
:104D5000E4B2FFF7D9FF212CF5D16B6803F007030C
:104D60006B6038BD00400A402DE9F0410D46164603
:104D70009DF818109DF81C2004461F46FFF75DFEA5
:104D800048B1069007973346294620460122BDE8E0
:104D9000F041FFF7D6BEBDE8F0812DE9F04B86B0BB
:104DA00006469DF844409DF848509DF838B0AC4206
:104DB000884691461F460FD2109B04938DE89008B9
:104DC0000F9B039301344B46002241463046E4B228
:104DD000FFF706FFA542EFD206B0BDE8F08B2DE944
:104DE000F04786B007469DF838409DF83C60B442D5
:104DF000884691469A460FD200258DE8100401346A
:104E00000495039502954B46012241463846E4B28B
:104E1000FFF7E6FEA642F0D206B0BDE8F087FFFF3E
:104E200008B5692000F03AFA014B186008BD00BFD0
:104E3000201200100B682DE9F74F1A0602D523F057
:104E400040030B600B68DFF888A003F0400200927B
:104E500003F08003012201938446914640F2011B36
:104E6000012423E0009E4B692EB37B43174EB3FB16
:104E7000F2F3B34213D9534515D8019EEEB923FA84
:104E800004FEA0EB0E06002EB8BF7642664506D2A1
:104E90008A60CC600D61C1F818E0CB61B446013581
:104EA0005D454744DED10134052C08D009FA04F8E9
:104EB00047460125D6E76B43D8E79E46E1E7013236
:104EC000052ACDD103B0BDE8F08F00BFFF5E4C09CD
:104ED00000D0121382B04FF47A7301930C4B9A698D
:104EE000986922F00201814218BF99610949086856
:104EF000094922F00302884288BF42F004029A6105
:104F0000019B5A1E0192002BFAD102B0704700BFDC
:104F100000000540DC88001AFF2C3101044B1230E0
:104F200053F82000C30754BFC0F30460112070473A
:104F30000000054010283BD8DFE800F0090C0E18EF
:104F4000233A26282A2D3A3A2F32343638004FF4A5
:104F50000040704717487047174B1848D3F82C315A
:104F600003F00703042B08BF00207047124B144ABC
:104F7000D3F82C31114803F00703042B08BF104667
:104F80007047104B186870470F4BFBE70F4BF9E762
:104F90000E4B5868704700F0A9B8002000F0DCB84C
:104FA0000120FBE70220F9E70320F7E70420F5E7FB
:104FB00000207047001BB7000030044040787D019E
:104FC00080F0FA02D888001ADC88001AA4110010B8
:104FD000F0B5054699B008790C46FFF7ABFF3F4B9B
:104FE0003F4A60612B449342064603D94FF0FF309D
:104FF00019B0F0BD0028F9D03A4A802323609542C9
:105000004FF00003A360E360B5FBF0F3236102D926
:1050100043439D421ED060220021684600F0F2FF0B
:105020008023009369462379059628468DF804303D
:10503000FFF700FF069FBD4217D125466E460FCEF3
:105040000FC596E80F0085E80F00A368002BCDD0B0
:10505000013BA3602369002BC8D0E2680AB1013A82
:10506000E260013B23610020C2E7109B23F0400374
:10507000EF1B109363691593002F23798DF844304B
:1050800010A92846B8BF7F42FFF7D4FE169EB5424E
:1050900002D1254610AED2E7AE1B134B002EB8BF8F
:1050A00076429D420DD84023089308A963690D9369
:1050B0002846FFF7BFFE0E9B9D4202D1254608AE53
:1050C000BDE70E9BED1A002DB8BF6D42AF4202DC6A
:1050D000B742B2DDDDE7AE42F0DADAE7103A6BFF55
:1050E0001005940BFF5E4C0980778E0637B5194D7D
:1050F0006C6CC4F30360FFF71DFF01238DF80430CF
:1051000002238DF8053004238DF8063008238DF82E
:1051100007302B6C13F001031AD0C4F3012102AD48
:105120002944A509C4F30742C4F3013311F8041C50
:1051300045EAD414013214F0010F03F10103B0FB6E
:10514000F3F004BF4B00B2FBF3F2504303B030BDA9
:105150001846FBE70000054038B50446FFF7DEFEC1
:1051600004F11202064B53F82250FFF7E3FE054B01
:105170001B5D03EA95030133B0FBF3F038BD00BFBC
:1051800000000540C88D001A30B5840004F1804449
:1051900004F5A0241B28E56D0DD811290ED0084870
:1051A00028400AB140F400600BB140F0010040EA31
:1051B0000160E06530BD45F00105E56530BD00BF2B
:1051C000FEF7FFE01B2808D8800000F1804000F5C2
:1051D000A020C36D43F00103C36570471B2807D8A7
:1051E000044B80001858C30702D4C0F30460704712
:1051F000112070475C00054008B5FFF7EFFFBDE8E0
:105200000840FFF797BEFFFF00290CBF01210321D3
:105210000AB141F00401022B08BF41F02001B0F5B2
:10522000A17F27BFA0F59170024B034B203043F8BC
:10523000301070470020054000100540B0F5A17FF8
:105240004FEAC00005D3084B1A5842F001021A5029
:10525000704700F1804000F5A220D0F8003143F003
:105260000103C0F800317047F0160540B0F5A17F8A
:105270004FEAC00005D3084B1A5822F001021A5019
:10528000704700F1804000F5A220D0F8003123F0F3
:105290000103C0F800317047F0160540B0F5A17F5A
:1052A00027BFA0F591731149114900F1200310B5F2
:1052B00051F8334014F00103024615D00D4B187914
:1052C0001C2809D1FFF798FF14F0E00F0CBF012351
:1052D0000223B0FBF3F010BD1988914202D859881F
:1052E0009142EFD20633EAE7184610BD0020054090
:1052F00000100540CE8D001AD0F8E03F31EA0303DC
:10530000FAD1C0F8E81F70470622C0F8E82F042140
:105310000260FFF7F1BFFFFF0C4B84B01B680293E4
:105320000B4B1B680393029A0A4B9A420CD1039AC7
:10533000094B9A4208D1094A13680193019B43F42F
:1053400070030193019B136004B0704740EF00E0CD
:1053500044EF00E0210011101100001188ED00E081
:10536000012907D1044B1C2202FB00300269137D86
:10537000042BFCD0704700BF4000001038B5054D2D
:105380001C2444432B199888FFF758FF2B596C2293
:105390009A6138BD4000001070B5084E1C25454389
:1053A00073190C469888FFF779FF7359B0FBF4F036
:1053B00042081A611969401A586170BD4000001016
:1053C000074B1C2230B502FB0034256905B9A160EA
:1053D00002FB00308068431A5842584130BD00BF7C
:1053E00040000010436803F0F803302B10B54FD095
:1053F00016D8102B38D005D8002B5DD0082B33D011
:10540000012349E0202B43D0282B01D0182BF7D1C2
:105410008B88002B43D1CB88002B3DD01C232CE064
:10542000482B44D011D8382B43D0402BE8D1CA8820
:10543000012A43D84B7813F0020F14BF38233C23C2
:10544000DAB94A8023F0100317E0582B03D0F82B69
:1054500036D0502BD4D1CB685A1CCA6082681A70DF
:10546000CB88013BCB80E2E78B880A78B3FA83F3E1
:105470005B0943EA420383603C2383F03C0203F070
:105480002C03026083614888FF3818BF012010BDDB
:105490004B78DB07BCD402234B802C23EDE78A68D2
:1054A000541C8C6012788260013B8B80E4E70423FB
:1054B000F2E705234B80DFE70323EDE73823DCE742
:1054C000002010BDFF234B802C23836160230360E9
:1054D0007047FFFF014B1B68184700BF00014010D9
:1054E00000B58BB00AA931230593002305A841F824
:1054F000243DFFF7EFFF9DF804000BB05DF804FBBF
:1055000000B58BB032230690079105A801A9059339
:105510000892FFF7DFFF9DF804000BB05DF804FB75
:1055200000B58BB033230593094B0690079105A86E
:1055300001A908921B684FF47A72B3FBF2F3099346
:10554000FFF7C8FF9DF804000BB05DF804FB00BF37
:105550002012001000B58BB03B230593084B06903A
:10556000079105A801A94FF47A721B68B3FBF2F307
:105570000893FFF7AFFF9DF804000BB05DF804FB44
:105580002012001080E80A00002382600361C360DB
:105590000120704710B50446C26800696368121A9A
:1055A0009A420DDAE2682068013B1340A26802FBD0
:1055B000030000F08DFCE3680133E360012010BDBF
:1055C000002010BD10B504460846E26823699A42DF
:1055D0000ED094E80A002269013B1340A26802FB46
:1055E000031100F075FC236901332361012010BD14
:1055F000002010BD0368027943F4006343EA0263AC
:10560000026943EA0243826843EA0233C26843EA1A
:105610000223014A536470470000054070B58AB008
:105620004FF4FA73062804460D461646019301D13D
:10563000FFF750FC0023012221460420FFF7A4FDC0
:10564000304A536C43F00103536402A928468DF895
:105650000C40FFF7BDFC2C4B9D4236D9029B13F04A
:10566000400400D0FEE713F080050BBF059B23F03C
:1056700080030133029312BF01250593012402A880
:10568000FFF7B8FF1F4A136CDB07FCD5002301228C
:1056900009210420FFF778FDD5B14FF47A73019307
:1056A000019B5A1E0192002BFAD1029B43F080030A
:1056B000029302A8FFF79EFF2EB1144C04F14C0593
:1056C0000434AC4212D10AB070BD00242546D6E79E
:1056D000002CF1D04FF47A730193019B5A1E019272
:1056E000002BFAD1059B013B0593E2E714F8013C3E
:1056F00014F8022C14F8031C14F8040CFFF744FDF2
:10570000DEE700BF0000054080778E063A8E001A63
:10571000084B984209D003F58053984207D0A3F56F
:105720008023C31A58425841704702207047032013
:10573000704700BF00100C4037B50446FFF7E8FF84
:105740000F4D01231A46194635F81000FFF75CFD8E
:105750000C4A0723A36094424FF00003E3656360A3
:10576000E3602362E3646365236502BF2361A36989
:1057700001930323E3601023A36203B030BD00BF95
:105780008A8E001A0020084038B505460C46FFF7FF
:10579000BFFF0C4B33F81000FFF780FDEB6843F0C0
:1057A0008003EB602101B0FBF1F1C1F30723CAB222
:1057B0002A606B60EB68B0FBF1F023F08003EB60D4
:1057C000000938BD828E001A37B504460D4663695C
:1057D000DB0701D403B030BD23688DF807300DF12D
:1057E00007012846FFF7D6FEF1E737B504460D4618
:1057F00063699B0609D4EA682B699A4203D16368FE
:1058000023F00203636003B030BD0DF107012846A9
:10581000FFF7D8FE0028EED09DF807302360E7E7B9
:1058200070B543680E469907044615460AD51146D9
:10583000FFF7DBFFEA682B699A4202BF636823F037
:105840000203636031462046FFF7BEFFA368DA0516
:105850000CD5236A43F480732362636823F4807356
:105860006360084B1A780AB901221A70A3689B0575
:1058700007D5236A43F400732362636823F400733B
:10588000636070BDAC11001000230360FF23436010
:105890004FF6FF7343616FF07F4383617047FFFFF3
:1058A00070B50F4E0F4D761BB61018BF002405D0F3
:1058B000013455F8043B9847A642F9D10A4E0B4DE6
:1058C000761B03F0E3FBB61018BF002406D00134AA
:1058D00055F8043B9847A642F9D170BD70BD00BF92
:1058E0009890001A9890001AA490001A9890001AA4
:1058F000024B0146186800F00BB800BF8804001086
:10590000024B0146186800F039BC00BF8804001043
:105910002DE9F04F01F10B06162E83B0054640F23B
:105920009E8036F0070600F1BD80B14200F2BA80D9
:1059300000F0B6FBB6F5FC7FC0F09382730A00F06E
:10594000B880042B00F27981B30903F1390003F127
:10595000380EC300BF4F3B44A3F108015C68A1426D
:1059600006D10CE0002A80F2AA80E468A14206D0A9
:10597000636823F003039A1B0F2AF3DD70463C692A
:10598000DFF8E4E2744500F0AB81636823F00303C1
:105990009A1B0F2A00F39081002AC7F814E0C7F879
:1059A00010E080F29D80B3F5007F80F06181DB081C
:1059B00003F1010C99107A6857F83C80C4F808800C
:1059C00001238B4007EBCC0113430839E1607B6076
:1059D00047F83C40C8F80C408210012494409C4297
:1059E00000F28B801C4206D120F0030064001C42B0
:1059F00000F10400FAD007EBC009CC468046DCF881
:105A00000C309C4507D16DE1002A80F27B81DB6878
:105A10009C4500F06781596821F003018A1B0F2A19
:105A2000F2DDD3F80CC0D3F8088000939C19284607
:105A300046F0010642F001055E60C8F80CC0CCF8E3
:105A400008807C613C61C4F80CE0C4F808E0656043
:105A50005A5000F02BFB009B03F108041EE01029B4
:105A600020D800F01DFB102618230220794F3B445C
:105A7000A3F108025C68944200F03D816368E1682C
:105A8000A66823F00303234428465A68F16042F0D5
:105A900001028E605A6000F009FB0834204603B012
:105AA000BDE8F08F00240C2320462B6003B0BDE836
:105AB000F08F40204FF400734FF03F0E4AE723442D
:105AC000E1685A68A66842F00102F16028468E60DB
:105AD0005A6000F0EBFA0834204603B0BDE8F08FBE
:105AE000234428465A6842F001025A6000F0DEFA68
:105AF0000834204603B0BDE8F08FBC68636823F02B
:105B00000308B04504D3A8EB06030F2B00F38580F0
:105B1000DFF85891504BD9F800201B68013233440C
:105B200004EB080A00F0558103F580530F3323F48A
:105B30007F6B2BF00F0B5946284600F0BDFA411C35
:105B4000024600F0FC80824500F2F780434B196862
:105B50005944196000F04D81D9F8000001301BBF95
:105B6000A2EB0A0A5144C9F80020196012F007019B
:105B700000F01581C1F10800C1F5805102440831DF
:105B800002EB0B09C9F30B09A1EB090949462846A9
:105B90000193009200F090FA431C9DE80C0000F085
:105BA0004381801A484440F001001968BA604944B2
:105BB000BC425060196017D0B8F10F0F40F2FB8063
:105BC0006068A8F10C0222F0070204EB020E00F05C
:105BD00001004FF0050C10430F2A6060CEF804C09E
:105BE000CEF808C000F217811D4BBC681A689142BC
:105BF00088BF19601B4B1A689142626888BF1960A0
:105C000022F003029642A2EB060301D80F2B04DC1C
:105C1000284600F04BFA002440E7A21943F00103A4
:105C200046F0010666602846BA60536000F03EFA0E
:105C30000834204603B0BDE8F08F142B71D9542BE3
:105C400000F2A380330B03F16F0003F16E0EC3006B
:105C500080E600BF78000010E0110010B0110010C5
:105C6000D8110010DC11001080000010800400101A
:105C70005A0A042A5BD9142A00F2AE8002F15C01B0
:105C8000C9005B3207EB010C7958ACF1080C8C456C
:105C900000F088804A6822F00302934273D2896838
:105CA0008C45F7D1DCF80C207B68E260C4F808C0B2
:105CB0009460CCF80C408FE6A11946F0010C42F03C
:105CC0000106C4F804C0284679613961C1F80CE0C6
:105CD000C1F808E04E60E25000F0E8F90834DDE673
:105CE0007B6879E608F1010818F0030F0CF1080C45
:105CF0007FF485AE2DE0DC68A34208BF02303FF49C
:105D00003EAEBBE619441C464A68DB6854F8086F8F
:105D100042F001024A602846F3609E6000F0C6F936
:105D2000BCE603F15C0003F15B0EC30012E69A09C6
:105D300002F13901C9003832A4E7BC4254D0BC6832
:105D4000626822F003025DE759F80839994540F08E
:105D5000868010F0030F00F1FF30F5D17B6823EA55
:105D600004037B6064009C423FF6C7AE002C3FF406
:105D7000C4AE1C4240467FF43EAE64001C4200F1BB
:105D80000400FAD037E68C468CE7B3F5AA7F15D825
:105D9000F30B03F1780003F1770EC300DAE54FF45B
:105DA0008051EDE67B689210012101FA02F2134363
:105DB0007B60624679E70123536029E740F2545241
:105DC000934222D8B30C03F17D0003F17C0EC30093
:105DD000C0E503F1100BAEE6542A29D81A0B02F1E4
:105DE0006F01C9006E324DE7204B196859441960A4
:105DF000B2E6CAF30B0000287FF4AEAE08EB0B034B
:105E0000BA6843F001035360EEE67F204FF47E73DF
:105E10004FF07E0E9EE504F108012846009300F045
:105E2000ADF9009B1968DFE601204FF00009BCE6E0
:105E3000B2F5AA7F05D8DA0B02F17801C9007732F2
:105E400020E740F254518A4205D89A0C02F17D01B4
:105E5000C9007C3216E74FF47E717E2212E77B6820
:105E600080E7F00806F1080300E600BFB01100105B
:105E7000032A70B422D940EA01039B0711D00378AA
:105E80000C78A3421DD10A44013105E010F8013F0E
:105E900011F8014BA34214D19142F7D1002070BCFC
:105EA00070470D680668AE420C46034601F10401D6
:105EB00000F1040008D1043A032AF2D8002ADED106
:105EC000ECE7181B70BC704721461846D7E700BFA7
:105ED000844641EA000313F003036DD1403A41D3F5
:105EE00051F8043B40F8043B51F8043B40F8043BB4
:105EF00051F8043B40F8043B51F8043B40F8043BA4
:105F000051F8043B40F8043B51F8043B40F8043B93
:105F100051F8043B40F8043B51F8043B40F8043B83
:105F200051F8043B40F8043B51F8043B40F8043B73
:105F300051F8043B40F8043B51F8043B40F8043B63
:105F400051F8043B40F8043B51F8043B40F8043B53
:105F500051F8043B40F8043B51F8043B40F8043B43
:105F6000403ABDD2303211D351F8043B40F8043BE3
:105F700051F8043B40F8043B51F8043B40F8043B23
:105F800051F8043B40F8043B103AEDD20C3205D3F3
:105F900051F8043B40F8043B043AF9D2043208D0EB
:105FA000D2071CBF11F8013B00F8013B01D30B885D
:105FB00003806046704700BF082A13D38B078DD03B
:105FC00010F003038AD0C3F10403D21ADB071CBF0D
:105FD00011F8013B00F8013B80D331F8023B20F877
:105FE000023B7BE7043AD9D3013A11F8013B00F8B0
:105FF000013BF9D20B7803704B7843708B78837038
:106000006046704770B4860746D0541E002A41D0BF
:10601000CAB2034602E014F1FF343BD303F8012B6C
:106020009D07F8D1032C2ED9CDB245EA05250F2CBA
:1060300045EA054519D903F110022646103E0F2EF8
:1060400042F8105C42F80C5C42F8085C42F8045CD0
:1060500002F11002F2D8A4F1100222F00F0204F0B3
:106060000F041032032C13440DD91E462246043A65
:10607000032A46F8045BFAD8221F22F003020432F6
:10608000134404F003042CB1C9B21C4403F8011BEF
:106090009C42FBD170BC704714460346C2E700BF68
:1060A000014800F051B900BF34120010014800F05F
:1060B0004DB900BF3412001038B5074C0023054617
:1060C0000846236001F062F9431C00D038BD236804
:1060D000002BFBD02B6038BD48120010F8B5244FC0
:1060E0000C460646FFF7DCFFBB685D68C4F57E61C1
:1060F0000F3125F00305294421F47F6121F00F01C0
:10610000A1F58054B4F5805F07DB00213046FFF72E
:10611000D3FFBB682B44984204D03046FFF7C6FF3C
:106120000020F8BD61423046FFF7C6FF01300DD0B8
:10613000104BBA6819682D1B45F001053046091B44
:1061400055601960FFF7B2FF0120F8BD002130460D
:10615000FFF7B2FFBA68831A0F2BDEDD064C054944
:10616000246843F00103001B53600860D5E700BFBB
:1061700078000010B011001080040010002944D0F5
:106180002DE9F0410D468046FFF78AFF55F8047C63
:10619000694927F00103A5F10804E2188E685068E8
:1061A000B24220F003005ED0FE0750600BD455F8D9
:1061B000087CE41B01F1080EA56875453B446DD0D1
:1061C000E768EF60BD6015186D68ED073ED543F0D8
:1061D00001026260E350B3F5007F17D2DB08581C60
:1061E0009A104D6851F83070A7600123934001EB7D
:1061F000C0022B43083AE2604B6041F83040FC603B
:106200004046BDE8F041FFF751BF70475A0A042AE3
:1062100052D89A0902F13907FF0002F13805C8196E
:10622000CA59083890424FD0516821F003018B427F
:1062300032D292689042F7D1C368A060E3609C605C
:10624000C4604046BDE8F041FFF730BF95683B4F62
:10625000BD42034440D0D068E86043F0010285604D
:106260006260E350B7E7FF07034407D455F8082CF2
:10627000A41A1344A068E268C2609060304A1268B1
:1062800043F00100934260608C60B9D32D4B4046CF
:106290001968FFF723FFB3E71046CDE711184968E7
:1062A000C90744D49168D268CA60034443F001002E
:1062B00091606060E350A3E7142A16D802F15C07EE
:1062C000FF0002F15B05AAE7AA1001234D68934085
:1062D0002B434B600346B0E743F001024C610C6175
:1062E000E560A5606260E3508AE7542A06D81A0B7D
:1062F00002F16F07FF0002F16E0590E7B2F5AA7F89
:1063000006D8DA0B02F17807FF0002F1770586E77D
:1063100040F25450824206D89A0C02F17D07FF00E9
:1063200002F17C057BE74FF47E777E2577E743F02B
:1063300001016160136063E77800001080000010C5
:1063400084040010E0110010704700BF704700BFC8
:10635000FAF7D2B808B50368DB0705D443782BB940
:1063600001234370184608BD002008BD042000F03A
:1063700089F8034B0360034A034900F0E1F800BFCA
:10638000E88E001A3567001AB08E001A01230360E8
:10639000704700BF08B51B220249022002F04EF9E7
:1063A00000F0B0FD948E001AF0B41B4C50F8087C3D
:1063B0006168A0F10806C9B1F519A9421BD04A6865
:1063C0002AB3954203D322E09D4205D21A46536870
:1063D0000C1D1146002BF7D111685518AE4213D091
:1063E00040F8043C23685E60F0BC704740F8041C31
:1063F0006660F0BC70470B684A6840F8042C1F4484
:1064000040F8087C6660EFE70F441760ECE713463E
:1064100004340A46E0E700BFE411001030B4184C21
:1064200000F108016368082938BF082113B3073158
:106430001A6821F00701914204D81DE002689142D8
:1064400005D9034658680028F8D130BC704704339A
:10645000521A072A0AD9451844686C601C684250D1
:1064600021601D6004F1080030BC704742681A606A
:106470000446F7E71846E8E71846231DE8E700BF9B
:10648000E411001038B500F180052846FFF730FA16
:10649000044638B1802200212046FFF7B3FD04F105
:1064A000800038BD2846FFF7B9FF04460028F1D127
:1064B00000F028FD064A93688038984205D9D268D2
:1064C0001344984201D2FFF76FBFFFF719BA00BF1C
:1064D000E411001038B5084C4FF41E652846E560FD
:1064E000FFF706FAA06020B10023606005604360FA
:1064F00038BDE060606038BDE4110010012810B5BF
:106500001AD8BFF35B8FA1F1280353E8002F013A9B
:1065100043E800200028F8D1BFF35B8F5AB951F847
:106520001C3C01F158040BB1204698472046BDE8B9
:106530001040FFF7BFBF10BD51F8140C00F0CEFCA7
:10654000F8B504460F46164600F06AFE436801257A
:106550002B44436044F8787C44F8746C44F8805CC5
:1065600000F0F0FC44F8700C00F0E4FC47234322F8
:106570004FF04E0E104904F8583CA4F158052B2357
:106580005527002644F86C0C04F857EC44F8501CCE
:1065900004F8552C04F8542C04F8533C04F8523CED
:1065A00004F8567C04F8516C284601F0B3FC2846E8
:1065B00000F03CF800F0A6FCFD64001A10B500F0F5
:1065C0002FFE426804680132426064B194F82020D2
:1065D000472A0AD0002202602034204601F0BEFC87
:1065E000204600F023F800F08DFC94F821204E2A7C
:1065F000F0D194F82220552AECD194F82320432A94
:10660000E8D194F82420432AE4D194F825202B2AB9
:10661000E0D194F826202B2ADCD194F82720012AF7
:10662000D8D8626952426261D6E700BF38B50446E5
:1066300000F0F6FD22780368472AA4F1200104D077
:1066400083BB1C460160204638BD62784E2AF7D1D4
:10665000A278552AF4D1E278432AF1D12279432A4B
:10666000EED162792B2AEBD1A2792B2AE8D1E279FB
:10667000012AE5D854F80C2C002A10DB01324568B9
:1066800044F80C2C013D45608B421CBF44F8103C83
:1066900001602046646A01F0A1F8204638BDC2F1CD
:1066A0000102ECE700F02EFC08B500F0B5FD024653
:1066B000006800283DD090F82030472B06D00023FA
:1066C00013602030BDE8084001F08AB890F821300E
:1066D0004E2BF4D190F82230552BF0D190F8233086
:1066E000432BECD190F82430432BE8D190F825309F
:1066F0002B2BE4D190F826302B2BE0D190F82730CB
:10670000012BDCD84369002B05DB013B08D05A1C68
:106710000DD0436108BD0133FBD101691160F8E779
:10672000036913602030BDE8084001F059B800F05B
:10673000E9FB08BD10B5034B0360044600F074FD8F
:10674000204610BDE88E001A10B5054B03600446C4
:1067500000F06AFD20460421FFF7FAFD204610BD37
:10676000E88E001A10B5034B0360044600F02EFCBF
:10677000204610BD308F001A10B5054B036004464B
:1067800000F024FC20460C21FFF7E2FD204610BD5E
:10679000308F001A70B582B00D46069C94420646B2
:1067A00009D0B06806680694346A2946A44602B047
:1067B000BDE87040604719460192009300F0CEFB9F
:1067C000009B019A0028ECD0062002B070BD00BFEB
:1067D0002DE9F04F81B00E4619461F46914683467B
:1067E0000A9CDDF82CA0DDF830800D9D00F0B6FB92
:1067F00070B1002E2C6085F804901FDB3444A04556
:106800000CBF06240124AC71002001B0BDE8F08F5C
:10681000444518D0DBF80800D0F800E00D95CDF81D
:106820003080CDF82CA00A94DEF81C403B464A4646
:106830003146A44601B0BDE8F04F60470236E3D1CF
:106840000123AB71E0E75146584600F087FB002872
:10685000E0D0002085F8059001B0BDE8F08F00BFC2
:106860002DE9F04107460C4615461E4600F0C6FBD2
:1068700008B1BDE8F081B86807682146BC693346B5
:106880002A46A446BDE8F041604700BF5028F8B54D
:1068900054D000F00F040C2C4ED8DFE804F0073978
:1068A0004907174D4D4D4D1F1B071700154655F84D
:1068B000044B44B100F07006102E08BF11460C4482
:1068C000020648BF24681C602846F8BD154655F8E6
:1068D000084BEEE7154635F9024BEAE70024274658
:1068E000154615F801EB0EF07F06BE401EF0800F36
:1068F00044EA060407F10707F3D11F2FD9D81EF089
:10690000400FD6D04FF0FF3606FA07F73C43D1E7E9
:1069100000242746154615F801EB0EF07F06BE4011
:106920001EF0800F44EA060407F10707F3D1C0E721
:10693000154635F8024BBCE700F046FD033222F065
:10694000030555F8044B1C602846F8BDFF280DD000
:1069500000F07000202815D00AD940280FD0502808
:1069600004D0302808D1084601F0EABC0020704766
:106970000028FBD01028F9D008B500F025FD084606
:1069800001F0CABC084601F0D7BC00BFF8B50C4600
:1069900015460746002844D001F0BEFC2860267842
:1069A000FF2E04F1010432D039463046FFF7CEFF06
:1069B000224601462B1D3046FFF768FF0446601C47
:1069C00023782B75FF2B29D0102300242B7522460A
:1069D00010F8011B01F07F039340090644EA030409
:1069E00002F10702F4D40444EC6003786B750024D0
:1069F0000130224610F8011B01F07F0393401C4335
:106A00000B0602F10702F5D404442C61F8BD68605E
:106A100023782B75FF2B04F10100D5D10023EB6007
:106A2000E3E7BBE72DE9F04F00F0030497B0002344
:106A3000012C894617460A931ED00ED3022C0AD188
:106A40003946484601F054FC002800F0A580092092
:106A500017B0BDE8F08F00F0B7FC0007F0D40123B9
:106A6000039316AA002342F82C9D1946009238463B
:106A70000C2200F0E1FE0FE010F0080400F090801E
:106A800016AA44F0020442F82C1D3846009219461A
:106A90000C22039400F0D0FE384601F043FC059030
:106AA0000028CDD010AB1A46059906933846FFF75B
:106AB0006DFF394604469DF85400FFF747FF0DF17E
:106AC0003C0B0023129019460F22CDF800B0384637
:106AD00000F08CFE0F9B149A23F00103A24203F1F5
:106AE000FF3675D90DF1340A0DF138089DF855506F
:106AF00000212846FFF72AFF224653460146284632
:106B0000FFF7C4FE9DF85540054600212046FFF7DB
:106B10001DFF2A46434601462046FFF7B7FE9DF873
:106B20005540054600212046FFF710FF2A46014642
:106B30005B462046FFF7AAFE04460020024614F8F2
:106B4000011B01F07F039340090640EA030002F1B4
:106B50000702F4D4109B0D9A13449E4231D2039B3A
:106B6000DB0739D500250495002319460D22CDF801
:106B7000008038460A9C00F039FE059A0E9BC9F841
:106B80002C20049AC9F82440C9F82850C9F83020AC
:106B9000C9F8203006205BE7082017B0BDE8F08F69
:106BA00010AB009306930D22234621463846D9F8B0
:106BB000205000F01BFE109B9D4212D00223039335
:106BC0004FE70E9A13449E4259D3149BA3428DD88B
:106BD00000250495012405E1039B1B074CD500F01B
:106BE00091F916AA234642F82C9D21460092384678
:106BF0000C2200F021FED9F830300493002B3BD05A
:106C0000D9F82850D9F82C100324002DC0F20681A1
:106C10000DF1340A0DF1380816A9002341F8289D1A
:106C20001A4600913846194600F006FE0023194620
:106C30000122CDF800A038460D9500F0FDFD00239F
:106C400019460F22CDF80080384600F0CFFD0E9B8C
:106C5000049ACDF8008003F001050023154338465F
:106C600019460F220E9500F0E7FD022C00F08080FF
:106C7000072017B0BDE8F08F484600F007FB0F9BD8
:106C800004931A46002B78D100283FF4D9AE149B08
:106C9000049A01380344002A3FF4D2AE002B75D089
:106CA000039A12F00802099200F0F68047214E2262
:106CB00089F8001089F801205521432289F8021033
:106CC00089F8032046214F2289F8041089F805200D
:106CD0005221002289F8061089F807200022089224
:106CE00007970025294600E023461C4614F8010BAF
:106CF00000F07F028A40060645EA020501F107011D
:106D0000F2D41F2905D8420603D501228A405242F7
:106D100015430026314613F8010F00F07F028A4028
:106D2000070646EA020601F10701F4D41F2905D837
:106D3000400603D501238B405B421E43002D5CD0EF
:106D40005EDD9DF85400FF2800F0A48000F00703EA
:106D5000042B3FF680AE01A252F823F0C76D001A53
:106D6000576A001ACD6D001AC76D001AA56D001A7A
:106D7000484600F0E7F907206AE6119B1A4404929E
:106D8000002884D1049B002B3FF45AAE039B13F0E0
:106D900001037FF455AE039A12F0080540F0978086
:106DA000022439E7EB005B42139A12991A444346D6
:106DB000FFF76CFD0E9999B1B9F1000F09D1002EC2
:106DC00077D0A3198DE7AB005B42EDE76B005B4228
:106DD000EAE70AAB0022484600F058F90028EED056
:106DE000079F0324039BDA0760D4039B190766D42B
:106DF000012C3FF441AF059907E701230893DEE733
:106E0000B9F1000F01D0099B5BB36B1CC3EB83731B
:106E1000139A52F82330002BD1D1E1E7069A384675
:106E2000FFF7B4FD39469DF85400FFF78FFDAA0027
:106E300082F00302D243139E1290B358164433B12A
:106E40003246002352F8041F01330029FAD10422EC
:106E5000C9F82830C9F82C00C9F83460C9F83020C6
:106E6000D6E66F1CC7EB8773139F0A9A57F8231057
:106E70000F9207EB830721B9B2E757F8041F0029E7
:106E8000AED039445B460022484600F0FFF80028A7
:106E9000F3D094E7002387E799F80720012A0CBF75
:106EA00059F8202C09F158020A9217E70DF1380819
:106EB0005AE6089B079F002B7FF468AFC0E5012CC2
:106EC0003FF48DAE002DBFF6A3AE00F029F81D46AD
:106ED0000224A1E6FFF7AAFB81E600BF08B58047C0
:106EE00000F072FAFFF7A2FB00F06EFA0D460446BE
:106EF000FFF7DAFB013501D000F0C2F8204600F0C0
:106F0000D5F900BF08B5034B1868BFF35B8FFFF7D7
:106F1000E5FF00BFB808001008B58047FFF7F2FF93
:106F200008B5034B1868BFF35B8FFFF7F5FF00BF91
:106F3000BC080010024B1868BFF35B8F704700BF9E
:106F4000B8080010024B1868BFF35B8F704700BF92
:106F5000BC080010704700BF00207047814211D06C
:106F600008B5406803782A2B0AD049680B782A2B89
:106F700008BF013101F0F8F9B0FA80F0400908BD0E
:106F8000002008BD0120704770B5036884B000245C
:106F90009E69009410231546029312688DF80440F0
:106FA0006B460394B0479DF8043003F00603062BAC
:106FB00003BF009B2B600120204604B070BD00BFC2
:106FC000009890420CBF06200120704710B5034B7B
:106FD00003600446FFF7BEFF204610BDA48F001AD1
:106FE00010B5054B03600446FFF7B4FF20460821A7
:106FF000FFF7AEF9204610BDA48F001A38B515462C
:107000001C46FFF7ABFF20B1082206232560E26093
:10701000237138BD2DE9F04117461C4606460D4642
:10702000FFF79CFF08B9032C01D9BDE8F0812B685C
:107030003A46314628465B69BDE8F041184700BF33
:10704000F0B583B01746089D0A990B9C8D42064601
:107050000BD019463046FFF781FF18B10123256098
:107060002771A371002003B0F0BD09990193FFF7C8
:1070700075FF18B10020677103B0F0BD019BE8E710
:107080001EB400F091F81EBC00F056FFF0B5027877
:10709000472A83B00D461F461ED00023274C01937C
:1070A000236820469B68984780B1019B1B68019329
:1070B00002262B68214628461C6901AA0123A04705
:1070C00030B1019B3B60304603B0F0BD0126F0E7D4
:1070D0000646304603B0F0BD43784E2BDDD18378B1
:1070E000552BDAD1C378432B19D0C378432BD4D195
:1070F0000379432BD1D143792B2BCED183792B2B01
:10710000CBD1C379012BC8D804D050F8204C5830CB
:107110000190C5E750F8200C50F8784CF8E7037957
:10712000462BE2D143794F2BDFD18379522BDCD12F
:10713000C379002BD9D10193014CB1E7F48F001A28
:10714000EC8F001A10B5044600F06AF82378472B3C
:10715000A4F1200204D0836823BB8260012010BD0B
:1071600063784E2BF7D1A378552BF4D1E378432BDA
:10717000F1D12379432BEED163792B2BEBD1A3797A
:107180002B2BE8D1E379012BE5D854F8043C0133EB
:10719000012B44F8043CE1D1836844F8083C826048
:1071A000012010BDFFF7AEFE08B500F039F8836886
:1071B00083B393F82020472A04D00022826003F191
:1071C000200008BD93F821204E2AF6D193F8222002
:1071D000552AF2D193F82320432AEED193F82420A4
:1071E000432AEAD193F825202B2AE6D193F82620CA
:1071F0002B2AE2D193F82720012ADED8DA69013A56
:10720000DA61002ADBD19A69826000229A6103F177
:10721000200008BDFFF776FE00487047F41100100B
:1072200000487047F4110010704700BF704700BF5E
:1072300000487047DC8F001A00487047C88F001A5A
:1072400010B504210446FFF783F8204610BD00BFA7
:107250000378472B01D00020704743784E2BFAD19A
:107260008378552BF7D1C378432BF4D10379432B83
:10727000F1D143792B2BEED183792B2BEBD1C07934
:1072800001288CBF00200120704700BF10B530B12D
:107290000446FFF7CBF92046FFF7DAFF08B9FFF7FE
:1072A00031FE54F8140CFFF719FE00BF2DE9F04F22
:1072B00085B00246FFF7CCFF60B152F8188C52F847
:1072C000145C966A176B546B1046FFF7AFF9404693
:1072D000FFF722FE1046FFF7A9F9FFF721FEFFF79F
:1072E000A5F9FFF70FFEFFF7A1F9FFF795FF036878
:1072F00093F82720012A36D003F178020DF1100A05
:107300004FF0000820334AF8082D27F0030B0193B3
:10731000C146B1451BDA276807B12744534600220E
:1073200039460198FFF7B2FE10BB3B6814491B6950
:10733000009304AA012342F8040D3846009FB84781
:10734000002818BF804609F101095C44E1E7B8F163
:10735000000F0AD00420FFF795F80A4B03600A4A91
:107360000749FFF7EDF81A68C8E72846FFF7B6FDAA
:10737000FFF724F9FFF798F9FFF796F9FFF780FE7A
:10738000FC8F001A8090001A2D72001A70B50C4DF7
:107390002B680BB90B4B2B60C41C2E6824F0030424
:1073A0003444204600F012F810B92C60304670BD0D
:1073B00000F0CAFF0C2303604FF0FF36F6E700BF72
:1073C0000012001000800020FEE7FFFF044B23B1F5
:1073D000984234BF0020012070471846704700BF14
:1073E00000A0002010B5054C237833B9044B13B12D
:1073F0000448AFF300800123237010BD0412001075
:10740000000000008491001A0C4B43B10C480D4958
:1074100010B5AFF300800C48036823B910BD0A48CB
:10742000036833B97047094B002BF7D0BDE8104013
:107430001847064B002BF5D0184700BF000000008E
:107440008491001A08120010C40800100000000007
:1074500003685A004CBF43F0004323F00043184434
:10746000704700BF61B32DE9F84F01F1FF3A904634
:107470000646D146002707EB090404EBD4746410D8
:10748000E50071190846FFF7E3FFA245834605F1C1
:107490000800304409D0FFF7DBFFC34500F1FF309F
:1074A00005D8404509D2671CE5E7C34505D9A74281
:1074B00002D004F1FF39DEE700210846BDE8F88F6D
:1074C00008467047012807D0022807D0044B00283F
:1074D0000CBF1846002070470248704702487047AA
:1074E000C97B001ACD7B001AD17B001A30B5244B22
:1074F00083B004468D1E7BB301A92846AFF30080FC
:1075000020B301992A46FFF7ADFF0146F0B1FFF71E
:107510009FFF4B68A064012B12D0002B01F10400E7
:1075200020DBFFF795FF0023E06423650368002B51
:107530001CDBFFF78DFF00232061184603B030BD30
:10754000002323610523184603B030BD00232361C7
:107550000923184603B030BD0A490B48091AC9105F
:107560000191CFE70123E0642365DFE7C3F3036004
:10757000FFF7A8FF0028206114BF00230923DCE7E0
:10758000000000000493001A8491001A0368DA07CF
:1075900010B5044606D49B0700F1480009D500F059
:1075A00051FC2368590709D51A070ED5DB0613D5F8
:1075B00010BD00F03FFC23685907F5D404F1D0005A
:1075C00000F048FC23681A07F0D404F5A87000F016
:1075D00049FC2368DB06EBD404F5E870BDE81040F5
:1075E00000F084BC036803B103441846704700BF31
:1075F00009207047704700BF70B504460D4608E08B
:107600002B6C63612A46236921460120984708288C
:1076100008D1296C2046FFF769FF06460028EFD005
:10762000FFF7D2FE0728FBD13046296CFFF7E2FFB7
:10763000281D00F0F3FB00BF2DE9F0470C1D0546A7
:1076400092460FCCADF5727D03AE0FC60FCC0FC6C0
:107650000FCC0FC694E80F0002ACD5F80C80D5F81B
:10766000189086E80F0000232846216C2360FFF75E
:107670003DFFBAF1000F074614BF0A2609267FB165
:10768000A36B46F010018DE810022A4663640120C6
:107690002B46C04778BB38460DF5727DBDE8F087B4
:1076A000236C6B614FF4F07221467AA8FEF710FC50
:1076B0002B697AAA294630469847889B82468DE8EE
:1076C0001002314663642A462B460120C04790B918
:1076D0004FF4F0727AA92046FEF7FAFBBAF1080FD0
:1076E00006D1216C2846FFF701FF09260746C6E7A9
:1076F000BAF1070F05D0092738460DF5727DBDE8B0
:10770000F0873846216CFFF775FF03A800F086FB71
:10771000406C7047F0B5CB6B0B640E1D0F460446F2
:107720000FCEF9B001AD0FC50FCE0FC50FCE0FC5EF
:1077300096E80F004FF0FF3685E80F00009606E050
:1077400023696A46214698470828054608D11099BA
:107750002046FFF7CBFE0028F2D0092079B0F0BD1B
:107760006846FFF713FF062DF7D139462046FFF78D
:1077700043FF00BF30B4DD6BC160826119461D64F8
:10778000002230BC58E700BF70B5C66843690B647F
:1077900026B10122FFF750FFFFF716FE03690A46E4
:1077A00004460D46014602209847072807D00828BE
:1077B00003D129462046FFF71FFFFFF705FE30469D
:1077C000296CFFF717FF281D00F028FBC2681AB1CB
:1077D000CA6B0A6400222FE79CE700BF704700BF16
:1077E000836813B1014601201847704700B504298A
:1077F00007D8DFE801F00309060909000BB90F2AD1
:1078000005D902205DF804FB01205DF804FB00EBC4
:10781000820218465368019A13605DF804FB00BFAA
:1078200010B584B0002303AC0A4600941946FFF754
:10783000DDFF039804B010BD00B5042907D8DFE8C8
:1078400001F00309060909000BB90F2A05D9022026
:107850005DF804FB01205DF804FB019900EB820256
:107860000968516018465DF804FB00BF10B584B08C
:1078700004AC002344F8042D0A4600941946FFF78F
:10788000DBFF04B010BD00BFF0B5D36B1364151D52
:1078900007460E460FCDADF50F7D17AC0FC40FCDCB
:1078A0000FC40FCD0FC495E80F004FF0FF3584E8EB
:1078B0000F00169510E016A8FFF7D8FF314616A85E
:1078C000B84716AA694678B9049B08209847052846
:1078D00004460AD0092807D026996846FFF706FE15
:1078E0006A460C210028E6D0092416A8FFF74EFEB0
:1078F00020460DF50F7DF0BD2DE9F04F0D46C96C0A
:107900008BB00C1D096807919146089400F0030B99
:107910001E46002B60D10902032307918DF82560D4
:107920008DF824302B6DBBF1020F08BFAC6B13F048
:10793000010340D1019300F008030393D4F80080C1
:10794000B8F1000F39D0022E43D0B4F80080678818
:107950000434AB6C27F0010A0F2148469A44FFF724
:107960005FFF824533D828F001039A4450452CBF6D
:10797000002001207F0007F0020708F0010847EA15
:107980000807012F3ED035D3022F1CD1236823F0E6
:1079900000420292BBF1000F76D128B10399002971
:1079A0007ED0002A00F0A680002B77DB029B0133FB
:1079B00004EB8304C2E700230193022E3EDDFFF7B0
:1079C00017FE002840D009200BB0BDE8F08F002042
:1079D000D0E767680834BCE7022BA3DC0B0CDAB2F3
:1079E00009048DF82530022304EB820407918DF8F9
:1079F000243097E7BBF1000F02D0002840F0BD8093
:107A000004349BE7BBF1000F25D1A8B194E80C002A
:107A1000991C4FEAD272D6D005F158010133069174
:107A200000F0A380201DFFF7DDFD06AB01462846D0
:107A3000FFF72CFB002877D108347FE707A94846D9
:107A400000F0EEFA0028BED1019B002B5CD108208B
:107A50000BB0BDE8F08F0D2148462F6AFFF7E0FE1E
:107A60008742E9D1AB6A9C42E6D12046FFF7F0FCA1
:107A70000F2102464846FFF7F9FE48462A460021F4
:107A8000FFF7F4FE07209FE70D2148462F6AFFF716
:107A9000C7FE874258D02368002B87DA043485E775
:107AA000029B3BB305F15803271DCDF810B0DDF85C
:107AB0000C80DDF808A00596A3461C4602E0B245FE
:107AC000B04616D038460694FFF78CFD06AB01464B
:107AD00000222846FFF7DAFA08F1010604370028E9
:107AE000EDD0029B059E43455C46DDF810B0D2D137
:107AF00000E05C4648460D21FFF792FE069B286297
:107B0000AC626B6206205FE70F214846FFF788FEF4
:107B10000E2102464846FFF7A9FE4846294A0F2192
:107B2000FFF7A4FE07204FE707460D214846FFF761
:107B300077FE022F28621DD12B46069A43F82C2F80
:107B40006B62AC6206203FE7AB6A9C42A3D1042281
:107B50000027A3180299A962EF622A636B63236866
:107B6000BB421DDB0123019320E748460D21FFF7AF
:107B700057FE2862069B6B62E3E72046FFF768FC2E
:107B800004340646AC632846FFF7DCFA00283FF4CD
:107B90001AAF484632460F21FFF768FE072013E769
:107BA0000846013004EB8000FFF752FC0F2102462B
:107BB0004846FFF75BFE48462A463946FFF756FE21
:107BC000072001E7AD72001A002395E6012393E632
:107BD000022391E6F0B50446C5B004290DD8DFE8CC
:107BE00001F053030C310F00012B4FEA124695B2FE
:107BF00062D17219102A40F29B80022045B0F0BD7C
:107C0000002BFAD1102AF8D82368D80600F1C680D4
:107C100022AE3046019200F073F9A06B019A002366
:107C2000012505FA03F1114203D0016846F823103B
:107C300004300133042BF4D1A063304600F056F930
:107C40000020DBE7032BD8D1150C97B2EB19102BD2
:107C5000D3D823681E0700F1B58022AE304600F06D
:107C600023F9ED00A36B4FB1043D711903EBC7007D
:107C700053F8042B41F8042F8342F9D13046A36313
:107C800000F0F0F80020B9E7002BB6D1A56B97B251
:107C9000201D012606FA03F1394203F1010302D047
:107CA000296801600435102B00F10400F2D112F4B0
:107CB00000503BD1A563A1E7052B9ED17719202F5A
:107CC0009BD80F2E66D92F46002D3AD12A46002781
:107CD000002AA06B72DD00EBC202014644A800EB53
:107CE000C6008C3851F8045B40F8045F9142F9D12A
:107CF000084697B1102E324644A938BF102201EB36
:107D0000C202A2F5C4727900043A00EB810150F876
:107D1000045B42F8045F8842F9D1012B48D00F2E52
:107D2000A16333D917B102A800F094F8002065E7E9
:107D30000F2E3FF662AF00272268D10717D4002F1D
:107D400060D02268510745D4012B4DD00F2E06D8A4
:107D500022A8019300F07AF8019B002FB6D002A868
:107D6000019300F07BF8019BC6F11002B0E722F00E
:107D70000101052B2160019320463BD022F0030234
:107D800040F8482B00F05AF8019BD8E722A800F0F1
:107D900059F8C7E7102FCED9103FCDE723F01003D5
:107DA000236004F5E870019200F0AAF8019A2FE729
:107DB0000431A16322A800F03DF8B7E7002F99D164
:107DC0000146AAE723F00803236004F5A87000F039
:107DD0006BF842E7204622F0040240F8D02B0193D2
:107DE00000F03CF8019BAFE722A8019300F026F8D1
:107DF000019BB9E741F0020140F8481B00F026F86A
:107E0000019B9CE7012B03D00F2E3FF65FAF9FE74E
:107E100022A8019300F012F8019B57E700F134010A
:107E200091E838009C46A6464CF8045D90E8FF0FA8
:107E3000E54600BD90EC210B704700BF80EC210BA4
:107E4000704700BF90EC200B704700BF80EC200B08
:107E5000704700BFD0EC200B704700BFC0EC200B78
:107E6000704700BFF0EC0201F0EC0211F0EC0221CF
:107E7000F0EC0231F0EC0241F0EC0251F0EC026166
:107E8000F0EC0271F0EC0281F0EC0291F0EC02A156
:107E9000F0EC02B1F0EC02C1F0EC02D1F0EC02E146
:107EA000F0EC02F1704700BFE0EC0201E0EC0211DF
:107EB000E0EC0221E0EC0231E0EC0241E0EC0251A6
:107EC000E0EC0261E0EC0271E0EC0281E0EC029196
:107ED000E0EC02A1E0EC02B1E0EC02C1E0EC02D186
:107EE000E0EC02E1E0EC02F1704700BFB0FC018180
:107EF000B0FC0191B0FC01A1B0FC01B1704700BF22
:107F0000A0FC0181A0FC0191A0FC01A1A0FC01B199
:107F1000704700BFEC4600B52DE900502DE9FF1F6A
:107F20004FF000032DE90C0001A9FFF7F3FBDDF88A
:107F300040E012B0704700BFEC4600B52DE900509C
:107F40002DE9FF1F4FF000032DE90C0001A9FFF7F9
:107F50001BFCDDF840E012B0704700BFEC4600B5F6
:107F60002DE900502DE9FF1F4FF000032DE90C0013
:107F700001A9FFF72BFCDDF840E012B0704700BF0D
:107F8000EC4600B52DE900502DE9FF1F4FF000032E
:107F90002DE90C0001ABFFF7EDFBDDF840E012B07E
:107FA000704700BFEC4600B52DE900502DE9FF1FDA
:107FB0004FF000032DE90C0001AAFFF765FCDDF886
:107FC00040E012B0704700BF027A1AB9437A43B951
:107FD000B02070470368013A02721A020260180E5C
:107FE00070474268013B10B4437213680321141DAB
:107FF00001721A024460026010BC180E704700BF84
:1080000000B585B003AA0023009219460C22FFF7A1
:10801000EDFB039805B05DF804FB00BFF0E700BF7F
:108020002DE9F043064685B00F464FF0000838466C
:10803000FFF7CAFFB028044623D0050627D4002343
:108040000DF10C09194685000D22CDF8009030463F
:10805000FFF7CCFBEDB2039BCDF80090600605F175
:1080600004054CBF5D1BED18002319460D22304658
:108070000395FFF7E1FB3846FFF7A6FFB02804465B
:10808000DBD1B8F1000F00F0958000201CE000F07B
:10809000F003802B5DD0902B19D0A02B2CD0B02BCF
:1080A0003FD0C02B6CD000F0F803D02B0BD100F0E8
:1080B0000702013242F40022052301213046FFF776
:1080C00089FD0028B3D0092005B0BDE8F08300F099
:1080D0000D030D2BF7D003AD002300F00F0219465E
:1080E00000953046FFF782FB0023009519460D22CC
:1080F0003046FFF7A1FB9AE7C24302F007034FF4B3
:108100007F621A41010702F47F624FF0000348BF0B
:1081100042F4804219463046FFF75CFD0028D2D178
:1081200085E7B12857D0B22868D0B32800F09580F1
:1081300000F0FC03B42BC6D000F00702013201238B
:1081400042F4002219463046FFF744FD0028BAD118
:108150006DE73846FFF738FF24020443B4F5004FBB
:10816000B1D024010023A2B219463046FFF732FDF8
:108170000028A8D114F4004F18BF4FF0010856E7AB
:10818000C6287DD0C72800F0868000F0F803C02BF9
:1081900000F09480C82800F09F80C92893D1384609
:1081A000FFF712FF020300F00F0002F4702201300B
:1081B000024381E703AC43460E2241460094304619
:1081C000FFF714FB0094304643460F224146FFF769
:1081D00033FB404678E73846FFF7F6FE00283FF4C9
:1081E00072AF10F0F0037FF46EAF024619463046CE
:1081F000FFF7F0FC00287FF466AF18E700230DF1CD
:108200000C090D221946CDF800903046FFF7EEFA22
:108210003846FFF7D9FE02064FF002040CD5039B47
:1082200000F07F00A040034438460393FFF7CCFEE4
:10823000030604F10704F2D4039BCDF8009000F08C
:108240007F02A24003F501740023144419460D2255
:1082500030460394FFF7F0FAE9E63846FFF7B4FE3C
:10826000010300F00F0001F47021421C01230A43B6
:1082700030461946FFF7AEFC00287FF424AFD6E65F
:108280003846FFF7A1FE010300F00F0001F4702152
:10829000421C0323EBE73846FFF796FE00283FF425
:1082A00012AF10F0F0037FF40EAF02460421304607
:1082B000FFF790FC00287FF406AFB8E600F00F024D
:1082C0000132032342F4202219463046FFF782FC94
:1082D00000287FF4F8AEAAE63846FFF775FE00F0F6
:1082E000F00200F00F031032013343EA0232E3E6FA
:1082F00010B5C36C84B05A6803208DF80C00DC798B
:108300008DF80D4012020833084601A9019202932C
:10831000FFF786FE04B010BD08B5FFF77FFE806C46
:1083200008BD00BF08B5FFF779FEC06CC37900EB4C
:108330008300083008BD00BF08B5FFF745F800BF4F
:1083400008B5FFF7F9FF00BF014B1868704700BF81
:1083500088040010FFFFFFFFFFFFFFFFFFFFFFFF8D
:10836000A2EB0300704700BF02780B78012A28BFF8
:108370009A42F5D16DE9044540EA0104CDE902676E
:108380006FF0000C4FEA447212B380EA010414F05B
:10839000070F6AD100F0070420F0070004F003057E
:1083A00021F007014FEAC505F0E8042314F0040F9B
:1083B000F1E804670CFA05F462EA040266EA0406CE
:1083C0000AD063EA0403624667EA0407664603E0EC
:1083D000F0E80423F1E8046782FA4CF582EA060427
:1083E000A4FA8CF46CBB83FA4CF583EA0705A5FA72
:1083F0008CF595B950E9022351E9026782FA4CF5F0
:1084000082EA0604A4FA8CF483FA4CF583EA0705A1
:10841000A5FA8CF52543DBD09CB92DBAB5FA85F4C5
:1084200024F0070427FA04F1DDE9026723FA04F3D4
:1084300003F0FF0001F0FF01FDE80445A0EB01009F
:10844000704724BAB4FA84F424F0070426FA04F13D
:10845000DDE9026722FA04F202F0FF0001F0FF01F9
:10846000FDE80445A0EB0100704714F0030F3CD178
:1084700010F0030428D150F8082B51F8083B82FA79
:108480004CF582EA0305A5FA8CF55DB950F8042C89
:1084900051F8043C82FA4CF582EA0305A5FA8CF502
:1084A000002DE8D02DBAB5FA85F424F0070423FA9C
:1084B00004F122FA04F202F0FF0001F0FF01FDE8EE
:1084C0000445A0EB010070474FEAC40420F003000C
:1084D00050F8082B21F0030151F8083B0CFA04F482
:1084E00062EA040263EA0403C9E710F003041AD045
:1084F000A1EB040120F00300E40750F8042B06D0A0
:108500000FD28B785FFAA2F4E41A06D12BB1CB78A4
:108510005FFAB2F4E41A00D11BB920465DF8104BA3
:10852000704701F1040150F8042BCC0721F003013E
:1085300051F8043B48D824D222F07F4482FA4CF50B
:1085400094EA1325A5FA8CF50AD165B951F8043BD4
:1085500084EA0204B4EB036F0ED150F8042BEBE76E
:108560004FEA132355E035F07F454DD10878FDE8FB
:108570000445C0F1000070474FEA126203F0FF03A8
:1085800047E002EA1C4482FA4CF594EA1345A5FA46
:108590008CF50AD165B951F8043B84EA0204B4EBC6
:1085A000034F0CD150F8042BEBE74FEA134330E0B4
:1085B00015EA1C4528D10B884FEA124229E04FEA00
:1085C000124203EA1C4324E002F0FF0482FA4CF555
:1085D00094EA1365A5FA8CF50AD165B951F8043B04
:1085E00084EA0204B4EB032F09D150F8042BEBE723
:1085F0004FEA13630DE015F0FF0F05D10B684FEA4A
:10860000122223F07F4304E04FF00000FDE8044510
:10861000704712BA1BBA82FA4CF482EA0304A4FA35
:108620008CF5B5FA85F402FA04F203FA04F34FEA82
:108630001260FDE80445A0EB1360704710B4044CD1
:1086400013460A460146206810BC00F003B800BF7C
:108650008804001070B50D46084C114606461A46AF
:1086600028460023236000F00BF8431C00D070BDA7
:108670002368002BFBD0336070BD00BF4812001090
:10868000024B58221A604FF0FF307047481200101A
:1086900061006300640065006600670068006E00AA
:1086A0006F00720073008100820083008500A100CA
:1086B000A200A300A400A500A600000068110010FD
:1086C0008811001078110010000000000000000068
:1086D0000103001A1103001A3903001A2903001AB2
:1086E000A904001A0D03001AAD03001A9301010139
:1086F000000000004D090010D20601040100000036
:10870000C4080010D208010402000000480900104B
:10871000D2010101030000004C090010D201010147
:1087200004000000C8080010D20601040500000083
:10873000CC080010D201010109000000D00800108F
:10874000D30101010A000000D1080010D204010287
:108750000B0000005009001012010101B0040000DC
:10876000D408001013060104B1040000D80800105A
:108770000B000000EC86001A000000000000000062
:108780003107001AF106001A9907001AD907001AD2
:108790000000000000000000ED29001A5511001A29
:1087A000C52B001A7D12001A7911001AD512001A71
:1087B0009D11001AD911001A0D12001A3D12001A4B
:1087C0004512001A4912001A5312001A5712001AC1
:1087D0005B12001A5F12001A6512001A4913001A80
:1087E0007112001A6111001A6D11001A00000000C8
:1087F00000000000D12E001A000000000000000060
:10880000752E001A00000000000000009563001A99
:108810002D31001A1930001A9563001ADD2F001A45
:10882000E12F001AF12F001A3D30001A8131001A91
:10883000AD2F001A0130001ABD2F001AC331001AE3
:10884000D92F001ADF31001A0B30001A0F30001A2E
:1088500000200000004000000060000000800000D8
:1088600000A0000000C0000000E0000000000100C7
:1088700000000200000003000000040000000500EA
:1088800000000600000007000000000000000000DB
:10889000E532001A4D32001A1532001A0932001A58
:1088A0000F32001A00000000000000007933001AA7
:1088B0002133001A3133001A7136001AF93A001ABE
:1088C0003333001A3D37001A5D33001A3733001A6C
:1088D0004333001A4F33001A00000000001BB7009A
:1088E00000000000000000001F3B001A213B001A9E
:1088F0001D49001A3D41001A8148001AED47001A2F
:108900006947001A0148001A0948001A1948001A54
:108910001148001A1D48001AC940001AAD40001A3B
:10892000D93B001AB13B001AAF40001A5D42001A51
:10893000BB40001AFCFFFFFF00000000B340001A1C
:108940002D31001A1930001AD13B001ADD2F001A00
:10895000E12F001AF12F001A3D30001A8131001A60
:10896000AD2F001A0130001ABD2F001AC331001AB2
:10897000D92F001ADF31001A0B30001A0F30001AFD
:10898000ECFDFFFF000000007D42001ABF40001A0E
:1089900000001000000000011000000101001000A4
:1089A0000004010110000008010210000009010389
:1089B0001000000A01041000000B0105100001085E
:1089C0000106100001090107100001000108100054
:1089D0000101010910000102010A10000103010B4D
:1089E00010000104010C10000105010D100001062A
:1089F000010E10000107010F10000002011010000D
:108A0000000301111000000C01121000000D0114F0
:108A10001000000F020014000500020114000501FF
:108A200002021400050202031400050302041400EC
:108A300005040205140005050206140005060207D8
:108A40001000000702081400050702091000010ABF
:108A5000020A1000000E020B1000010B020C1000A5
:108A6000010C020D1000010D0301140005080302A2
:108A70001400050903041000010E03051000010F86
:108A800003061000000603071400050A030814007B
:108A9000050B040010000200040110000201040292
:108AA0001000020204031000020304041000020478
:108AB0000405100002050406100002060408140054
:108AC000050C04091400050D040A1400050E050028
:108AD0001000020905011000020A05021000020B35
:108AE00005031000020C05041000020D050510001E
:108AF000020E05061000020F05071000020706010E
:108B00001000030006021000030106031000030218
:108B100006041000030306051000030406061000F7
:108B2000000506071400050F0608140005100609C5
:108B300010000305060A10000306060B10000307C9
:108B4000060C1000020807001000030807011000BF
:108B5000030907021000030A07031000030B0704B0
:108B60001000030C07051000030D07061000030E8C
:108B700007071000030F0800100004000801100090
:108B80000401080210000402080310000403080492
:108B9000100004040805100004050806100004066F
:108BA00008071000040709001000040C0901100058
:108BB000040D09021000040E09031000040F09043B
:108BC0001400051109051400051209061000040B14
:108BD0000A01100004080A02100004090A03100028
:108BE000040A0A04140005130B00140005140B01F9
:108BF000140005150B02140005160B0314000517CD
:108C00000B04140005180B05140005190B061400BD
:108C1000051A0C01140006000C02140006010C03D6
:108C2000140006020C04140006030C0514000604CC
:108C30000C06140006050C07140006060C081400A8
:108C400006070C09140006080C0A140006090C0B90
:108C50001400060A0C0C1400060B0C0D1400060C74
:108C60000C0E1400060D0D001400060E0D0114006C
:108C7000060F0D02140006100D03140006110D045A
:108C8000140006120D05140006130D061400061438
:108C90000D07140006150D08140006160D09140022
:108CA00006170D0A140006180D0B140006190D0CFA
:108CB0001400061A0D0D1400061B0D0E1400061CE0
:108CC0000D0F1400061D0D101400061E0E001400DA
:108CD00007000E01140007010E02140007020E0324
:108CE000140007030E04140007040E051400070502
:108CF0000E06140007060E07140007070E081400DE
:108D000007080E09140007090E0A1400070A0E0BC3
:108D10001400070B0E0C1400070C0E0D1400070DA9
:108D20000E0E1400070E0E0F1400070F0F01140093
:108D300007100F02140007110F03140007120F058C
:108D4000140007130F06140007140F07140007156B
:108D50000F08140007160F09140007170F0A140054
:108D600007180F0B14000719000000000000000096
:108D70003D48001A00000000000000005548001A9D
:108D80006748001A0000000000000000000000001A
:108D9000000000001D49001A9563001A8148001A5E
:108DA000ED47001AFD47001A0148001A0948001A49
:108DB0001948001A1148001A1D48001A9563001A34
:108DC0009563001A9563001A030F0F0FFF00000050
:108DD00005000A00200024000900400040000500B2
:108DE0006000A6000400C000C3000200E000E00034
:108DF00001000001000103002001200106004001E4
:108E000040010C004201420119006201620113009D
:108E1000820182011200A201A2011100C201C2015D
:108E20001000E201E2010F00020202020E00220223
:108E300022020D00230223021C0000010100090987
:108E400001000A09010001070101020901000609E8
:108E500001000C0901010D0901000E0901000F09B3
:108E60000100100901001109010012090100130994
:108E7000010014110100191101001A1101001B1148
:108E80000100C201A2018201620181008200A100F1
:108E9000A200FFFF70757265207669727475616C4F
:108EA000206D6574686F642063616C6C65640A0092
:108EB000308F001ABC8E001A0890001A4E395F5F7E
:108EC000676E755F63787832307265637572736947
:108ED00076655F696E69745F6572726F724500FFD7
:108EE00000000000B08E001A3567001A4967001AAA
:108EF0003172001A308F001A008F001A6C8F001A1E
:108F00004E31305F5F637878616269763132305F0D
:108F10005F73695F636C6173735F747970655F69B8
:108F20006E666F4500FFFFFF00000000F48E001A20
:108F30006567001A7967001A596F001A596F001A8D
:108F40001570001A896F001A6168001AD167001A3B
:108F50009567001AA48F001A5C8F001A5374397435
:108F60007970655F696E666F00FFFFFF308F001AD2
:108F7000788F001A548F001A4E31305F5F63787813
:108F8000616269763131375F5F636C6173735F74FF
:108F90007970655F696E666F4500FFFF0000000035
:108FA0006C8F001ACD6F001AE16F001A596F001A0A
:108FB000596F001A1570001A896F001AFD6F001A98
:108FC0004170001AC16F001A7374643A3A626164A6
:108FD0005F657863657074696F6E00FF7374643ADF
:108FE0003A657863657074696F6E0000A48F001A2B
:108FF0001090001AA48F001A3090001A308F001AB7
:109000005490001A0890001AA48F001A6890001A51
:109010004E31305F5F637878616269763131355FF8
:109020005F666F726365645F756E77696E64450035
:109030004E31305F5F637878616269763131395FD4
:109040005F666F726569676E5F6578636570746986
:109050006F6E4500537431336261645F6578636598
:109060007074696F6E00FFFF5374396578636570C3
:1090700074696F6E00FFFFFF00000000FC8F001A94
:109080002D72001A4172001A3972001AF8B500BF29
:10909000F8BC08BC9E4670475945001AD564001AB2
:1090A0000974001AF8B500BFF8BC08BC9E467047AA
:1090B00008B10181B0B000840000000008B1018156
:1090C000B0B00084000000005DD9FF7FA908B100A6
:1090D000FFFF010008B10181B0B000840000000072
:1090E00045D9FF7FB0AF1600FF1015010B20CA084D
:1090F0000000A60904B00901010000000000000002
:1091000025D9FF7F8408B101B0B0B000FF1019016C
:109110000C020608010C0410051C0A000001007F67
:1091200000007D00000000000000000008B1018187
:10913000B0B000840000000008B10181B0B000842C
:1091400000000000E1D8FF7FB0AF0400FF101D0158
:109150001224043A012E0432017850C80100D001D3
:1091600004000001000000000000000008B10181BF
:10917000B0B000840000000008B10181B0B00084EC
:0491800000000000EB
:10918400CCD1FF7F01000000C8D1FF7F20FFFF7F0B
:10919400F8D1FF7F01000000F8D1FF7F1CFFFF7FA3
:1091A40004D2FF7F0100000050D3FF7FB0B0A8803D
:1091B4008CD3FF7FAB08B18000D4FF7FB0B0A88010
:1091C40068D4FF7F00FFFF7FDCD4FF7F0100000035
:1091D4008CD6FF7FB0B0AC80B0D6FF7FAB08B18037
:1091E40068D7FF7FECFEFF7FA0D7FF7FAB08B1807D
:1091F40030D8FF7FE8FEFF7FE0DCFF7F00FFFF7FCA
:1092040000DDFF7F010000000CDDFF7F1CFFFF7FFE
:109214000CDDFF7F20FFFF7F18DDFF7F01000000D2
:1092240064DDFF7FB0AA038094DDFF7F01000000AE
:1092340058DEFF7FB0AB028008DFFF7F0100000033
:1092440068E0FF7FFCFEFF7F40E1FF7F010000003C
:1092540098E2FF7FB0A9028030E3FF7FB0B0A8801E
:1092640080E3FF7F010000008CE3FF7FB0B0AA80A1
:10927400C4E3FF7FAE71B28094E4FF7F010000007D
:1092840090E4FF7FAB3F3880E8E4FF7F01000000FB
:10929400F4E4FF7FB0B0AA8030E5FF7F0100000056
:1092A400E4E5FF7FAB0EB2804CE6FF7FB0AF0A80EF
:1092B40014E9FF7F0100000018E9FF7FAB3F048041
:1092C40058EBFF7F0100000034EDFF7F0084048031
:1092D40048EDFF7F0100000044EDFF7FB0AD048046
:1092E4000CF0FF7FB0A803802CF0FF7F7CFEFF7F93
:1092F40030F0FF7F80FEFF7F3CF0FF7F0100000025
:1093040000000500000009000B000600B004B104D1
:1093140009000100080007000A00FFFF0300000025
:1093240000000010020000001200001050C30000F2
:1093340001FFFFFF00000000010000009088001AF8
:1093440000100A40220000006153001A00000000CF
:1093540000000000000000000000000000000E40BB
:10936400010000006153001A00000000000000002A
:1093740000000000000000000000000000000000E9
:1093840078000010780000108000001080000010A9
:109394008800001088000010900000109000001059
:1093A4009800001098000010A0000010A000001009
:1093B400A8000010A8000010B0000010B0000010B9
:1093C400B8000010B8000010C0000010C000001069
:1093D400C8000010C8000010D0000010D000001019
:1093E400D8000010D8000010E0000010E0000010C9
:1093F400E8000010E8000010F0000010F000001079
:10940400F8000010F8000010000100100001001026
:1094140008010010080100101001001010010010D4
:109424001801001018010010200100102001001084
:109434002801001028010010300100103001001034
:1094440038010010380100104001001040010010E4
:109454004801001048010010500100105001001094
:109464005801001058010010600100106001001044
:1094740068010010680100107001001070010010F4
:1094840078010010780100108001001080010010A4
:109494008801001088010010900100109001001054
:1094A4009801001098010010A0010010A001001004
:1094B400A8010010A8010010B0010010B0010010B4
:1094C400B8010010B8010010C0010010C001001064
:1094D400C8010010C8010010D0010010D001001014
:1094E400D8010010D8010010E0010010E0010010C4
:1094F400E8010010E8010010F0010010F001001074
:10950400F8010010F8010010000200100002001021
:1095140008020010080200101002001010020010CF
:10952400180200101802001020020010200200107F
:10953400280200102802001030020010300200102F
:1095440038020010380200104002001040020010DF
:10955400480200104802001050020010500200108F
:10956400580200105802001060020010600200103F
:1095740068020010680200107002001070020010EF
:10958400780200107802001080020010800200109F
:10959400880200108802001090020010900200104F
:1095A4009802001098020010A0020010A0020010FF
:1095B400A8020010A8020010B0020010B0020010AF
:1095C400B8020010B8020010C0020010C00200105F
:1095D400C8020010C8020010D0020010D00200100F
:1095E400D8020010D8020010E0020010E0020010BF
:1095F400E8020010E8020010F0020010F00200106F
:10960400F8020010F802001000030010000300101C
:1096140008030010080300101003001010030010CA
:10962400180300101803001020030010200300107A
:10963400280300102803001030030010300300102A
:1096440038030010380300104003001040030010DA
:10965400480300104803001050030010500300108A
:10966400580300105803001060030010600300103A
:1096740068030010680300107003001070030010EA
:10968400780300107803001080030010800300109A
:10969400880300108803001090030010900300104A
:1096A4009803001098030010A0030010A0030010FA
:1096B400A8030010A8030010B0030010B0030010AA
:1096C400B8030010B8030010C0030010C00300105A
:1096D400C8030010C8030010D0030010D00300100A
:1096E400D8030010D8030010E0030010E0030010BA
:1096F400E8030010E8030010F0030010F00300106A
:10970400F8030010F8030010000400100004001017
:1097140008040010080400101004001010040010C5
:109724001804001018040010200400102004001075
:109734002804001028040010300400103004001025
:1097440038040010380400104004001040040010D5
:109754004804001048040010500400105004001085
:109764005804001058040010600400106004001035
:1097740068040010680400107004001070040010E5
:10978400FFFFFFFF0000020090040010FFFFFFFF37
:10979400000000007C070010E40700104C080010D3
:1097A40000000000000000000000000000000000B5
:1097B40000000000000000000000000000000000A5
:1097C4000000000000000000000000000000000095
:1097D4000000000000000000000000000000000085
:1097E4000000000000000000000000000000000075
:1097F4000000000000000000000000000000000065
:109804000000000000000000000000000000000054
:109814000000000000000000000000000000000044
:109824000000000000000000000000000000000034
:109834000000000000000000010000000000000023
:109844000E33CDAB34126DE6ECDE05000B000000E8
:109854000000000000000000000000000000000004
:1098640000000000000000000000000000000000F4
:1098740000000000000000000000000000000000E4
:1098840000000000000000000000000000000000D4
:1098940000000000000000000000000000000000C4
:1098A40000000000000000000000000000000000B4
:1098B40000000000000000000000000000000000A4
:1098C4000000000000000000000000000000000094
:1098D4000000000000000000000000000000000084
:1098E4000000000000000000000000000000000074
:1098F4000000000000000000000000000000000064
:109904000000000000000000000000000000000053
:109914000000000000000000000000000000000043
:109924000000000000000000000000000000000033
:109934000000000000000000000000000000000023
:109944000000000000000000000000000000000013
:109954000000000000000000000000000000000003
:1099640000000000000000000000000000000000F3
:1099740000000000000000000000000000000000E3
:1099840000000000000000000000000000000000D3
:1099940000000000000000000000000000000000C3
:1099A40000000000000000000000000000000000B3
:1099B40000000000000000000000000000000000A3
:1099C4000000000000000000000000000000000093
:1099D4000000000000000000000000000000000083
:1099E4000000000000000000000000000000000073
:1099F4000000000000000000000000000000000063
:109A04000000000000000000000000000000000052
:109A14000000000000000000000000000000000042
:109A24000000000000000000000000000000000032
:109A34000000000000000000000000000000000022
:109A44000000000000000000000000000000000012
:109A54000000000000000000000000000000000002
:109A640000000000000000000000000000000000F2
:109A740000000000000000000000000000000000E2
:109A840000000000000000000000000000000000D2
:109A940000000000000000000000000000000000C2
:109AA40000000000000000000000000000000000B2
:109AB40000000000000000000000000000000000A2
:109AC4000000000000000000000000000000000092
:109AD4000000000000000000000000000000000082
:109AE4000000000000000000000000000000000072
:109AF4000000000000000000000000000000000062
:109B04000000000000000000000000000000000051
:109B14000000000000000000000000000000000041
:109B24000000000000000000000000000000000031
:109B34000000000000000000000000000000000021
:109B44000000000000000000000000000000000011
:109B54000000000000000000000000000000000001
:109B640000000000000000000000000000000000F1
:109B740000000000000000000000000000000000E1
:109B840000000000000000000000000000000000D1
:109B940000000000000000000000000000000000C1
:109BA40000000000000000000000000000000000B1
:109BB40000000000000000000505001A056F001AEF
:049BC400000000009D
:020000041A07D9
:10FE000004000000000000000000000000000000EE
:10FE100000000000000000000000000000000000E2
:10FE200000000000000000000000000000000000D2
:10FE300000000000000000000000000000000000C2
:10FE400000000000000000000000000000000000B2
:10FE500000000000000000000000000000000000A2
:10FE60000000000000000000000000000000000092
:10FE70000000000000000000000000000000000082
:10FE80000000000000000000000000000000000072
:10FE90000000000000000000000000000000000062
:10FEA0000000000000000000000000000000000052
:10FEB0000000000000000000000000000000000042
:10FEC0000000000000000000000000000000000032
:10FED0000000000000000000000000000000000022
:10FEE0000000000000000000000000000000000012
:10FEF0000000000000000000000000000000000002
:10FF000000000000000000000000000000000000F1
:10FF100000000000000000000000000000000000E1
:10FF200000000000000000000000000000000000D1
:10FF300000000000000000000000000000000000C1
:10FF400000000000000000000000000000000000B1
:10FF500000000000000000000000000000000000A1
:10FF60000000000000000000000000000000000091
:10FF70000000000000000000000000000000000081
:10FF80000000000000000000000000000000000071
:10FF90000000000000000000000000000000000061
:10FFA0000000000000000000000000000000000051
:10FFB0000000000000000000000000000000000041
:10FFC0000000000000000000000000000000000031
:10FFD0000000000000000000000000000000000021
:10FFE0000000000000000000000000000000000011
:10FFF0000000000000000000000000000000000001
:040000051A000509CF
:00000001FF
