:020000041A02DE
:10000000E0BF0020D1BA021AA101021AA301021A0C
:10001000A501021AA701021AA901021A167DF243CC
:10002000000000000000000000000000AB01021A08
:10003000AD01021A00000000AF01021A8DBC021AC5
:10004000B301021AB301021AB301021A0000000040
:10005000B301021AB301021AB301021AB301021A60
:10006000B301021AB301021A7D13031AB301021A73
:10007000B301021AB301021AB301021AB301021A40
:10008000B301021AB301021AC129031AB301021AF9
:10009000B301021AB301021AB301021AB301021A20
:1000A000B301021AA929031AB301021AB301021AF1
:1000B000B301021AB301021AB301021AB301021A00
:1000C000B301021AB301021AB301021AB301021AF0
:1000D000B301021AB301021AB301021AB301021AE0
:1000E000B301021AB301021AB301021AB301021AD0
:1000F00000000000B301021AB301021AB301021A90
:1001000000000000B301021AB301021ABD21031A54
:10011000B301021A54D2031A000000105407000061
:1001200054D2031A000008100000000054D2031A31
:10013000009F08100000000054D2031AF09F08101E
:100140000000000054D2031A00000020000000004C
:1001500054D2031A00A000200000000054D2031A59
:1001600000C00020000000005407001018340000F8
:100170000000081000000000009F081000000000B0
:10018000F09F0810000000000000002000000000A8
:1001900000A000200000000000C0002000000000BF
:1001A000FEE7FEE7FEE7FEE7FEE7FEE7FEE7FEE727
:1001B000FEE7FEE710B50023934200D310BD1C58A4
:1001C0005C500433F8E700231A468B4200D3704793
:1001D0001A500433F9E7FFFFFFFFFFFFFFFFFFFFA8
:1001E000FFFFFFFFFFFFFFFFFFFFFFFFFFFFFFFF1F
:1001F000FFFFFFFFFFFFFFFFFFFFFFFFFFFFFFFF0F
:10020000FFFFFFFFFFFFFFFFFFFFFFFFFFFFFFFFFE
:10021000FFFFFFFFFFFFFFFFFFFFFFFFFFFFFFFFEE
:10022000FFFFFFFFFFFFFFFFFFFFFFFFFFFFFFFFDE
:10023000FFFFFFFFFFFFFFFFFFFFFFFFFFFFFFFFCE
:10024000FFFFFFFFFFFFFFFFFFFFFFFFFFFFFFFFBE
:10025000FFFFFFFFFFFFFFFFFFFFFFFFFFFFFFFFAE
:10026000FFFFFFFFFFFFFFFFFFFFFFFFFFFFFFFF9E
:10027000FFFFFFFFFFFFFFFFFFFFFFFFFFFFFFFF8E
:10028000FFFFFFFFFFFFFFFFFFFFFFFFFFFFFFFF7E
:10029000FFFFFFFFFFFFFFFFFFFFFFFFFFFFFFFF6E
:1002A000FFFFFFFFFFFFFFFFFFFFFFFFFFFFFFFF5E
:1002B000FFFFFFFFFFFFFFFFFFFFFFFFFFFFFFFF4E
:1002C000FFFFFFFFFFFFFFFFFFFFFFFFFFFFFFFF3E
:1002D000FFFFFFFFFFFFFFFFFFFFFFFFFFFFFFFF2E
:1002E000FFFFFFFFFFFFFFFFFFFFFFFFFFFFFFFF1E
:1002F000FFFFFFFFFFFFFFFFFFFFFFFF21436587BA
:10030000054B1B888B4206D9044B41600C2202FB33
:1003100001339B688360704754A2031A5CA2031ADE
:10032000054B1B888B4206D9044B41600C2202FB13
:1003300001339B688360704754A2031A5CA2031ABE
:10034000054B1B888B4206D9044B41600C2202FBF3
:1003500001339B688360704754A2031A5CA2031A9E
:10036000054B1B888B4206D9044B41600C2202FBD3
:1003700001339B688360704754A2031A5CA2031A7E
:1003800070B546680D460446FFF7CAFFAE4209D075
:10039000A3683BB16268044B0C2101FB02339B68EC
:1003A0001B88A38170BD00BF5CA2031A08B5044876
:1003B0000BF0B8FCBDE8084002480BF0B3BC00BF2E
:1003C000080000100000001038B5334B334D1A7888
:1003D000DAB15B78152B0AD92B785BBB2978304BC7
:1003E000002203292ED8DFE801F02B3E464E2D4A8D
:1003F000012404FA03F313422CD12B4A134215D1E2
:100400002A4A1342E8D0032410E0294B93F82B200A
:10041000EAB993F83220042A19D104F02BFB0446E0
:1004200024B906F06FF8C31E5C425C412B78A342EE
:10043000D4D08BB11F4814210BF05CFC00232B702F
:10044000174B002283F8A22083F8652020E093F860
:10045000DC45E5E70224E9E716480BF063FC0028D9
:10046000BCD02C70BAE783F8652083F8672001229E
:1004700083F8A22038BD83F8A22083F867200122E8
:1004800083F86520F6E783F8A22083F8652001222F
:1004900083F86720EEE700BF4800001059070010FE
:1004A00000400F4004401200022009000880240090
:1004B000A40E0010000000104A4A4B4B11782DE9A1
:1004C000F041F9B1517804390022112917D8DFE839
:1004D00001F0090F16161616161616161616090925
:1004E000090F0F0F83F8B020012283F8AF2004E03A
:1004F00083F8AF20012283F8B020BDE8F08183F8B3
:10050000B020F2E7394F3A4A97F82B6026B191783C
:1005100083F8B0101278E8E797F83830BBB1157857
:1005200092F80180334C2378AB4203D03248142137
:100530000BF0E0FB97F832302570042B2A4C0AD8D8
:10054000013B032B0BD8DFE803F00C13232895782D
:1005500092F80380E6E71C2B24D91D2B2DD0002315
:1005600018E008F0E1FE84F8AF0084F8B050C4E76A
:1005700021480BF0D7FB30B184F8B05085F001056D
:1005800084F8AF50B9E784F8AF0084F8B000B4E75E
:100590001A4B1B7884F8AF30E7E784F8AF5084F843
:1005A000B080AAE70122053B02FA03F3D7F86025E1
:1005B000134214BF01230023ECE706F0E3F80446DE
:1005C00018B90F480A210BF09FFB0D480BF0C0FB38
:1005D000054B002808BF264683F8AF6083F8B0506B
:1005E0008BE700BF4800001000400F40A40E001031
:1005F000501D001058070010080000105629001068
:100600005407001008B5134B1A7862B15B78124A90
:10061000072B02D00D3B082B03D8012382F8203092
:1006200008BD0023FAE70D4B93F82C30012B05D0C1
:10063000022B09D0002BF3D1074AEFE708F06CFE3C
:10064000054B83F82000EBE7054B1A78024B83F843
:100650002020E5E74800001000400F40A40E0010E5
:10066000572900107047FFFF38B51E4C1E4D94F8F7
:10067000DD35003B18BF0123AB7094F8E935003B32
:1006800018BF0123EB7094F8DE35003B18BF01233F
:100690002B7094F8EA35003B18BF01236B7094F877
:1006A0002B309BB994F8383083B905F02BFF022822
:1006B00008D194F9D035002B09DA0123AB7001235E
:1006C000EB7003E005F01EFF0328F2D038BD94F86C
:1006D00041350BB10123AB7094F84A35002BF5D0AE
:1006E000EDE700BFA40E0010501D001070477047CA
:1006F000032919D1012B17D10388B2B9104AD2EDC1
:10070000007A9FED107A67EE877AFDEEE77A17EEB2
:10071000902A1A4422EAE27342F210729342A8BF6E
:1007200013461A12427003707047012A01D1064A1B
:10073000E5E7022A01D1054AE1E7DFED057AE6E7C0
:10074000381300100000C8423C1300104013001082
:1007500000000000836870B5044615469BB11A6816
:100760008A4210D019600EF0D5FA036861689B6860
:10077000984745B10DF040FC0368A1885B692A46A3
:10078000BDE87040184770BD08B50022FFF7E2FFD2
:1007900008BD08B50122FFF7DDFF08BD836870B50D
:1007A000044615469BB11A888A4210D019800EF073
:1007B000B1FA036861689B68984745B10DF01CFC6D
:1007C0000368A1885B692A46BDE87040184770BD80
:1007D00008B50022FFF7E2FF08BD08B58181FFF7E9
:1007E000F7FF08BD08B50122FFF7D8FF08BD08B51F
:1007F0008181FFF7F7FF08BD10B586B02A4B009343
:1008000000240D2168460294FFF77AFD274BB3F8C8
:10081000C435013B192B10D8DFE803F00D1D20244F
:1008200026282A2C2E32373A0F0F0F0F0F3D300F8C
:100830000F0F0F0F404310F0F9FA1D4B03930024E4
:1008400003A80E210594FFF76BFD214603A8FFF7CF
:10085000C9FF06B010BD174B1C70EEE7002001F079
:10086000B9FCEAE70720FAE70120F8E70220F6E7FB
:100870000320F4E70420F2E70520F0E70620EEE786
:1008800000216846FFF785FFD7E703F0E5FCD4E7D2
:1008900003F000FDD1E702F0CFFBCEE701F054FCFE
:1008A000CBE701F069FCC8E7AC74031AA40E001092
:1008B0008474031A48000010836870B507EE901A1C
:1008C00004461546BBB193ED007AB4EE677AF1EEBB
:1008D00010FA10D019600EF01DFA036861689B6869
:1008E000984745B10DF088FB0368A1885B692A46EB
:1008F000BDE87040184770BD08B50022FFF7DCFF67
:1009000008BD08B50122FFF7D7FF08BD30B585B097
:10091000074B019304460023154601A80393FFF7F4
:100920000FFD2A46214601A8FFF7C6FF05B030BDDE
:10093000C074031A836870B5044615469BB11A78D3
:100940008A4210D019700EF0E5F9036861689B685F
:10095000984745B10DF050FB0368A1885B692A46B2
:10096000BDE87040184770BD08B50022FFF7E2FFF0
:1009700008BD08B50122FFF7DDFF08BD2DE9F043F2
:100980005F4E604C3568BFF35B8F15F0010585B095
:1009900018D1304614F028FBA0B15B4B23604FF414
:1009A000B9712046A560FFF7BBFC584B2360626815
:1009B000574B0C2101FB023330469B681B88A381F7
:1009C00014F02EFB534D012268681C21FFF79EFF97
:1009D000E86801222521FFF799FF686901222E218D
:1009E000FFF794FFE86901225921FFF78FFF686A3A
:1009F00001224FF4B271FFF789FF47480BF0A8F9C5
:100A000000287AD1B5F89422642302EB8202B2FB6B
:100A1000F3F2A368B5F89412BBB11980A389994287
:100A200034BF5B1ACB1A9BB292B29A420DD2A1810B
:100A30000EF070F9036861689B6898470DF0DCFA66
:100A40000368A1885B69012298470DF0D5FA036815
:100A500001229B694FF4B971984718B12E4878214B
:100A60000BF052F92D4B2E4893F8208093F8A250AA
:100A700093F8656093F8677093F8AF9093F8B0407F
:100A80005FFA88F8EDB2F6B2FFB25FFA89F9E4B224
:100A90000BF048F970B323480BF044F950B3224BE4
:100AA00001931B21002301A80393FFF759FCB9F11F
:100AB000000918BF4FF00109231E18BF01235B0175
:100AC00043EA0913B8F1000F18BF43F00103003FD8
:100AD00018BF0127003E18BF012643EAC703291E9D
:100AE00043EA860318BF0121012243EA410101A81C
:100AF000FFF720FF05B0BDE8F083002289E700BFC3
:100B00005C070010600700108474031A9874031ABD
:100B10005CA2031A1C0900107007001000400F406F
:100B20000000001008000010D474031A1FB5002341
:100B3000C0E90733094AC1684362044601A801922B
:100B40000393FFF7FDFB029A054B0C2101FB0233D7
:100B50009B681B68E36204B010BD00BFC074031A39
:100B60005CA2031A08B50448FFF7E0FFBDE808409F
:100B70000248FFF7DBBF00BFB0070010740700108A
:100B800010B504460DF038FA0368A1895B6A9847EE
:100B90000DF032FA0368218A5B6A98470DF02CFA4F
:100BA000036821885B6A98470DF026FA0368A188DC
:100BB0005B6A98470DF020FA036821895B6ABDE8FB
:100BC0001040184708B50448FFF7DAFFBDE80840B1
:100BD0000248FFF7D5BF00BFB00700107407001030
:100BE0002DE9F04385B0DFF870901A4ECDF80490EF
:100BF00004460D464FF000088169CDF80C8001A82D
:100C0000FFF7AEFB029B0C2707FB03639B681B7877
:100C1000ABB16169CDF8049001A8CDF80C80FFF765
:100C20009FFB029B07FB0366B3681B78022B09D06E
:100C3000032B0BD0012B02D1E3692B44E36105B0F8
:100C4000BDE8F083236A2B442362F8E7636A2B44F0
:100C50006362F4E75CA2031AD474031A2DE9F0412D
:100C60002DED048B84B004460027DFF81C81016859
:100C7000434D039701A8CDF80480FFF761FB029B69
:100C800061680C2606FB035301A89B68039793ED4C
:100C9000009ACDF80480FFF753FB029BA16806FB86
:100CA000035301A89B680397D3ED009ACDF8048005
:100CB000FFF746FB029B216906FB035301A89B68D3
:100CC0000397D3ED008ACDF80480FFF739FBD4ED0C
:100CD000077A9FED2C6A029B94ED0B8AE168B8EECF
:100CE000677AD4ED087AF8EE677A06FB035367EE6D
:100CF000A97A9B680397E7EE097A01A8CDF80480EA
:100D000094ED097AD3ED006AB8EE477A04F134071E
:100D1000E7EE287A87EE867AA7EE268A84ED0A8A9D
:100D2000FFF70EFB01A818EE101AFFF7E5FD384695
:100D30000BF00EF8F8B14FF4167138460AF0E4FFE4
:100D4000029B94ED0C7A06FB0355AB68D3ED007A59
:100D5000B4EE677AF1EE10FA0DD0C4ED0C7A0DF016
:100D60004BF90368A1895B69012204B0BDEC048BD7
:100D7000BDE8F041184704B0BDEC048BBDE8F0813C
:100D80005CA2031A00006145C074031A10B5044642
:100D90000DF032F90368A1891B6A984788B1204693
:100DA000FFF7C4FE0AF06CFFA16B814204D0A06380
:100DB000411A2046FFF714FF2046BDE81040FFF718
:100DC0004DBF0DF019F90368218A1B6A9847002866
:100DD000E5D10DF011F9036821881B6A98470028B6
:100DE000DDD10DF009F90368A1881B6A9847002836
:100DF000D5D10DF001F9036821891B6A98470028B5
:100E0000CDD1CFE708B50448FFF7C0FFBDE80840E3
:100E10000248FFF7BBBF00BFB00700107407001007
:100E2000F0B51B4C26460FCE97B008AD0FC596E81F
:100E3000070008AE85E807000FCE0FAD0FC596E896
:100E4000070085E80700134D0FA91C2228461C3413
:100E500013F03EFE0FCC002600276E632F630FAD0C
:100E60000FC594E8070085E807000FAC0FCC01AD73
:100E70000FC594E80700084C85E807001C2201A96B
:100E8000204613F025FE6663276317B0F0BD00BF50
:100E9000E074031AB00700107407001008B5104B77
:100EA00010481978A1B10AF053FFC0B10E480EF0F6
:100EB00093FA40B10C480EF09BFA0121BDE80840BE
:100EC00008480AF021BF08480EF08FFA0421F5E720
:100ED0000AF01AFFBDE8084003480EF086BA08BDC4
:100EE00048000010EC070010A4380010DE4B93F807
:100EF0007910B3F87A00002262F3410183F8791087
:100F0000DA4983F832200840A3F87A0093F87C008D
:100F100083F8362062F3410083F87C0093F8810067
:100F200083F83A2062F3410083F8810093F88D0042
:100F300083F83E2062F3410083F88D00B3F88E0001
:100F400083F842200840A3F88E0093F8900083F8BD
:100F5000462062F3410083F8900093F8950083F8EF
:100F60004A2062F3410083F84E2083F8522083F830
:100F7000562083F85A2083F85E2083F8622083F895
:100F8000662083F86A2083F86E2083F8950093F832
:100F9000A10062F3410083F8A100B3F8A200084069
:100FA000A3F8A20093F8A40062F3410083F8A40020
:100FB00093F8A90062F3410083F8A90093F8B50003
:100FC00062F3410083F8B500B3F8B6000840A3F817
:100FD000B60093F8B80062F3410083F8B80093F8C4
:100FE000BD0062F3410083F8BD0093F8C90062F3CD
:100FF000410083F8C900B3F8CA000840A3F8CA004A
:1010000093F8CC0062F3410083F8CC0093F8D10050
:1010100062F3410083F8D10093F8DD0062F34100F0
:1010200083F8DD00B3F8DE000840A3F8DE0093F893
:10103000E00062F3410083F8E00093F8E50062F31A
:10104000410083F8E50093F8F10083F8042162F38E
:10105000410083F8F100B3F8F20083F80A2101405F
:10106000A3F8F21093F8F41083F8102162F3410111
:1010700083F8F41093F8F91083F8162162F3410114
:1010800083F8F91093F8631183F81C2162F341018E
:1010900083F8631193F8651183F8222162F341010B
:1010A00083F8651193F8671183F8282162F34101F1
:1010B00083F8671193F8691183F82E2162F34101D7
:1010C00083F8342183F83A2183F8402183F84621BC
:1010D00083F84C2183F8522183F8582183F85E214C
:1010E00083F8691193F86B1183F8732162F341015E
:1010F00083F86B1193F8DA1283F87B2162F34101D4
:1011000083F8832183F88B2183F8932183F89B2133
:1011100083F8A32183F8AB2183F8B32183F8BB21A3
:1011200083F8C32183F8CB2183F8D32183F8DB2113
:1011300083F8E32183F8EB2183F8F32183F8FB2183
:1011400083F8032283F80B2283F8132283F81B22EF
:1011500083F8232283F82B2283F8662283F87222F5
:1011600083F87E2293F8722183F8DA121AB14FF4D1
:101170008072A3F8722193F87A211AB14FF4807229
:10118000A3F87A2193F882211AB14FF48072A3F860
:10119000822193F88A211AB14FF48072A3F88A2130
:1011A00093F892211AB14FF48072A3F8922193F828
:1011B0009A211AB14FF48072A3F89A2193F8A221D0
:1011C0001AB14FF48072A3F8A22193F8AA211AB1A0
:1011D0004FF48072A3F8AA2193F8B2211AB14FF408
:1011E0008072A3F8B22193F8BA211AB14FF4807239
:1011F000A3F8BA2193F8C2211AB14FF48072A3F870
:10120000C22193F8CA211AB14FF48072A3F8CA21FF
:1012100093F8D2211AB14FF48072A3F8D22193F837
:10122000DA211AB14FF48072A3F8DA2193F8E2219F
:101230001AB14FF48072A3F8E22193F8EA211AB1AF
:101240004FF48072A3F8EA2193F8F2211AB14FF417
:101250008072A3F8F22193F8FA214AB14FF4807218
:10126000A3F8FA2104E000BF1C090010FDFDFFFFF8
:1012700093F802221AB14FF48072A3F8022293F875
:101280000A221AB14FF48072A3F80A2293F81222AC
:101290001AB14FF48072A3F8122293F81A221AB1ED
:1012A0004FF48072A3F81A2293F822221AB14FF455
:1012B0008072A3F8222293F82A221AB14FF4807286
:1012C000A3F82A22704700BFC34A38B502619722AB
:1012D0004261C24A826003220273C14A02605C22F8
:1012E00003464260BF4A8261BF4A1A62BF48D86162
:1012F00040F2E7125A62442113F04CFB0FF080FDDC
:10130000FFF7F4FDBA49BB4B0B6040F203328A8011
:10131000B949BA4C8A8003F114000860B84903F156
:10132000280008608A80B74903F13C0008608A8081
:10133000B54903F1500008608A80B44903F16400A4
:1013400008608A80B24903F1780008608A80B14958
:10135000D81C08608A80B04903F1170008608A80B1
:10136000AE4903F12B0008608A80AD4903F13F00CC
:1013700008608A80AB4903F1530008608A80AA495B
:1013800003F1670008608A80A84903F17B000860C8
:101390008A80A74903F5DD720A60A64A8A600420A4
:1013A000002208710A7303F5DF71216040F20441E5
:1013B000A180A14C03F2C3152560A1809F4C03F5C9
:1013C000E6752560A1809E4C03F5EB752560A18034
:1013D0009C4C03F5F0752560A1809B4C03F24625DB
:1013E00025609A4D2071A5602273994C03F24A251D
:1013F0002560A180974C03F24E252560964D207103
:10140000A5602273954C03F252252560A180944C6F
:1014100003F256252560934D2071A5602273924CEE
:1014200003F25A252560A180904C20719048A0605D
:1014300003F25E258F482560227303F26224733B1A
:10144000046081804FF0FF415960D9605961D961D2
:1014500059620021884CD96283F8312083F8332007
:1014600083F8352083F8372083F8392083F83B2030
:1014700083F83D2083F83F2083F8412083F8432000
:1014800083F8452083F8472083F8492083F84B20D0
:1014900083F84D2083F84F2083F8512083F85320A0
:1014A00083F8552083F8572083F8592083F85B2070
:1014B00083F85D2083F85F2083F8612083F8632040
:1014C00083F86520D3F88C50996F6C4883F86720B7
:1014D0002540C3F88C5093F8905083F86920214040
:1014E000996762F3000593F87C1083F89050B3F885
:1014F000945083F86B2062F3000183F87C10054060
:10150000B3F88010A3F89450D3F8A05083F86D205E
:101510000140A3F8801025404FF6FF71A3F8841016
:10152000A3F8981083F86F2083F8712083F8732054
:101530005A67A3F87E2083F8822083F88720C3F8B7
:101540008820A3F8922083F8962083F89B20C3F884
:101550009C20C3F8A05093F8A450A3F8AC1062F3F9
:10156000000583F8A450B3F8A850A3F8C0100540B4
:10157000A3F8A850D3F8B450A3F8D4102540C3F86A
:10158000B45093F8B850A3F8A62062F3000583F88E
:10159000B850B3F8BC5083F8AA200540A3F8BC505B
:1015A000D3F8C85083F8AF202540C3F8C85093F84B
:1015B000CC50C3F8B02062F3000583F8CC50B3F8E8
:1015C000D050A3F8BA200540A3F8D050D3F8DC508F
:1015D00083F8BE20254053E0C085031AF0070010B1
:1015E0001875031A247E031A8876031ABC0C00109F
:1015F000FC0800108F090010F40800107C0800108F
:10160000EC080010E4080010DC080010D4080010FA
:10161000CC080010C4080010BC080010B40800106A
:10162000AC080010A40800109C08001094080010DA
:101630008408001014090010740800106C080010D1
:10164000640800105C0800104C080010100900101D
:1016500044080010340800100C0900102C08001079
:101660001C080010080900101408001004080010DD
:1016700004090010FC07001000FEFEFE00FEFFFF44
:1016800083F8C320C3F8C420A3F8CE2083F8D22067
:1016900083F8D720C3F8D820C3F8DC5093F8E05083
:1016A000A3F8E81062F3000583F8E050B3F8E450C3
:1016B000A3F8FC100540A3F8E450D3F8F050A3F8C9
:1016C0000611254093F8F440A3F80C1162F30004CE
:1016D00083F8F440B3F8F840A3F812112040A3F8BF
:1016E000F800A3F81811A3F81E11A3F82411A3F809
:1016F000E22083F8E62083F8EB20C3F8EC20C3F85F
:10170000F050A3F8F62083F8FA2083F8FF20A3F81E
:10171000002183F8032183F8092183F80F2183F83E
:10172000152183F81B2183F8212183F82721A3F8B1
:101730002A11A3F83011A3F83611A3F83C11A3F82D
:101740004211A3F84811A3F84E11A3F85411A3F8BD
:101750005A11A3F8601193F8631183F82D2162F3F5
:10176000000183F8631193F8651183F8332162F364
:10177000000183F8651193F8671183F8392162F34A
:10178000000183F8671193F8691183F83F2162F330
:10179000000183F8691193F86B1183F8452162F316
:1017A000000183F86B1142F21071A3F86E1183F8F7
:1017B0004B2183F8512183F8572183F85D21A3F849
:1017C000702183F87221A3F87611A3F87E11A3F893
:1017D0008611A3F88E11A3F89611A3F89E11A3F811
:1017E000A611A3F8AE11A3F8B611A3F8BE11A3F881
:1017F000C611A3F8782183F87A21A3F8802183F811
:101800008221A3F8882183F88A21A3F8902183F804
:101810009221A3F8982183F89A21A3F8A02183F8B4
:10182000A221A3F8A82183F8AA21A3F8B02183F864
:10183000B221A3F8B82183F8BA21A3F8C02183F814
:10184000C221A3F8C82183F8CA21A3F8CE11A3F8B6
:10185000D611A3F8DE11A3F8E611A3F8EE11A3F850
:10186000F611A3F8FE11A3F80612A3F80E12A3F8BE
:101870001612A3F81E12A3F8D02183F8D221A3F8E0
:10188000D82183F8DA21A3F8E02183F8E221A3F834
:10189000E82183F8EA21A3F8F02183F8F221A3F8E4
:1018A000F82183F8FA21A3F8002283F80222A3F892
:1018B000082283F80A22A3F8102283F81222A3F840
:1018C000182283F81A22A3F8202283F82222A3F8F0
:1018D0002612A3F8282283F82A2283F82D22A3F8BF
:1018E0002E22C3F8302283F83422A3F83622C3F81C
:1018F0003822A3F83C2283F83F22A3F8402283F841
:101900004222C3F8442283F84922A3F84A2283F8EA
:101910004C22A3F84E22A3F8502283F85322A3F8B6
:10192000542283F85622C3F8582283F85D22A3F884
:101930005E2283F86022A3F86222A3F8642283F86F
:101940006822A3F86A2283F86C22A3F86E22A3F817
:10195000702283F8742293F8DA123548A3F87622BD
:1019600062F3000183F8DA124FF0FF31C3E9A022DD
:10197000C3E9A222C3E9A622C3E9A922C3E9AB2293
:10198000C3E9AF22C3E9B122C3E9B322C3E9B72255
:1019900083F87822A3F87A22A3F87C22A3F8902275
:1019A000A3F89422A3F8A222C3F8B42283F8B922A0
:1019B000A3F8BA22C3F8D42283F8D822C3E9B92203
:1019C000C3E9BB22C3E9BD22C3E9BF22C3E9C222E6
:1019D000C3E9C422C3E9C622C3E9C822C3E9CA22B3
:1019E000C3E9CD01C3E9D022C3E9D222C3E9D4229D
:1019F000C3E9D622A3F80423A3F80623C3F83023AF
:101A0000A3F83E23C3E9D822C3E9DA22C3E9DC22E2
:101A1000C3E9DE22C3E9E022C3E9E222C3E9E4220A
:101A2000C3F89813A3F89C13BDE8384001F046BAF8
:101A30000000FFFF70B5134C134E8AB0002501A8BB
:101A40000F2101960395FEF75BFC216801A8FEF7C4
:101A5000A0FE10210DEB010004960695FEF750FC48
:101A6000616804A8FEF795FE07A840F25B1107968F
:101A70000995FEF745FCA16807A8FEF78AFE0AB0A3
:101A800070BD00BFF0070010AC74031AEB4A2DE9DB
:101A9000F84FEB4CEB4EDFF8CCE30023537140F2F0
:101AA0000312A281FF2284F8B42504F5B762002155
:101AB000116004F2BC520120116040F20112A4F83E
:101AC000402504F2D4524FF0200C116004F5BB62A3
:101AD0004FF48075116004F2445284F804C0116020
:101AE00004F24C522060116004F5BC62C4F8C035A9
:101AF000116004F2E452A4F8C435116004F2EC520F
:101B00002375116004F5BE62C4F8C835116004F293
:101B10005452C4F8CC351160CB4AA4F8D03584F8BF
:101B2000D235A4F8DC3584F8DE3584F84A0584F82B
:101B30005035A4F8E83584F8EA35A4F84855A26190
:101B4000C24AE2614FF07F5222626262C04A20863E
:101B5000C4E90A20BF4A6263BF4A84F83230C4E94C
:101B600010624FF01E12C4E912E240F21322A4F8F0
:101B7000682004F204624FF080476FF0FF086FF0B6
:101B8000FE061160C4E91553C4E9183384F83830EF
:101B9000A4F8503084F8523084F8F43584F8533087
:101BA000A4F85C3084F85E30A4F8F63584F8F83593
:101BB000A4F8FA3584F8FC35A4F8FE3584F800362C
:101BC0006FF0FD09E763C4F80806C4E91F866FF0EB
:101BD000FC06C4E921966FF0FB0A6FF0FA06C4E92F
:101BE00023A66FF0F90B6FF0F806C4E925B66FF085
:101BF000F70E6FF0F606C4E927E66FF0F5086FF010
:101C0000F406C4E929866FF0F3096FF0F206C4E91F
:101C10002B96924ADFF85082DFF850B2DFF85092EC
:101C200022676FF0F10A6FF0F0064FF0FF32C4E95F
:101C30002DA6DFF840A2E1660A26C4E92F22C4E9F6
:101C40003122C4E93322A4F87430C4F80C36C4F845
:101C50001026C4F81436C4F81836C4F85805A3671B
:101C6000C4E9352284F820614FF49676C4E937221E
:101C7000C4E93922C4E93B22C4E93D22C4E93F2238
:101C8000C4E94122C4E9469884F80C31C4F85C35B3
:101C9000C4F86035C4F86425C4F86825C4F86C2518
:101CA000C4F87025C4F87425C4F87825C4F87C35C8
:101CB000C4F88035C4F88435C4F88835C4F88C3548
:101CC000C4F89035C4E944BAC4F89435C4E949630A
:101CD00004F20446DFF8A0E1C4F89835C4E94B33B8
:101CE000C4E94D33C4E94F33C4E95133C4E9533334
:101CF000C4E95533C4E95733C4E95933C4E95B3304
:101D0000C4E95D33C4E95F33C4E96133C4E96333D3
:101D1000C4E96533A4F82221C4E96733C4E969330F
:101D2000C4E96B33C4E96D33C4E96F33C4E971337B
:101D3000C4E97333C4E97533C4E97733C4E979334B
:101D4000C4E97B33C4E97D33C4E97F33C4E981331B
:101D5000C4E98333C4E98533C4E98733C4E98933EB
:101D6000C4E98B33C4E98D33C4E98F33C4E99133BB
:101D7000C4E99333C4E99533C4E99733C4E999338B
:101D8000C4E99B33C4E99D33C4E99F33C4E9A1335B
:101D9000C4E9A333C4E9A533C4E9A733C4E9A9332B
:101DA000C4E9AB33C4E9AD33C4E9AF33C4E9B133FB
:101DB000C4E9B333C4E9B533C4E9B733C4E9B933CB
:101DC000C4E9BB33C4E9BD33C4E9BF33C4E9C1339B
:101DD000C4E9C333C4E9C533C4E9C733C4E9C9336B
:101DE000C4E9CB33C4E9CD33C4E9CF33C4E9D1333B
:101DF000C4E9D333C4E9D533C4E9D733C4E9D9330B
:101E0000C4E9DD22C4E9DF22C4E9E133C4E9E333F4
:101E1000C4E9E533C4E9E733C4F86C3384F87033BC
:101E200084F81C36C4E9E933C6F800E004F581669D
:101E3000DFF848E0C6F800E0094E21E0602C001011
:101E4000A40E00100400B4000000C8410000A84126
:101E500000010100000040402C01B004000102001C
:101E60003C006009B4002C010C0D0E0F00010203B0
:101E700008090A0B04050607000070420000A04094
:101E8000DFF894E2C4F80C640526C4E9EB33C4E936
:101E9000ED33C4E9EF33C4E9F133C4E9F333C4E902
:101EA000F533C4E9F733C4E9F933C4E9FB33C4E9D2
:101EB000FD33C4F8FC33C4F80034C4F8106484F86B
:101EC0001434C4F81834C4F81C34C4F82034C4F8EA
:101ED0002434C4F82834C4F82C34C4F840E404F2A0
:101EE0009C5E47F27336CEF8001004F5B46EA4F889
:101EF0003464CEF8001004F24C4E04F22466CEF89E
:101F0000001004F58A6E3160CEF8001004F2544ED1
:101F100004F22C66CEF8001004F58B6E3160CEF81A
:101F2000001004F25C4E04F5C766CEF8001004F50C
:101F30008C6E3160CEF800104FF6FF764FF00F0E2A
:101F4000C4F83034C4F82036C4F82836C4F8303623
:101F5000A4F83436C4F83C36C4F84036C4F84436E5
:101F6000C4F83834C4F8483684F84C36C4F84434DD
:101F7000A4F8483484F84A34C4F8A435C4F8A83521
:101F8000C4F8AC35C4F8B035C4F83C64A4F864E4D3
:101F9000C4F8888408F10438C4F88C8408F1043843
:101FA000C4F8908404F29448F7EE007AC8F8001060
:101FB00004F5CA6E04F59368CEED007A04F2546E0F
:101FC000CEED007AC8F8001004F58D6E04F29C483E
:101FD000CEF80010C8F800100421C4F8AC14082191
:101FE000C4F8B01410214FF47F0EC4F8B41440218B
:101FF000C4F86CE4C4F8BC144FF0020E802184F8DD
:1020000070E4C4F8A8E4C4F8B8C484F86634C4F82A
:102010005826C4F85C26C4F86026C4F86426C4F8C0
:102020006836C4F86C36A4F87036C4F87434C4F852
:102030007834C4F8A034C4F8A404C4F87CB4C4F858
:1020400080A4C4F88494C4F8C0144FF40071C4F898
:10205000C8144FF48061C4F8CC144FF40061C4F884
:10206000D0144FF48051C4F8D4144FF40051C4F884
:10207000D8144FF48041C4F8DC144FF40041C4F884
:10208000E01404F20C5184F8E434C4F8E834C4F8E1
:10209000EC34C4F8F034C4F8F434C4F8F834C4F8B8
:1020A000FC34C4F80035C4F80435A4F8083584F8C5
:1020B0001035C4F87436A4F81235C4F81435A4F8F1
:1020C000183584F81A35134B0F60A4F87826C4F835
:1020D0001C25C4F82025C4F82425C4F82825C4F8F4
:1020E0002C25C4F8C45484F87A66C4F83025A3605B
:1020F000C4F83425C4F83825C4F83C250FF024FC76
:10210000436884F8B4350FF01FFC03682361BDE811
:10211000F88F00BF000011020064000570B546682A
:102120000D460446FEF70CF9AE4209D0A3683BB158
:102130006268044B0C2101FB02339B681B68E3605F
:1021400070BD00BF5CA2031A094BD3F87426094B7B
:102150009A4210B50BD10CF0DDFD03689B699847DE
:1021600010F031F90368BDE81040DB6A184710BD74
:10217000A40E0010C6D7E8F9144BF7B5D3F87426AF
:10218000134B9A4211D110F013F911F033F8036890
:102190000024DB680194054698470646B44206D100
:1021A00010F011F90368DB6A984703B0F0BD2B68A3
:1021B000214601AA1F6828460123B84710F003F9F9
:1021C00003685B6998470134E8E700BFA40E00107C
:1021D000D4C3B2A1034B01225870782102481A706F
:1021E00009F092BD48000010481D0010024A00236B
:1021F0001370024A1360704748000010481D001019
:10220000FEF732BAF8B5A74DA74B95F83820002A4B
:1022100000F045811F785E78A44C02F025FC000296
:10222000B4F8983240F0280080B27F427642FFB284
:10223000F6B283424FEA07274FEA06260BD0A4F8EE
:1022400098024FF4B57102200EF060FB4FF4B571A7
:1022500004200EF04FFBB4F89A32BB420BD040F290
:102260006B110220A4F89A720EF050FB40F26B1131
:1022700004200EF03FFBB4F89C32B3420BD04FF475
:10228000B6710220A4F89C620EF040FB4FF4B671C8
:1022900004200EF02FFBB5F83C34B4F806219A4226
:1022A00009D0B5210220A4F806310EF02FFBB5218C
:1022B00004200EF01FFBB5F83C34B4F80C219A4210
:1022C00009D0B6210220A4F80C310EF01FFBB62174
:1022D00004200EF00FFBB5F83C34B4F812219A42FA
:1022E00009D0B7210220A4F812310EF00FFBB7215C
:1022F00004200EF0FFFAB5F83C34B4F818219A42E5
:1023000009D0B8210220A4F818310EF0FFFAB82144
:1023100004200EF0EFFAB5F83C34B4F81E219A42CE
:1023200009D0B9210220A4F81E310EF0EFFAB9212C
:1023300004200EF0DFFAB5F83C34B4F824219A42B8
:1023400009D0BA210220A4F824310EF0DFFABA2114
:1023500004200EF0CFFAB5F83C34B4F82A219A42A2
:1023600009D0BB210220A4F82A310EF0CFFABB21FC
:1023700004200EF0BFFAB5F83C34B4F830219A428C
:1023800009D0BC210220A4F830310EF0BFFABC21E4
:1023900004200EF0AFFAB5F83C34B4F836219A4276
:1023A00009D0BD210220A4F836310EF0AFFABD21CC
:1023B00004200EF09FFAB5F83C34B4F83C219A4260
:1023C00009D0BE210220A4F83C310EF09FFABE21B4
:1023D00004200EF08FFAB5F83C34B4F842219A424A
:1023E00009D0BF210220A4F842310EF08FFABF219C
:1023F00004200EF07FFAB5F83C34B4F848219A4234
:1024000009D0C0210220A4F848310EF07FFAC02183
:1024100004200EF06FFAB5F83C34B4F84E219A421D
:1024200009D0C1210220A4F84E310EF06FFAC1216B
:1024300004200EF05FFAB5F83C34B4F854219A4207
:1024400009D0C2210220A4F854310EF05FFAC22153
:1024500004200EF04FFAB5F83C34B4F85A219A42F1
:1024600009D0C3210220A4F85A310EF04FFAC3213B
:1024700004200EF03FFAB5F83C34B4F860219A42DB
:1024800009D0C4210220A4F860310EF03FFAC42123
:1024900004200EF02FFABDE8F840FEF76FBA9F78DF
:1024A000DE78B9E6A40E0010501D00101C090010C3
:1024B0000F4B93F84025027093F84925427093F82A
:1024C0004825827093F85025C27093F84125027117
:1024D00093F84A25427103F244521268826003F273
:1024E0004C5203F2545312681B68C2600361704778
:1024F000A40E0010114B93F85520EAB9027883F826
:102500004025427883F84925827883F84825C278A7
:1025100083F85025027983F84125427983F84A25CA
:1025200003F244528168116003F24C52C168116099
:1025300003F2545302691A60704700BFA40E0010E2
:1025400008B5064809F004FC38B104480A2109F02E
:10255000DBFBBDE80840FFF76DBA08BD4400001082
:10256000084B1B78DA0707D5074B1B78DB0706D427
:10257000064B93F8143413B1054809F0E9BB002069
:10258000704700BF5500001054000010A40E00104A
:10259000500000100C4B93F83E241AB1022A03D0CD
:1025A00000207047FFF7DCBF084A92F86521D10789
:1025B00007D5074A1278D207F2D493F81434002BC7
:1025C000EED0044809F0C4BBA40E00101C09001092
:1025D000540000104C00001018B1012803D0002056
:1025E0007047FFF7BDBFFFF7D5BFFFFF68B10128F8
:1025F00009D1074B93F83E343BB1064A0648022BFB
:1026000018BF10467047034870470448704700BF22
:10261000A40E00104A000010810A0010550000109E
:1026200018B1012806D001207047044B187800F03B
:1026300001007047024B93F86501F8E75500001060
:102640001C090010FDF7B2BEFEF7D6B8094B10B555
:102650000360002304468360FDF772FE064B23608F
:102660006268064B0C2101FB023320469B681B6805
:10267000E36010BDC074031A34BA031A5CA2031AD3
:1026800070B51D46836807EE901A06EE902A044640
:102690000BB3196090ED037AB4EEE77AF1EE10FA1D
:1026A000CCBF37EE677A37EEC77AB4EEE67AF1EE52
:1026B00010FA10DDC1600CF02DFB036861689B68A7
:1026C000984745B90BF098FC0368A1885B69BDE8A1
:1026D00070400122184770BD10B5134C2368BFF33A
:1026E0005B8FDB070AD4204612F07EFC30B10F4826
:1026F0000B21FFF7ABFF204612F092FC0FF058FEC3
:1027000010F066F907EE900A9FED097A0748F8EE97
:10271000677A0023C7EE877A4FF07E5217EE901A41
:10272000FFF7AEFF10BD00BF341D0010381D0010B4
:102730000000204210B50E4C2368BFF35B8FDB070F
:102740000AD4204612F050FC30B10A480C21FFF7A1
:102750007DFF204612F064FC0FF02AFE10F054FBBF
:10276000054A014600230348FFF78AFF10BD00BF5A
:10277000201D0010241D0010CDCC4C3E08B507488C
:1027800009F0E6FA48B10548052109F0BDFAFFF75E
:10279000A3FFBDE80840FFF7CDBF08BD4C1D0010EA
:1027A0002DE9F04F8BB07823C64C03932368DFF8F4
:1027B0005083BFF35B8F13F0010F0AD1204612F054
:1027C00013FC30B109F056FAC8F80000204612F0A8
:1027D00027FCDFF830A3DFF830939AF80030BA4FC7
:1027E000DFF828B36FF341038AF8003099F800301E
:1027F0006FF3410389F800303B786FF341033B707E
:102800009BF800306FF341038BF8003007F0FEFDBA
:10281000002800F09C810120AC4BAD4E187096F85A
:10282000293096F8D155AB4C012B40F0988105F03A
:1028300001003B7803F0010282421EBF60F30003F7
:1028400043F002033B7096F82930022B40F095814B
:1028500005F001009BF8003003F0010282421EBF28
:1028600060F3000343F002038BF8003096F82A303F
:10287000012B40F09081C5F3400099F8003003F03F
:10288000010282421EBF60F3000343F0020389F895
:10289000003099F80030D9070AD53B78DA0702D41E
:1028A00096F8143423B9B6F84C108B4809F02CFA7A
:1028B00094F86531DB070AD53B78D80702D496F83F
:1028C000143423B9B6F84C10844809F01DFA96F870
:1028D0002A30022B40F07F8103A809F039FA002842
:1028E00000F03482C5F340059AF800309BF800B040
:1028F00003F00102AA421EBF65F3000343F0020386
:102900008AF800303B7803F0010599F80030012087
:1029100003F001030193FFF769FE019B027894F82D
:10292000040145EA43030BF0010BC2F3000200214E
:1029300043EA8B036FF3070143EAC20303F00F037B
:1029400021F00F02134394F80A2163F30701920068
:10295000D6F8083642EA40021A4394F81031387823
:1029600042EAC30294F8163142EA031296F82A307A
:102970005B4E022B02BF9AF80030C3F3400342EAD9
:10298000431299F80030C3F34003C0F34000DB0169
:1029900043EA801394F81C0143EA002394F82201CF
:1029A00043EA402394F8280143EA802394F82E0157
:1029B00043EAC02394F8340143EA003394F83A011F
:1029C00043EA403394F8400143EA803394F84601E7
:1029D00043EAC03394F84C0143EA004394F85201AF
:1029E00043EA404394F8580143EA804394F85E0177
:1029F00043EAC04394F86501C0F3400043EA005441
:102A00000027384B0793CDB207A8492114430997F3
:102A1000FDF7A6FC0122294607A8FDF78BFF5D21E3
:102A200007A807960997FDF76BFC0122214607A826
:102A3000FDF790FE0D2104A804960697FDF760FCB3
:102A4000059A294B0C2101FB02339B681C6809F095
:102A500011F9D8F80030C01AA04207D909F00AF9D4
:102A6000D8F80010411A04A8FDF793FE09F002F906
:102A70001E4CC8F8000023681D4D1E4FBFF35B8F2E
:102A800013F0010F08D1204612F0AEFA20B1BB7A44
:102A90002B70204612F0C4FA174BBF7A1A78174CE5
:102AA000002A00F0558100221A708FB30C20FFF726
:102AB00091FB237863B32B7853BB60780B2800F22B
:102AC000538125E0181D001054000010541D001003
:102AD000A40E00101C090010500000104C00001043
:102AE000AC74031AD474031A5CA2031A101D0010EC
:102AF000141D0010D43800104000001048000010D1
:102B00001C1D0010561D001055000010551D001012
:102B100023782F7093B16378062B0FD1002340F2F6
:102B2000611107A809930796FDF7EAFB0FF040FC37
:102B30000FF0B0FF014607A8FDF72BFE8E4809F005
:102B400007F908B1FFF752FB0BB0BDE8F08F02F0B8
:102B5000FFFA00287FF45FAE00F08EFC5CE694F88C
:102B6000690110F001003FF464AEE12140200DF056
:102B700029FF80F00100C0B25BE694F86B0110F011
:102B800001003FF467AEE32140200DF01BFF80F011
:102B90000100C0B25EE694F86331DA0711D594F80B
:102BA0006531DB0704D4DE2140200DF00BFF70B14E
:102BB00094F86731D8070CD4DF2140200DF002FFD4
:102BC0005BE6DD2140200DF0FDFE0028E7D100206E
:102BD00053E6012051E6B6F81A5496F85E3094F8A0
:102BE00003212D0185F47F2583F0F00385F47F65B3
:102BF00045EA13152BB2ADB2002A40F0998094F843
:102C000009313BB1A62140200DF0DCFE10B9AA0726
:102C100000F19A8094F80F313BB1A72140200DF0CC
:102C2000D1FE10B96B0700F18F8094F815313BB1DC
:102C3000A82140200DF0C6FE10B9280700F18480BD
:102C400094F81B3133B1A92140200DF0BBFE08B927
:102C5000E90679D494F8213133B1AA2140200DF04E
:102C6000B1FE08B9AA066FD494F8273133B1AB216D
:102C700040200DF0A7FE08B96B0665D494F82D31FD
:102C800033B1AC2140200DF09DFE08B928065BD47D
:102C900094F8333133B1AD2140200DF093FE08B9E3
:102CA000E90551D494F8393133B1AE2140200DF00B
:102CB00089FE08B9AA0547D494F83F3133B1AF2152
:102CC00040200DF07FFE08B96B053DD494F84531E6
:102CD00033B1B02140200DF075FE08B9280533D47A
:102CE00094F84B3133B1B12140200DF06BFE08B99F
:102CF000E90429D494F8513133B1B22140200DF0C8
:102D000061FE08B9AA041FD494F8573133B1B32136
:102D100040200DF057FE08B96B0415D494F85D31CE
:102D2000A3B1B42140200DF04DFE78B9ED0BDBE5E9
:102D3000A521402001930DF045FE00287FF45FAFF0
:102D4000019BD9077FF55BAF0125CDE50025CBE5DC
:102D50002378002B3FF4DCAE2B78002B7FF4D8AE29
:102D6000002F7FF4AAAED3E614289ABF0130C0B278
:102D70000C20FFF72FFACBE6481D00101FB50D4AB7
:102D80000D4B947A9B7A44EA43040C4B93F8283019
:102D9000E4B25C400A4B019301A80023172103937E
:102DA000FDF7DEFA0122214601A8FDF7C3FD04B0BC
:102DB00010BD00BFEC380010E0380010A40E001069
:102DC000D474031A08B5FFF7D9FCFFF7D7FFFDF756
:102DD00019FCFDF747FCFDF7F7FAFDF76DFBFDF772
:102DE00085FCBDE80840FDF782BC08B5C160FDF771
:102DF00083FD08BD08B5C160FDF783FD08BDFFFF79
:102E000070B52C4D2C4CB5F82631B4F880229A427E
:102E10000BD04FF4AC710220A4F880320DF076FD97
:102E20004FF4AC7104200DF065FD0BF0E5F803687C
:102E3000DB6C984706460BF0DFF803685B6C98473D
:102E4000B4F8823240EA062080B283420BD0A4F864
:102E5000820240F2591102200DF058FD40F2591142
:102E600004200DF047FDB5F85E35B4F88A229A4289
:102E70000BD040F25D110220A4F88A320DF046FD1D
:102E800040F25D1104200DF035FDB5F85C35B4F865
:102E900088229A420DD04FF4AE710220A4F88832F5
:102EA0000DF034FDBDE870404FF4AE7104200DF01C
:102EB00021BD70BDA40E00101C09001010B5FFF755
:102EC0009FFF064B064800240F211C7008F01CFFD2
:102ED000044BC3F88C42A3F8904210BD571D00105C
:102EE000581D00101C09001070B540F257112DED4F
:102EF000028B20200DF066FD30B1FFF7DFFF40F2BE
:102F0000571120200DF0F6FC444808F021FF10B1C5
:102F1000434B01221A70434C434DB4F88462012E96
:102F20006CD13F4B1B78002B68D0FFF769FFB4F8DA
:102F30008632012B0BD040F25B110220A4F886628E
:102F40000DF0E4FC40F25B1104200DF0D3FC95F889
:102F5000542095F83830D20042EA031295F8313007
:102F6000134395F8532043EA82032A7D43EA420340
:102F7000B4F88C229A420BD04FF4B2710220A4F81C
:102F80008C320DF0C3FC4FF4B27104200DF0B2FC92
:102F9000264B9FED278AD3ED007AB4F88E2267EE98
:102FA000887AFCEEE77A17EE903A9BB29A420BD001
:102FB00040F265110220A4F88E320DF0A7FC40F219
:102FC000651104200DF096FC1A4BB4F89022D3ED55
:102FD000007A67EE887AFCEEE77A17EE903A9BB2B9
:102FE0009A420BD04FF4B3710220A4F890320DF046
:102FF0008DFC4FF4B37104200DF07CFC95F9D035B5
:10300000002B05DABDEC028BBDE870400DF07ABFF5
:10301000BDEC028BBDE870400DF06EBF581D001076
:10302000571D00101C090010A40E00108814001079
:103030000000C8427C1400107FB50BF06BFE194EE7
:10304000036831681B6A9847174B04781D68174B53
:1030500001930134E4B20023932101A844EA052539
:103060000393FDF74DF90122294601A8FDF772FBF4
:103070003368B3F5FE7F12D80BF04CFE036831685D
:103080001B6A98470378A34209D004700BF042FEF4
:10309000036831689B6804B0BDE87040184704B00D
:1030A00070BD00BF74290010602C0010AC74031AAE
:1030B0007047FFFF08B5074808F034FE064808F0DF
:1030C00031FE064808F02EFEBDE80840044808F02E
:1030D00029BE00BF4C1E00100C1E0010CC1D00109D
:1030E0008C1D001010B504460AF086FF0368618845
:1030F0005B6ABDE81040184708B50948FFF7F2FFC2
:103100000848FFF7EFFF0848FFF7ECFF0748FFF715
:10311000E9FFBDE808404FF4BD7120200DF0EABB87
:103120001C1E0010DC1D00109C1D00105C1D0010FA
:1031300010B53C210446084408F0E6FD04F13800CF
:103140000421BDE8104008F0DFBDFFFF2DE9F0418C
:103150001546164A164F43600026C0E90862069BD2
:1031600083604FF00C0808FB05738261C6629B68A0
:1031700003610446018045801830FDF7C1F82946F7
:1031800004F12400FDF7BCF8E369267508FB03771A
:103190003146BB681B68E36004F1300008F0AAFD0B
:1031A0002046FFF7C5FF2046BDE8F081AC74031A46
:1031B0005CA2031A37B58168044604200DF002FCB6
:1031C00008B304F13005284608F0ACFDD8B1237DE2
:1031D000072B6CD8DFE803F0040C19293343596935
:1031E00001232046237503B0BDE83040FFF7A0BFA0
:1031F00004216FF08073A26801930DEB01000DF0C4
:1032000025FE0223237503B030BD04214FF0FF33A8
:103210000DEB0100A26801930DF018FE41F27071F0
:10322000284608F067FD0323ECE704210023A26889
:1032300001930DEB01000DF009FE0423E2E70421E8
:103240004FF0FF330DEB0100A26801930DF0FEFD7E
:1032500041F27071284608F04DFD0523D2E7E2697E
:10326000144B0C2101FB023304219B68A2681B68EC
:1032700001930DEB01000DF00FFE60680DF034FEC0
:103280000368019A1A700623BCE704214FF0FF334C
:103290000DEB0100A26801930DF0D8FD41F6583105
:1032A000284608F027FD0723ACE70823AAE70023F8
:1032B000A8E700BF5CA2031A37B504460AF09CFEDB
:1032C000036861881B6A984720B1A26820690421BD
:1032D0000DF0BCFDA16804200DF074FBA0B12369C2
:1032E0001B68013310D004210DEB0100A2684FF0E0
:1032F000FF3501950DF0AAFD04F124002946FDF7E4
:1033000048FA2046FFF714FF60680DF0EDFD0368F2
:1033100004F1380504F118001968FDF735FA28465C
:1033200008F016FD30B304F13C0008F011FDD8B1EF
:103330000421284608F0E8FCE2690F4B0C2101FB50
:103340000233E2689B681B689A4213D0E3600AF07C
:1033500053FE226A03685B694AB1E169012289B2BE
:1033600003B0BDE8304018474FF41671E1E74FF065
:10337000FF31F3E703B030BD5CA2031A037D082BD5
:1033800001D1FFF799BFFFF715BFFFFF08B54FF455
:10339000BD7120200DF016FB48B10C4A00231375B7
:1033A0000B4A13750B4A13750B4A137508BD074872
:1033B000FFF7E4FF0648FFF7E1FF0648FFF7DEFFEF
:1033C000BDE808400448FFF7D9BF00BF1C1E00102D
:1033D000DC1D00109C1D00105C1D001007B54FF493
:1033E000BE7300934FF4CF7240F27B134FF4CD7154
:1033F0001448FFF7ABFE4FF4BF73009340F29F12E7
:1034000040F27D1340F29B110F48FFF79FFE4FF4EF
:10341000C07300934FF4D07240F27F134FF4CE711B
:103420000A48FFF793FE4FF4C173009340F2A112D4
:1034300040F2811340F29D110548FFF787FE03B06B
:103440005DF804FB1C1E0010DC1D00109C1D00100C
:103450005C1D0010054B1B888B4206D9044B416054
:103460000C2202FB01339B688360704754A2031A4D
:103470005CA2031A70477047044B587800225A70B8
:1034800010B9034B58785A70704700BFE01F001006
:103490005C1E001000228260026182610262826210
:1034A00002638263026482640265826502668266E8
:1034B00002678267C0F88020C0F88820C0F890209A
:1034C000C0F89820C0F8A020C0F8A820C0F8B0200C
:1034D000C0F8B820C0F8C020C0F8C820C0F8D0207C
:1034E000C0F8D820C0F8E020C0F8E820C0F8F020EC
:1034F000C0F8F820C0F80021C0F80821C0F8102159
:10350000C0F81821C0F82021C0F82821C0F83021C7
:10351000C0F83821C0F84021C0F84821C0F8502137
:10352000C0F85821C0F86021C0F86821C0F87021A7
:10353000C0F87821C0F88021017042707047FFFF09
:103540007FB501294FF01D024FF02603CDE901237D
:1035500015D806AB03EB81010A4B51F8141C0393F9
:1035600003A800230593FFF775FF074B049A0C216E
:1035700001FB02339B68187807B05DF804FB01205B
:10358000FAE700BF48BA031A5CA2031A38B5084626
:1035900014460D4603F0A6FC642C28BF6424642264
:1035A00010FB02F3FF22B3FBF2F314FA83F39BB296
:1035B000642B28BF6423034A2846D15CBDE8384009
:1035C00003F084BC54BA031A38B5084615460C46B5
:1035D00003F088FC642D4FF0640310FB03F34FF0FD
:1035E000FF02B3FBF2F32A469BB228BF64229A4241
:1035F0003ABF9B1A9BB20023034A2046D15CBDE828
:10360000384003F063BC00BF54BA031A10B5044637
:10361000084621600DF068FC606010BD38B50D46AD
:10362000044609680430FFF7F1FF696804F10C00F3
:10363000FFF7ECFFA96804F11400FFF7E7FFE96862
:1036400004F11C00FFF7E2FF296904F12400FFF7F1
:10365000DDFF696904F12C00FFF7D8FFA8696063FA
:103660000DF042FCA063E869E0630DF03DFC2064CE
:10367000286A60640DF038FC696AA06404F15C009B
:10368000FFF7C4FFA96A04F16400FFF7BFFFE96A0E
:1036900004F16C00FFF7BAFF296B04F17400FFF727
:1036A000B5FF696B04F17C00FFF7B0FFA96B04F173
:1036B0008400FFF7ABFFE96B04F14C00FFF7A6FFB6
:1036C000296C04F15400FFF7A1FF696C04F18C0030
:1036D000FFF79CFFA96C04F19400FFF797FFE96CDA
:1036E00004F19C00FFF792FF296D04F1A400FFF79D
:1036F0008DFF696D04F1AC00FFF788FFA96D04F13F
:10370000B400FFF783FFE96D04F1BC00FFF77EFF13
:10371000296E04F1C400FFF779FF696E04F1CC0053
:10372000FFF774FFA96E04F1D400FFF76FFFE96E95
:1037300004F1DC00FFF76AFF296F04F1E400FFF7F2
:1037400065FF696F04F1EC00FFF760FFA96F04F1FA
:10375000F400FFF75BFFE96F04F1FC00FFF756FF91
:10376000D5F8801004F58270FFF750FFD5F884106B
:1037700004F58670FFF74AFFD5F8881004F58A70C3
:10378000FFF744FFD5F88C1004F58E70FFF73EFF6D
:10379000D5F8901004F59270FFF738FFD5F8941023
:1037A00004F59670FFF732FFD5F8981004F59A707B
:1037B000FFF72CFFD5F89C1004F59E70FFF726FF4D
:1037C000D5F8A01004F5A270FFF720FFD5F8A410DB
:1037D00004F5A670FFF71AFFD5F8A81004F5AA7033
:1037E000FFF714FFD5F8AC1004F5AE70FFF70EFF2D
:1037F000D5F8B01004F5B270FFF708FFD5F8B41093
:1038000004F5B670FFF702FFD5F8B81004F5BA70EA
:10381000FFF7FCFED5F8BC1004F5BE70FFF7F6FE0E
:1038200038BDFFFF08B505490548FFF7F7FEBDE8BD
:10383000084004490448FFF7F1BE00BF7CBB031AEF
:10384000E01F0010BCBA031A5C1E001043683BB1B5
:103850001A888A4204D01980016802200DF056B8F7
:10386000704743683BB11A788A4204D019700168E6
:1038700002200DF04BB87047836870B504461546BA
:103880009BB11A788A4210D019700BF043FA036882
:1038900061689B68984745B10AF0AEFB0368A18850
:1038A0005B692A46BDE87040184770BD08B5002224
:1038B000FFF7E2FF08BD08B50122FFF7DDFF08BDF5
:1038C0007FB501294FF01D024FF02603CDE90123FA
:1038D00017D806AB03EB81010B4B51F8141C039373
:1038E00003A800230593FFF7B5FD084B049A0C21AC
:1038F00001FB023303A89B68197881F00101FFF7EF
:10390000DAFF07B05DF804FB48BA031A5CA2031A99
:103910001FB5124B93F871208A421DD093F8723074
:103920008B4217D101240E4B019340F23511002335
:1039300001A80393FCF714FD029A0A4B0C2101FB2A
:10394000023301A89A6801231178A3405940C9B2F3
:10395000FDF70FF804B010BD0024E4E7A40E00103A
:10396000D474031A5CA2031A70B52A238AB02122E8
:10397000CDE900231E2027230129CDE9020323D806
:103980000AAB03EB8101184D51F8206C51F8281C4B
:103990000495002404A80694FCF7E2FC314607A82D
:1039A00007950994FCF7DCFC104B089A0C2101FBED
:1039B0000232926812784AB1214607A8FCF7D9FF73
:1039C000012104A8FCF7D5FF0AB070BD059A01FBE0
:1039D00002339B681978022902D80131C9B2F0E795
:1039E000012107A8EEE700BFD474031A5CA2031AF2
:1039F0002DE9F0430521044687B040200CF0E2FF9A
:103A0000D74D261D002800F0E48100213046FFF745
:103A10001DFF062140200CF0D5FF04F10C06002804
:103A200000F0DE8100213046FFF710FF0721402023
:103A30000CF0C8FF04F11406002800F0D881002122
:103A40003046FFF703FF0021002007F05DFE002154
:103A5000012007F059FE0021022007F055FE00204A
:103A600007F0BAFD297D01F0ABFB014604F11C0013
:103A7000FFF7ECFE012007F0AFFD297D01F0A0FB70
:103A8000014604F12400FFF7E1FE022007F0A4FD47
:103A9000297D01F095FB014604F12C00FFF7D6FECD
:103AA000D5F810345A0704F1340004F13C0804F14D
:103AB000440740F1A3810021FFF7D3FE00214046D7
:103AC000FFF7CFFE00213846FFF7CBFE95F8716077
:103AD000012E00F0B281022E00F0B681002E40F0DF
:103AE000BA8195F87033374603F0010395F87220D8
:103AF000012A00F0B381022A00F0B5811AB995F8C5
:103B00007033C3F3400395F8401504F15C0041EABB
:103B100043014FEA4309FFF799FE95F8491504F16F
:103B2000640041EA4701FFF791FE710004F16C0067
:103B3000FFF78CFE0020FEF74FFD03464FEA4708D3
:103B400004F17400002B40F0938195F8403553EA5E
:103B5000090300F08D8195F8411595F8483543EA41
:103B60000121FFF773FE0120FEF736FD034604F145
:103B70007C00002B40F07E8195F8493553EA08031C
:103B800000F0788195F84A1595F8503543EA0121FF
:103B9000FFF75CFE4FF6FF7104F5B670FFF756FEB7
:103BA0004FF6FF7104F5BA70FFF750FE4FF6FF7144
:103BB00004F5BE70FFF74AFE0020FEF717FD0678F9
:103BC0000120FEF713FD0378F643DB4303F0010306
:103BD00006F0010646EA4306624B1B78DB0754BF3A
:103BE00095F81414002104F18C0701EB41013143D5
:103BF0003846FFF72BFEB5F8601504F19400FFF787
:103C000025FEB5F8621504F19C00FFF71FFE95F83C
:103C1000641504F1A400FFF719FE95F8651504F189
:103C2000AC00FFF713FE95F8661504F1B400FFF73A
:103C30000DFE95F8671504F1BC00FFF707FE95F837
:103C4000681504F1C400FFF701FE95F8691504F149
:103C5000CC00FFF7FBFD95F86A1504F1D400FFF7DF
:103C6000F5FD95F86B1504F1DC00FFF7EFFD95F815
:103C70006C1504F1E400FFF7E9FD95F86D1504F10A
:103C8000EC00FFF7E3FD95F86E1504F1F400FFF783
:103C9000DDFD95F86F1504F1FC00FFF7D7FD95F8F1
:103CA000701504F58270FFF7D1FD95F8711504F5D4
:103CB0008670FFF7CBFD95F8721504F58A70FFF753
:103CC000C5FD95F8731504F58E70FFF7BFFD95F8E7
:103CD000741504F59270FFF7B9FD95F8751504F5A4
:103CE0009670FFF7B3FD95F8761504F59A70FFF717
:103CF000ADFD95F8771504F59E70FFF7A7FD95F8D3
:103D0000781504F5A270FFF7A1FD95F8791504F573
:103D1000A670FFF79BFD95F87A1504F5AA70FFF7DA
:103D200095FD95F87B1504F5AE70FFF78FFD2B7DA3
:103D300095F8311004F5B27043EA4101FFF786FDB2
:103D4000E06C0DF0D1F895F854200388ADF80A30F6
:103D500052B995F85320002A00F08E8004E000BF8D
:103D6000A40E0010540000100023ADF80A30606D5E
:103D70000DF0BAF895F854200388ADF80A30002AFF
:103D800040F0F280002B00F0EF8002220DF10A01DA
:103D900002A810F09DFE9DF80830002B00F0E08096
:103DA000013B122B00F2DA80DFE813F0D400E100CF
:103DB000D800E600ED00E100F800020108010E0164
:103DC00016011E0126012B013301F400F600380113
:103DD0003D01974B297D586801F0C0F9014615E671
:103DE000934B297DD86801F0B9F901461BE6904B49
:103DF000297D586901F0B2F9014621E68D4ED6EDD4
:103E0000007AFCEEE77ACDED017A9DF80410FFF719
:103E100028FDD6ED007AFCEEE77A4046CDED017A3A
:103E20009DF80410FFF71DFDD6ED007AFCEEE77A51
:103E3000CDED017A9DF8041045E695F870730026E3
:103E400007F00107334651E695F87063002706F046
:103E500001063B464AE600263746F3E795F87073BD
:103E6000C7F340074FE695F87063C6F340064AE68D
:103E7000002176E600218BE6002B3FF478AF02228A
:103E80000DF10A0102A810F023FE9DF8083073B16D
:103E9000013B092B0BD8DFE803F01927050A13199A
:103EA0002737323D9DF809102046FFF75DFD0123BD
:103EB0006370236D002B3FF45AAF00221A8056E73F
:103EC0009DF809102046FFF7FBFCF0E79DF809601C
:103ED00020463146FFF734FB0028E8D04FF07C51F4
:103EE000304607F011FCE2E79DF8096020463146B4
:103EF000FFF726FB0028DAD04FF03F41F0E79DF8AE
:103F000009102046FFF7DCFC9DF809102046FFF75A
:103F1000FFFCCCE79DF809102046FFF711FB0028B5
:103F2000C5D095F86D34002BC1D0434B039303A843
:103F3000002312210593FFF78DFA049A3F4B0C21C1
:103F400001FB023303A89B68197881F00101FFF798
:103F5000B2FCACE79DF8090002F09AFF0123637000
:103F6000A36D0BB100221A8007B0BDE8F0839DF865
:103F7000090002F097FFF1E701229DF809102046A1
:103F8000FFF704FBEAE701229DF809102046FFF73E
:103F90001BFBE3E70522F0E70522F5E79DF80900A2
:103FA00002F08AFF4D219DF8090002F08FFFD5E74E
:103FB0009DF8090002F080FF8021F4E79DF80900D8
:103FC00002F07AFFFF21EEE79DF809000138C0B248
:103FD00002F072FF3E21E6E79DF809000138C0B209
:103FE00002F06AFF5F21DEE79DF809000138C0B2E8
:103FF00002F062FFAB21D6E79DF809000138C0B29C
:10400000D8E79DF809000138C0B202F055FFE3215E
:10401000C9E79DF809000138C0B2D1E79DF8090051
:1040200002F066FF9AE79DF8090002F06BFF95E742
:104030001C090010C814001048BA031A5CA2031A25
:1040400008B50448FFF7D4FCBDE808400248FFF774
:10405000CFBC00BFE01F00105C1E001008B500219F
:104060000448FFF717FABDE8084003480121FFF7AD
:1040700011BA00BFE01F00105C1E001043881E2B09
:1040800083BF00234380038801338ABF0133438009
:104090000380704743881E2B83BF0023438003881F
:1040A00001338ABF0133438003807047F0B566480F
:1040B0008BB007F04DFE654B044618B100221A7014
:1040C0000BB0F0BD1B78002BFAD0614D2E1D3FE0E8
:1040D000013291424ED01F2C11D95E4D00242E1D6D
:1040E0002868AA8801884388914260D1EA889A4268
:1040F00053D91F2CE4D8062240685A435FE0426837
:10410000D25C8DF80F200139A980EB803046FFF793
:10411000C1FF40F2013301220DF10F01ADF818305B
:104120000DF11F0002238DF81E308DF81C3010F0A9
:10413000CFFC09F061FFBDF82430D0F800C0ADF825
:10414000003006AF97E80E00DCF87070B847013415
:104150002868AA88018843889142B9D1EA889342A5
:10416000B9D3991A89B28C42B7D29342D1D043685D
:104170009B5C09E0EA889A4209D81F2CADD84268B6
:10418000E8889842BCD3135C8DF80F30BEE79A1ACA
:10419000203292B2A242F2D89FE7991A89B28C4299
:1041A0008ED29A4217D0062143684A433FE001323B
:1041B0008A4230D01F2C83D84268062058431718F3
:1041C00010580490BA88ADF814200139A980EB800A
:1041D0003046FFF753FF40F20133ADF818300123AA
:1041E000062204A98DF81E300DF11F0007238DF85B
:1041F0001C3010F06DFC09F0FFFEBDF82430D0F843
:1042000000C0ADF8003006AF97E80E00DCF8707023
:10421000B847013464E7EA889A420FD81F2C3FF66A
:104220004FAF4268E8889842C7D306234343985863
:10423000049099188B88ADF81430C9E79A1A203287
:1042400092B2A242EDD83BE7642100107821001021
:1042500070210010682100100A4B1A786AB90122F7
:104260001A70094B1A6811885288DA809980074BB6
:104270001A6811885288DA80998005481E2107F053
:1042800043BD00BF7821001070210010682100108C
:1042900064210010014B00221A7070477821001031
:1042A000054B064A1A6012685A60054B054A1A60A7
:1042B00012685A60704700BF70210010402F001034
:1042C00068210010382F0010034B0C2202FB003332
:1042D0009B681878704700BF5CA2031A70B54668E7
:1042E0000D460446FCF73CF8AE4205D0A3681BB16E
:1042F0006068FFF7E9FF207370BD704710B509F0E3
:104300007BFE0368BDE810405B6A5F211847FFFF32
:10431000F8B52A4D95F8733013F0020F08BF95F8E1
:10432000E875274B13BF95F8DC755E78DC781E784E
:1043300018BF9C7847B104F0EFFF0123BB4003F0A6
:104340000E031843C0B205E002F0DCF803281CD0CD
:1043500004F0E2FF95F82B300BB3D6B140F020000B
:10436000C0B2CCB140F08000164B93F8712082426D
:1043700022D083F871003D2102200CF0C7FABDE87D
:10438000F8403D2104200CF0B5BA04F0C5FF012728
:10439000D3E740F01000E3E740F04000E4E795F891
:1043A000383023B92CB160F07F00C0B2DCE7002EBA
:1043B000F9D140F04000F8E7F8BD00BFA40E0010AE
:1043C000501D00101C09001010B52DED028B84B09B
:1043D000264B816801930446002301A80393FBF751
:1043E000AFFF029A224B0C2101FB02339B6893ED35
:1043F000008A01F0EFFF1F4B90B3D3ED0F5A93EDFE
:10440000066AD3ED077A626876EE086A37EE887A34
:10441000C2ED016A82ED007A93F9D01500291BDA0A
:1044200093F82E10022917D0D3F858351B0713D450
:1044300036EE256A77EEE57AF4EE466AF1EE10FA8A
:10444000B4EEE77A48BFF0EE466AF1EE10FAC2ED3C
:10445000016AC8BFC2ED007A04B0BDEC028B10BD8A
:1044600003F20C52D2ED005AC9E700BFC074031A20
:104470005CA2031AA40E0010FFF7A6BF4A6910B58C
:104480000C6AC0E90142104A02600A6802614A6887
:1044900042618A688261CA68C2610A6902628A6985
:1044A0004262CA6982628A8CC286CA8C02870A8D7D
:1044B000428791F82A2080F83C200022C0E90B2294
:1044C00080F8342010BD00BF64BC031A10B5044648
:1044D00009F092FD0368A18ADB6D984709F08CFD15
:1044E0000368218BDB6D984709F086FD0368A18B7B
:1044F000DB6D984709F080FD0368BDE81040DB6D77
:104500003A211847002280F83420FFF7DFBFFFFF71
:104510002C4B2DE9F3410546B3F8744009F06CFDCE
:10452000EA8E03680092270AE4B2A98A9E6D3A4691
:104530002346B04709F060FD2A8F03680092298B5B
:104540009E6D3A462346B04709F056FD6A8F0368D0
:104550000092A98B9E6D3A462346B04709F04CFD68
:104560004FF49C66036800963A46D3F858803A2187
:104570002346C04709F040FD0368E98ED3F8608008
:104580003A462346C04709F037FD0368298FD3F820
:1045900060803A462346C04709F02EFD0368698FC4
:1045A000D3F860803A462346C04709F025FD0368EA
:1045B0001D6E3A4623463146AC4602B0BDE8F04196
:1045C000604700BFA40E001010B5044609F014FDAA
:1045D00003685F211B6A984738B12046FFF776FFD2
:1045E0002046BDE81040FFF793BF10BD10B5012372
:1045F000044680F83430FFF769FF2046BDE81040DC
:10460000FFF786BFC3684068D3ED027AD0ED016A38
:10461000F4EEE67AF1EE10FA10B541DB454A92F875
:104620002B1011B992F83810D1BB92ED087AF0EE48
:10463000085A87EE256A00229A7036EE266AF4EE52
:10464000C67AF1EE10FA28DA77EEE67AF5EEC07A5D
:10465000F1EE10FA4FF0010248D49FED376A67EE91
:10466000865AC5EE876AF4EE466AF1EE10FAC8BFC4
:10467000F0EE466AFCEEE66A16EE901AC17299797F
:10468000012952D1002484722AB1B4EEE77AF1EE06
:1046900010FA2ED803221A7047E00122DA70D3E70D
:1046A000D0ED006AF4EEE67AF1EE10FA1AD8214A5B
:1046B00092F82B1011B992F8381099B192ED097A4D
:1046C000F0EE085A87EE256A0022DA7036EEC66AE6
:1046D000F4EEC67AF1EE10FA01D801229A7076EE65
:1046E000E77AB3E700225A80B7EE087ADFED137A53
:1046F000B3E777EE075AF0EE086A85EEA66A1A78F5
:10470000B4EEE76AF1EE10FA03D8012A0DD80222BE
:10471000C1E787EE266AB4EEE76AF1EE10FA05D833
:104720000AB9197001E0022AF1D810BD012AF8D89F
:10473000FBE700BFA40E00100000C842000000000C
:10474000F8B54368284D00221A72C3685A88044697
:1047500000F1300600F12C079ABB9A79012A03D0A8
:1047600095F9D025002A2CDA00225A703046B5F887
:10477000501007F0C9FA384607F0EAFA20B9E268A3
:104780000123537062689372E1684B7843B995F8DE
:104790002F2063680AB95A7A12B101224A709A72BC
:1047A00094F83C00FDF718FF18B1E36800225A7036
:1047B0005A8095F86F341BB1E3685A8802B95A7071
:1047C000F8BD1A785A703846B5F84E1007F09CFAC2
:1047D000304607F0BDFA0028D6D1E3685870636808
:1047E00001229A721A72CFE7A40E0010074B10B57F
:1047F0000360002304468360FBF7B2FD044B60684E
:104800002360FFF761FD2073204610BDD474031AA6
:1048100044BC031A08B50173FCF7A6F808BDFFFFF6
:1048200070B5044692B000254E4E0169039603A868
:104830000595FBF795FD6169069606A80895FBF7B7
:104840008FFDA169099609A80B95FBF789FDE16920
:104850000C960CA80E95FBF783FD0498C4F80CD0B9
:10486000FFF732FD8DF800000798FFF72DFD8DF85A
:1048700001000A98FFF728FD8DF802000D98FFF758
:1048800023FD61688DF80300CB685868FFF71CFDB5
:104890000B698DF804005868FFF716FD216A8DF842
:1048A00005000FA80F961195FBF75AFD1098FFF71A
:1048B0000BFD2D4B616A8DF806000FA80F93119523
:1048C000FEF7C8FD109A294BA56A0C2101FB0233A3
:1048D00028469B681B788DF807300CF005FB2846AE
:1048E000E6680CF001FB0368B3602046FFF76CFD3F
:1048F000E368DB79CBB9E36800225A705A80E36839
:1049000003A81978FCF735F8E36806A85978FCF78E
:1049100030F8E36809A89978FCF72BF8E3680CA84D
:10492000D978FCF726F812B070BD114B93F9D02559
:10493000002A06DA93F82E201AB9D3F85825120760
:10494000D9D593F85330002BD5D1A16A40200CF073
:1049500039F80028CFD12046FFF754FE2046FFF754
:10496000EFFECCE7D474031A48BA031A5CA2031A08
:10497000A40E001010B5436801229A720E4B93F8F2
:104980007330134090F83420044682B123B120469E
:10499000BDE81040FFF718BEFFF7B4FD94F83430BF
:1049A000002BF4D12046BDE81040FFF739BF002BA3
:1049B000F8D0FFF71BFEF1E7A40E001008B506487B
:1049C000FFF7D8FF0548FFF7D5FF0548FFF7FCFCC8
:1049D000BDE80840FFF79CBCC821001088210010EA
:1049E0007C21001008B50173FBF7C3FF08BDFFFF72
:1049F00008B54FF4C5711148FFF7F8FE40F2AD114C
:104A00000F48FFF7F3FE4FF4D6710E48FFF7EEFEA6
:104A10004FF4D7710C48FFF7E9FE0C490C480D4BD9
:104A2000FFF72CFD0C490D48FFF728FD0C4A1A60D2
:104A30000C4A5A6030229A6008BD00BF4C22001018
:104A40003C2200102C2200101C22001094BC031ADF
:104A5000C82100107C21001068BC031A88210010B6
:104A600058BC031A08220010014B1878704700BF89
:104A70005D220010014B1878704700BF5C220010C7
:104A800010B5184991F8DE3591F8DD0591F8EA2561
:104A900091F8E945034342EA040211D1E2B191F8E9
:104AA0003524134413F0FF0318D0772B18D9C82BE3
:104AB00034BF022203220C490B700C4B1A7010BD3C
:104AC00091F83434002AECD091F835249918FF2954
:104AD000E7D9FF230322EEE71346ECE71A46EAE79D
:104AE0000122E8E7A40E00105D2200105C220010F5
:104AF000024A01235370024A537070477C2200100F
:104B00006C220010024A02235370024A537070470D
:104B10007C2200106C2200107047FFFF014B002226
:104B20001A707047B0220010436823B119800168E1
:104B300002200BF0EBBE704737B50446806800904A
:104B40000CF0D2F925780190012D09D0022D49D021
:104B500025B94FF4807363800123237003B030BD07
:104B600060680CF0B3F90028F8D0A378032B37D88D
:104B7000E27843EA0211022A217318D0032A22D0D4
:104B8000012AEBD1264903EBC303CA18CB5C63733C
:104B90005378A3739378E37302256268E570042168
:104BA00004F10C0003B0BDE830400CF075B91C4AAC
:104BB00003EBC30313440325DA7862731A79A273F3
:104BC0005B79E373E9E7164A03EBC3010A44013357
:104BD00091796173D179A173127AE273A370DCE7E2
:104BE0000223BAE76378012B04D0022BB6D14FF42D
:104BF000807109E00B4B93F83F34012B0AD0022B54
:104C00000BD023B940F201116846FFF78DFF002356
:104C10006370A3E74FF48171F6E740F20311F3E705
:104C20008C220010A40E001008B50348FFF784FF83
:104C30000248FFF781FF08BD7C2200106C220010A3
:104C400010B51D4C2378012B1CD0022B08D01BB9AA
:104C5000FFF758FF02232370BDE81040FFF7E4BFC1
:104C6000164B1B78002BF7D0FFF742FF14480123A7
:104C70001E21237007F048F812484FF4E16107F055
:104C800043F8E9E70D4B1B78002BE1D10C4807F006
:104C90005FF80028DCD10B4807F05AF80028D7D17C
:104CA000094BB3F8A422162AD6D8084BD340DB0709
:104CB000D2D503481E21E2E768220010B02200107E
:104CC00064220010602200101C090010B242400053
:104CD0001A4A1B4B116819605168127A1A72194AE4
:104CE00059601168C3F809105168127A5A74164A4B
:104CF000C3F80D101168C3F812105168127A9A7631
:104D0000124AC3F816101168C3F81B105168127AC2
:104D1000C3F81F1083F823200D4B002240F24D11E1
:104D2000C3E9002140F2511199600A4B4FF4A77179
:104D30001A604FF4A972C3E9011270479B0000107A
:104D40008C220010920000108900001080000010DA
:104D50007C2200106C220010034B0C2202FB00335B
:104D60009B681878704700BF5CA2031A10B509F061
:104D700043F903681D215B6A984709F03DF9036810
:104D8000BDE810405B6A26211847FFFF10B5A64B0F
:104D900093F8C92093F87910C2F34004C1F340009E
:104DA000204360F34101900783F8791041BFC2F3BB
:104DB0000002C9B262F3000183F8791093F8CB20A6
:104DC00093F87B10C2F34004C1F34000204360F32A
:104DD0004101940783F87B1041BFC2F30002C9B2BE
:104DE00062F3000183F87B1093F8CA2093F87A10DD
:104DF000C2F34004C1F34000204360F34101900737
:104E000083F87A1041BFC2F30002C9B262F3000115
:104E100083F87A1093F8CC2093F87C10C2F3400406
:104E2000C1F34000204360F34101940783F87C10F4
:104E300041BFC2F30002C9B262F3000183F87C10E3
:104E400093F8D12093F88110C2F34004C1F34000DD
:104E5000204360F34101900783F8811041BFC2F302
:104E60000002C9B262F3000183F8811093F8DD20DB
:104E700093F88D10C2F34004C1F34000204360F367
:104E80004101940783F88D1041BFC2F30002C9B2FB
:104E900062F3000183F88D1093F8DF2093F88F10F0
:104EA000C2F34004C1F34000204360F34101900786
:104EB00083F88F1041BFC2F30002C9B262F3000150
:104EC00083F88F1093F8DE2093F88E10C2F340041D
:104ED000C1F34000204360F34101940783F88E1032
:104EE00041BFC2F30002C9B262F3000183F88E1021
:104EF00093F8E02093F89010C2F34004C1F340000F
:104F0000204360F34101900783F8901041BFC2F342
:104F10000002C9B262F3000183F8901093F8E52013
:104F200093F89510C2F34004C1F34000204360F3AE
:104F30004101940783F8951041BFC2F30002C9B242
:104F400062F3000183F8951093F8F12093F8A11013
:104F5000C2F34004C1F34000204360F341019007D5
:104F600083F8A11041BFC2F30002C9B262F300018D
:104F700083F8A11093F8F32093F8A310C2F3400430
:104F8000C1F34000204360F34101940783F8A3106C
:104F900041BFC2F30002C9B262F3000183F8A3105B
:104FA00093F8F22093F8A210C2F34004C1F340003A
:104FB000204360F34101900783F8A21041BFC2F380
:104FC0000002C9B262F3000183F8A21093F8F42042
:104FD00093F8A410C2F34004C1F34000204360F3EF
:104FE0004101940783F8A41041BFC2F30002C9B283
:104FF00062F3000183F8A41093F8F92093F8A91044
:10500000C2F34004C1F34000204360F34101900724
:1050100083F8A91041BFC2F30002C9B262F30001D4
:1050200083F8A91010BD00BF1C09001010B5414C39
:10503000B4F87E30B4F8CE209A4209D07321022011
:10504000A4F8CE300BF062FC732104200BF052FC6C
:10505000B4F89230B4F8E2209A4209D074210220C8
:10506000A4F8E2300BF052FC742104200BF042FC57
:10507000B4F8A630B4F8F6209A4209D0752102207F
:10508000A4F8F6300BF042FC752104200BF032FC42
:105090002948502203210BF0D9FE28485122032130
:1050A0000BF0D4FE2648522203210BF0CFFE2548F8
:1050B000492203210BF0CAFE23484A2203210BF0A8
:1050C000C5FE4B22214803210BF0C0FEB4F9843009
:1050D000B4F9D4209A4209D08F210220A4F8D43008
:1050E0000BF014FC8F2104200BF004FCB4F9983071
:1050F000B4F9E8209A4209D090210220A4F8E830BF
:105100000BF004FC902104200BF0F4FBB4F9AC305C
:10511000B4F9FC209A420BD091210220A4F8FC3073
:105120000BF0F4FBBDE81040912104200BF0E2BB32
:1051300010BD00BF1C09001092090010A609001044
:10514000BA0900108F090010A3090010B709001058
:10515000014B1878704700BF4C27001008B507EEC8
:10516000900A89B19FED0C7AF3EE026AA7EEA67A57
:1051700017EE100A10F004FF07EE900AFCEEE77A33
:1051800017EE903A98B208BDB2EE047A67EE877ACD
:1051900017EE900AEEE700BF0000A04390FBF1F38A
:1051A00010B501FB13039AB201EBD1741BB280B2AC
:1051B000B3EB640FA8BF4018801A00B210BDFFFF08
:1051C00008B5FFF7CBFF054B1B7D00B223B10A21C9
:1051D000FFF7E4FF80B208BD0521F9E7A40E001037
:1051E0001049114A82630022C0E91321C0E9162147
:1051F000C0E9192141640121C0E92F12026402674C
:105200008267C0F88020C0F8882080F89420C0F819
:10521000982080F8A01080F8A81080F8B01080F8CE
:10522000B8107047D474031A48BA031A38B50B681B
:1052300003608B688360CB68C3604B6843600B6915
:1052400003610D46044640F235116830FBF788F8DB
:10525000686960670BF048FEA067A869E0670BF01B
:1052600043FEC4F88000E869C4F884000BF03CFEFB
:105270002B6AC4F88C306B6AC4F88800C4F890308C
:1052800038BD38B50B6883614B68C3610D468B68C8
:1052900003620446C9683830FEF7DCF8296904F176
:1052A0004400FBF75DF8696904F15000FBF758F81A
:1052B000A96904F15C00FBF753F82B7F84F82430D4
:1052C00038BDFFFF10B5084B084893F8733013F052
:1052D00002040CBF06490749FFF7D3FF064AB4FA98
:1052E00084F35B09137010BDA40E0010C4250010D8
:1052F000E0BC031AC0BC031AB322001010B5164C50
:10530000164A94F87330127883F00203C3F3400313
:10531000934201D0FFF7D6FF114994F853000B7860
:1053200094F8312083420F4B02D11C78944212D062
:1053300008700D491A700022012381F8942081F829
:10534000BC300A4981F8942081F8BC30084981F8C2
:10535000942081F8BC3010BDA40E0010B3220010C0
:10536000B2220010B122001088260010C4250010BF
:1053700000250010144B154A93F8531070B5144CC7
:10538000144D154E117093F83120144B21462846C8
:105390001A70FFF74BFF31462846114DFFF771FF9A
:1053A00004F128010F48FFF741FFFFF78BFF04F1DD
:1053B00050012846FFF73AFF06F140012846BDE8B4
:1053C0007040FFF75EBF00BFA40E0010B2220010B5
:1053D00020BD031A88260010C0BC031AB122001099
:1053E00000250010C425001010B504469C3006F0BE
:1053F00099FC04F1A40006F095FC04F1B40006F059
:1054000091FC04F1AC00BDE8104006F08BBCFFFF3E
:1054100008B50548FFF7E8FF0448FFF7E5FFBDE8DA
:1054200008400348FFF7E0BF88260010C42500109D
:10543000002500100368C2681B7812780C49C2F37B
:105440004002C3F3400313430A78134342681278BF
:10545000C2F34002134382681278C2F3400213433E
:1054600002691278C2F3400213430B70704700BF09
:105470004C270010F8B5344DDFED347A2B7D002B2E
:1054800083681A782DED028BC2F30003B6EE008A12
:1054900018BFB0EE678A13EA5203044600F1980081
:1054A0003FD0DFED2B7A37EEC88A052106F02CFCC1
:1054B00018EE101A94F8240006F026F994F8240047
:1054C00006F08AF8297DFFF77BFE64260A21B0FBEF
:1054D000F6F3DAB206FB13039BB2B2FBF1F7B3FBB0
:1054E000F1F301FB1722303363F07F03303284F88D
:1054F000313084F83020B0FBF1F301FB130095F854
:10550000313083F001035B00DBB2303084F83200CD
:1055100084F8333084F8343084F83530BDEC028BB5
:10552000F8BD63681A78C2F3000313EA5203BCD1D2
:1055300006F00EFC28B195F8313013B9012384F838
:1055400094309FED038AB3E7A40E001086380E3F17
:105550000000000010B5112921D8DFE801F0092171
:105560002C434F656E818A95A6BA65656509090960
:105570006421B2FBF1F303F1300401FB13239BB26E
:105580000A21B3FBF1F3303380F83130B2FBF1F391
:1055900001FB1322303280F8304080F8322010BDF9
:1055A000002A0CBF3223342380F83030202380F8C7
:1055B000313050230EE0012A08D0022A0DD0002AF3
:1055C000EDD144F24F630386462303E044F62033D3
:1055D0000386322380F83230E1E744F256430386F3
:1055E0005423F7E7D30704D444F64C1303864E2321
:1055F000F0E745F2462303864523EBE7012A07D06F
:10560000022A0AD06AB945F2534303864223E1E7EE
:1056100044F2453303864F23DCE744F656130386F2
:10562000C7E744F64E73E1E722B144F259530386CB
:105630005323CFE744F62063ECE7012A08D0022A7F
:1056400009D0002AABD144F2431303867223C1E789
:1056500044F26453C3E744F2545303864D23B9E73D
:1056600050231AB145F220320286B3E744F6546261
:10567000FAE722B146F2485303866123AAE746F6C9
:10568000437303866F23A5E7012A08D0022A09D0B5
:10569000002A84D143F24913038620239AE746F671
:1056A0004473D2E746F24313CFE7012A07D0022A18
:1056B0000AD0002A7FF473AF43F24923ECE746F6A1
:1056C000571303866E2385E746F64D7303867623CC
:1056D00080E7012A07D0022A7FF471AF46F2521305
:1056E0000386642376E743F24B13D5E711290DD8DF
:1056F000DFE801F0090D1115191D2125292D31357E
:10570000393D4145484C234B9B7913707047224BE0
:1057100093F82B30F9E7204B93F83230F5E71E4B26
:1057200093F82D30F1E71C4B93F82E30EDE71A4B30
:1057300093F82F30E9E7184B93F83030E5E7164B34
:1057400093F83130E1E7144B93F83830DDE7124B32
:1057500093F82930D9E7104B93F82A30D5E70E4B50
:1057600093F82C30D1E70C4B93F85330CDE70A4B2C
:1057700093F85430C9E7084B93F85530C5E7064B0A
:105780005B6EC2E7044B5B6E1B0ABEE7024BB3F8CD
:105790006630BAE7602C0010A40E001010B5044665
:1057A000A43006F0BFFA28B194F8BC301BB9207DB4
:1057B00000F0010010BD0020FCE708B503681B786D
:1057C00003F00303022B06D1A43006F0ABFA80F0FD
:1057D0000100C0B208BD0020FCE7FFFF03681B7892
:1057E00003F00303032B10B5044607D1002380F810
:1057F000BC3040F6B831A43006F07CFAA3681B78C0
:10580000DA0705D44FF4FA6104F1B40006F072FA35
:1058100063681B78DB0705D44FF4FA6104F1AC0030
:1058200006F068FA134B93F85430EBB194F89430C7
:10583000013B012B18D82268137823F0030313705F
:10584000E268137823F0030313706268137823F07F
:1058500003031370A268137823F003031370236902
:105860001A786FF300021A7094F82400BDE8104013
:1058700005F0FEBEA40E0010022380F8943005212E
:10588000983006F041BAFFFFC3691A4A70B5117D1E
:1058900004461868FFF762FC6425B0FBF5F3DAB242
:1058A00005FB13030A219BB2B3FBF1F3303363F022
:1058B0007F03B2FBF1F601FB162284F8313030325F
:1058C000B0FBF1F301FB1300002384F8302084F8CF
:1058D0003330A3866268A368303084F832001B78C6
:1058E000127813439B0704D52046BDE87040FFF7AC
:1058F000C3BF70BDA40E001010B5032380F8943010
:1059000004461E21983006F0FFF9002384F8BD30CC
:1059100010BDFFFF0B4B10B50363002383860446C5
:10592000FFF73CFF20B12046BDE81040FFF7E4BF81
:10593000054B93F8533023B984F89430012384F84D
:10594000BC3010BD202E2000A40E001038B500235E
:1059500080F83330838690F8BE3090F8C15004460A
:10596000012B90F8C00094F8BF1055D0022B76D0D0
:105970000BBB022384F833306368A2681B7803F002
:105980000303032B09D16B1CDBB2AB4238BF0923E5
:10599000092B28BF092384F8C130137803F00303CF
:1059A000032B08D194F8C120531EDBB29A4238BFB2
:1059B000002384F8C13094F8C1300A22B3FBF2F11D
:1059C00002FB1133303384F8303094F8C030B3FB2D
:1059D000F2F102FB1133303384F8313094F8BF30E8
:1059E000B3FBF2F102FB1133303384F8323020463E
:1059F000FFF7E3FE002857D094F8BE30012B50D9B2
:105A0000022B4FF000015AD084F8BE10012384F815
:105A1000941084F8BC3047E0022384F83430636883
:105A2000A2681B7803F00303032B09D1431CDBB2EC
:105A3000834238BF0923092B28BF092384F8C030CB
:105A4000137803F00303032BB5D194F8C020531E41
:105A5000DBB29A4238BF002384F8C030ABE784F849
:105A600035306368A2681B7803F00303032B09D168
:105A70004B1CDBB2994288BF0923092B28BF09239D
:105A800084F8BF30137803F00303032B93D194F809
:105A9000BF20531EDBB29A4238BF002384F8BF30C8
:105AA00089E7013384F8BE302046FFF777FEF0B176
:105AB000002384F89430012384F8BC3038BD94F876
:105AC000C03094F8C10084F8BE1003EB8303642255
:105AD0005B0012FB003394F8BF201344074AB2F86E
:105AE0006820934292D12046FFF706FFDCE704F1DD
:105AF000980006F02DF90028DAD1DFE7A40E001097
:105B000010B50123044680F8BC301E21983006F001
:105B1000FBF8052384F894300023A4F8BE30A4F8E1
:105B2000C03010BD38B5036C044683B1C56B6B1C27
:105B30000DD090F82F3053B108F05EFA0368A9B287
:105B40001B6A984718B194F8283084F82D302369DF
:105B50001B7803F00303032B02BF94F82D3083F06E
:105B6000010384F82D302046FFF727FE50B194F84A
:105B7000283094F82F2083F0010384F828300AB1EC
:105B800084F82D30E3681B7803F00303032B11D155
:105B900094F8283073B194F82930012B13D10022E6
:105BA00084F8292084F82A304FF4FA6104F19C002B
:105BB00006F0A0F82046FFF7F1FD70B12046BDE8E1
:105BC0003840FFF79DBF94F82A30022B01D80133EB
:105BD000E8E7012384F82930E6E738BD10B58818D6
:105BE000002A9DF80840C0B206DA814238BF184644
:105BF000984238BF184610BDFDD0814288BF20466C
:105C0000A04228BF2046C0B2F5E783681B7813F096
:105C1000010F37B50B4614460CBF01224FF0FF327F
:105C200091B14B1EDBB2102B0CD80121994043F6E9
:105C3000D5030B400FD140F22A750D4011D111F45C
:105C4000E03F10D103B030BD3E2100912178FFF735
:105C5000C5FF2070F6E72378B3FA83F35B0923705E
:105C6000F0E70221F1E7FF2300932B46EEE783687C
:105C70001B78F7B50D46D907044616460FD463685E
:105C80001B78DA0727D504F1AC07384606F04AF846
:105C900008B34FF49671384606F02CF816E000F180
:105CA000B407384606F03EF80028E8D04FF4967165
:105CB000384606F01FF863681B78DB070DD504F142
:105CC000AC07384606F02EF80028E2D101203DB19D
:105CD0000F3D022D10D903B0F0BD4FF0FF30F6E7B5
:105CE00000EB80003E2300933178420000232046E1
:105CF000FFF774FF3070EEE700EB8000FF23F2E760
:105D000030B585B0074B019304460023154601A822
:105D10000393FDF79FFB2A46214601A8FDF7ACFD42
:105D200005B030BD48BA031A70B5044600F16806E4
:105D3000C06EFFF711F894F82510012905460BD81D
:105D400094F82D2001238B408A4020EA030513405C
:105D500043EA050000F0FF05D4F89020032104F188
:105D600033000BF073F8D4F88C20032104F13000D9
:105D70000BF06CF8D4F888304BB1E28C1988914262
:105D800005D0D4F884101A8002200AF0BFFD94F8E0
:105D9000281004F13800FDF78EFD94F8291004F165
:105DA0004400FAF7E6FD94F82A1004F15000FAF7DF
:105DB000E0FD29463046FAF7DCFD70BD30B585B010
:105DC000074B019304460023154601A80393FAF7F5
:105DD000C7FA2A46214601A8FAF7ACFD05B030BD46
:105DE000D474031A1FB5144611295BD8DFE801F0FB
:105DF00009121C24272A2D303336393C3F424548AE
:105E00005C6308F0F9F803689B6C214604B0BDE8B8
:105E10001040184701223121201E18BF012004B074
:105E2000BDE81040FFF76CBF01223821204604B0C6
:105E3000BDE81040FFF7C2BF01223321F6E701227F
:105E40003421F3E701223521E6E701223621EDE78F
:105E500001223721E0E701223A21DDE70122192161
:105E6000E4E701221A21E1E701223221DEE70122E3
:105E70004621D1E701224721CEE701224821CBE785
:105E8000104B5B6E23F0FF031C430F4B019350211B
:105E9000002301A80393FAF733FA0122214601A84F
:105EA000FAF758FC04B010BD064B5B6E23F47F4339
:105EB00043EA0224E9E7034B5B6E23F47F0343EAE2
:105EC0000244E2E7A40E0010AC74031A70B5044655
:105ED000FFF764FC30B1002384F89430012384F888
:105EE000BC3070BD04F19805284605F031FF00284C
:105EF000F1D1A3681B789E070BD463681B789807C1
:105F000007D423681B78990703D4E3681B789A07A2
:105F100003D51E21284605F0F7FEA66894F8BD209B
:105F20003378656803F003039AB32A7802F003021A
:105F3000032A01D0032B06D194F8C21004F1C30246
:105F40002046FFF762FE32782B781343DB0706D535
:105F500094F8C21004F1C3022046FFF788FE2046E1
:105F6000FFF72BFC48B194F8C32094F8C2102046E8
:105F7000FFF738FF002384F8BD3094F8C32094F86D
:105F8000C2102046FFF7E6FA002384F83330A386D8
:105F9000A7E7032B06D194F8C230002B52D0013B67
:105FA00084F8C2302B7803F00303032B0AD194F852
:105FB000C2300133DBB21222B3FBF2F102FB113328
:105FC00084F8C23023681B7803F00303022B1AD134
:105FD00004F1A40005F0A6FEA8B9012384F8BD30A1
:105FE0004FF4FA6104F1B40005F084FE4FF4FA6155
:105FF00004F1AC0005F07EFE94F8C21004F1C30277
:106000002046FFF773FB94F8C2206421502384F8E4
:106010003030B2FBF1F301FB13239BB20A21B3FB37
:10602000F1F3303384F83130B2FBF1F301FB13228A
:106030000023303284F8333040F2022384F83220D7
:10604000A3864EE71123ABE770B50446FFF7C6FB06
:1060500094F89430554E052B44D8DFE803F003261E
:1060600026373B3F96F853301BB1042384F8943015
:1060700005E096F83130B3B12046FFF7FDFB96F806
:106080005330B3B30023E384A16940200AF09AFCA3
:1060900040B196F853302BB947F24523238630237D
:1060A00084F8323070BD0123E0E72046FFF73AFD67
:1060B00094F89430012B05D0022BE0D12046FFF755
:1060C000D9F9DCE72046FFF7DFFBD8E72046FFF7EA
:1060D000FDFED4E72046FFF71DFCD0E72046FFF782
:1060E00035FCCCE7002384F89430012384F8BC30DD
:1060F000C5E794F8285065B394F82400FCF776FAC5
:106100000378DA0734D52A4B1B78DB0733D496F8AB
:106110001434002B14BF4FF40045802594F8293027
:1061200004F19C00012B08BF45F0400505F0FAFD85
:1061300018B3236A1B7A03BB94F82B30022B22D0AE
:10614000032B29D0012B04D1236A1B7AC3B145F458
:10615000006594F82D30E58413B145F00405E5841D
:1061600094F82E30002B8FD0E38C43F002038AE7A3
:106170004FF40045D2E78025D0E794F82A30DDE7D8
:1061800045F00805E5E7236A1B7A13B145F480550D
:10619000DFE745F01005DCE7236A1B7A13B145F40D
:1061A0000055D6E745F02005D3E700BFA40E001048
:1061B00054000010F0B53C4A90F8243092F8711069
:1061C000994285B0044668D092F872509D420CBF47
:1061D0000125FF25E26B354B84F825500C2101FB8E
:1061E0000233A06C9B681B7884F82830FEF7B4FD5E
:1061F00084F82900606DFEF7AFFD84F82A00206E58
:10620000FEF7AAFD236A84F82B00D86810B1406815
:10621000FEF7A2FD012D84F82C0040D8E06E244F3B
:10622000FEF79AFD284100F0010084F82D000026B9
:106230004FF49B7101A801970396FAF791F8029821
:10624000FEF78AFD284100F0010084F82E005A2153
:1062500001A801970396FAF783F80298FEF77CFDF0
:10626000284100F0010084F82F002368227D19786E
:1062700061F3000222751B78D2B2C3F3400363F3CB
:10628000410220462275FFF7D5F8FFF7DDFE2046D4
:1062900005B0BDE8F040FFF747BD00259AE70023B1
:1062A00084F82D30E1E700BFA40E00105CA2031AB1
:1062B000D474031A08B5FEF769FD094B00221A7061
:1062C000FFF71CF80748FFF775FF0748FFF772FF55
:1062D0000648FFF76FFFBDE80840FEF7A7BE00BF06
:1062E0004C27001088260010C4250010002500103F
:1062F00008B50A48FEF774FF0948FEF771FF094820
:10630000FEF76EFF0848FEF76BFF0848FEF768FFD0
:10631000BDE808400648FEF763BF00BF88260010AE
:10632000C4250010002500103C2400107823001024
:10633000B422001030B585B007F05EFE036861211D
:106340001B6A984758B104211E484FF4A3720AF003
:106350007DFD07F051FE036861215B6A98474FF4A9
:10636000A37104200AF02EFB174CC8B1174BD3F8C9
:106370001036013314D04FF4A3724FF0FF350421CF
:10638000684600950AF062FD0023612101A801948E
:106390000393F9F7B5FF0122294601A8FAF7DAF9C4
:1063A0000B4B0194D3F82D5201A8002360210393D5
:1063B000F9F7A6FF0122294601A8FAF7CBF905B0A3
:1063C00030BD00BFB4140010AC74031AA40E00104A
:1063D0001C090010024BD3F8580500F0010070476B
:1063E000A40E001038B5224CD4F8583503F001053E
:1063F000DB071DD494F9D035002B19DA94F8101569
:106400001C4801F00101FDF756FA94F810151A48DE
:1064100001F00101FDF74FFA18480021FAF771FA6F
:1064200017480021FAF76DFA16480021FAF769FAC1
:10643000154C2378012B18D0BDB114480121FDF76C
:106440003AFA0C480121FDF736FA0B480121FDF715
:1064500032FA0A480021FAF754FA09480021FAF7FB
:1064600050FA08480021FAF74CFA257038BD00BFF1
:10647000A40E00108C270010802700107427001035
:10648000682700105C270010A4000010502700109F
:10649000144870B51D210024134D05608460FCF77D
:1064A000D9FF1248124E056026218460FCF7D2FF06
:1064B0001048202106608460F9F742FF0E48292128
:1064C00006608460F9F73CFF0C4830210660846068
:1064D000F9F736FF0A48452105608460FCF7BAFFEA
:1064E00070BD00BF8C27001048BA031A8027001027
:1064F000C074031A74270010682700105C2700106E
:1065000050270010014B1878704700BFB4270010C7
:1065100010B507F071FD03684FF4B0715B6A9847DE
:1065200007F06AFD0368BDE810405B6A40F25F1146
:106530001847FFFF10B5154C2378012B0DD0022B07
:106540001BD003BB124BB3F80C14E1B1114805F09A
:10655000DBFB01232370012010BD0E4805F0F8FB82
:106560000028F8D00A4BB3F80E140029F3D0022308
:106570000848237005F0C8FBEDE7064805F0E8FB86
:1065800008B1002323700020E6E700BFAC2700100D
:10659000A40E0010B027001010B55D4B2DED028B3E
:1065A00093ED0B8A5B4BD3ED007A38EE278AB5EE7C
:1065B000C08AF1EE10FA46D4DFED577AB4EE678A5E
:1065C000F1EE10FAC8BFB0EE678A544CA36813B35B
:1065D00083ED008AD4ED037AB4EEE78AF1EE10FA87
:1065E0004CBF77EEC87A78EE677AB6EE007AF4EEB2
:1065F000C77AF1EE10FA0EDD84ED038A08F08AFB0B
:10660000036861689B68984707F0F6FC0368A188F7
:106610005B690122984707F0EFFC036840F25F11C5
:106620001B6A984790B13E4B00221A700B21402004
:106630000AF0C8F9A0B13A4A00231370394A13701E
:10664000BDEC028B10BD9FED388ABEE707F0D4FC8D
:1066500003684FF4B0711B6A98470028E3D1E5E75F
:10666000324C94F83830002BE5D1FBF7B5FF002809
:10667000E1D1D4F81034DA07DDD594F9D025002A19
:1066800016DA04F2044304F5816493ED007AD4ED44
:10669000007A274B77EE277AB4EEE78AF1EE10FA0C
:1066A00029DD01221A70FFF745FFA8B10323C5E7D2
:1066B0009B07C0D404F2044304F5816493ED007A8F
:1066C000D4ED007A1A4B77EE277AF4EEC87AF1EE21
:1066D00010FA03D501221A700223AFE7B4EEC87A8C
:1066E000F1EE10FA10DC1B78002BF5D10C4B0022D8
:1066F0001A700123A2E7B4EEC78AF1EE10FA03D4B0
:106700001B78002BF2D0CEE7094B00221A70EDE780
:106710001C0900100C1300100000C8429C27001038
:10672000AC270010B427001000000000A40E0010D9
:106730009827001010B50A4C0A4B23604FF4AE7135
:1067400000232046A360F9F7FBFD074B2360626836
:10675000064B0C2101FB02339B681B68E36010BDF4
:106760009C270010C074031A34BA031A5CA2031ADF
:1067700010B507F041FC0368BDE810405B6A642176
:106780001847FFFF024BB3F80001C0F30010704739
:106790001C09001008B50D4A0D4BB2F80011B3F8F2
:1067A0005A3501F0100023F01003034399420BD037
:1067B00094210220A2F800310AF0A8F8BDE80840B0
:1067C000942104200AF096B808BD00BF1C090010EF
:1067D000A40E0010044AD2F8583523F4D803C2F8A6
:1067E0005835FFF7D7BF00BFA40E001038B5264DAF
:1067F0002C68BFF35B8F14F001040DD128460EF016
:10680000F3FB48B12148224B036064218460F9F70F
:1068100077FD28460EF004FC07F0EEFB03686421C8
:106820001B6A984708B1FFF7B5FF1A4A1A4C11784E
:10683000B4F8003199B10021117023F0030242F045
:1068400001029A421FD094210220A4F800210AF0EC
:106850005DF8BDE83840942104200AF04BB80B489D
:106860000E4A41680C2505FB012223F010039268B3
:10687000118841EA034194F8DA325B0003F0020325
:106880001943F9F786FF38BDB8270010BC27001060
:10689000AC74031AC82700101C0900105CA2031A6C
:1068A0004388032B83BF00234380038801338ABFBF
:1068B00001334380038070470368F0B41A888488EA
:1068C0005E88A242054627D1C488A64245D05B68AF
:1068D00000F104004FF00E070FD207FB063303F15F
:1068E0000C0453F8047B41F8047BA342F9D11B88C4
:1068F0000B80013AAA80EE800BE007FB043303F122
:106900000C0253F8044B41F8044B9342F9D11B8815
:106910000B80F0BCFFF7C4BF0134A2425B6800F1FA
:1069200004004FF00E040DD1EF88BE420AD804FBDC
:10693000073303F10C0253F8044B41F8044B934224
:10694000F9D1E4E704FB063303F10C0453F8047BAC
:1069500041F8047BA342F9D1C9E7F0BC7047FFFFBF
:1069600008B51D4805F0DEF91C4805F0DBF91C48A8
:1069700005F0D8F91B4805F0EBF91B4805F0E8F9DC
:106980001A4805F0E5F91A4805F0E2F9194805F04A
:10699000DFF9194805F0DCF9184805F0D9F918486D
:1069A00005F0D6F9174805F0D3F9174805F0D0F9E6
:1069B000164805F0CDF9164805F0CAF9154805F056
:1069C000C7F9154805F0C4F9144805F0C1F9BDE848
:1069D0000840134805F0BCB9102900102001001030
:1069E00018010010DC280010D8280010D42800104E
:1069F000D0280010CC280010C8280010C42800108F
:106A0000C0280010BC280010B8280010B4280010BE
:106A1000B0280010AC280010A8280010A4280010EE
:106A2000A02800107047FFFF8049814BB1F96E210B
:106A300002EB420210B502EB02104FF4FA62B0FB17
:106A4000F2F01874B1F9760100EB400000EB001091
:106A5000B0FBF2F05874B1F97E0100EB400000EB9E
:106A60000010B0FBF2F09874B1F9860100EB400021
:106A700000EB0010B0FBF2F0D874B1F98E0100EB1E
:106A8000400000EB0010B0FBF2F01875B1F9960170
:106A900000EB400000EB0010B0FBF2F05875B1F9CC
:106AA0009E0100EB400000EB0010B0FBF2F0987587
:106AB000B1F9A60100EB400000EB0010B0FBF2F0D2
:106AC000D875B1F9AE0100EB400000EB0010B0FB4F
:106AD000F2F01876B1F9B60100EB400000EB0010BF
:106AE000B0FBF2F05876B1F9BE0100EB400000EBCC
:106AF0000010B0FBF2F09876B1F9C60100EB40004F
:106B000000EB0010B0FBF2F0D876B1F9CE0100EB4B
:106B1000400000EB0010B0FBF2F01877B1F9D6019D
:106B200000EB400000EB0010B0FBF2F05877B1F939
:106B3000DE0100EB400000EB0010B0FBF2F09877B4
:106B4000B1F9E60100EB400000EB0010B0FBF2F001
:106B5000D877B1F9EE0100EB400000EB0010B0FB7C
:106B6000F2F083F82000B1F9F60100EB400000EBF1
:106B70000010B0FBF2F083F82100B1F9FE0100EB48
:106B8000400000EB0010B0FBF2F083F82200B1F9F6
:106B9000060200EB400000EB0010B0FBF2F083F8BF
:106BA0002300B1F90E0200EB400000EB0010B0FB37
:106BB000F2F083F82400B1F9160200EB400000EB7C
:106BC0000010B0FBF2F083F82500B1F91E02B1F914
:106BD000261200EB400001EB410186B000EB0010F3
:106BE00001EB0111B0FBF2F0B1FBF2F183F82600EA
:106BF00083F827100F33694618461822013A10F817
:106C0000014F01F8014B12F0FF02F7D1094850F88B
:106C1000041B0978183169440132D2B211F8181CEA
:106C200003F8011F182AF2D106B010BD1C0900108C
:106C3000482800102C010010FFF7F6BE012303FACC
:106C400000F00A4B9A6810420DD1DA68104214BF66
:106C50006FF00E0200221B684A7098430CBF01239C
:106C600000230B7070470F22F5E700BF4828001083
:106C70000022084B114693F8400020B193F82800F9
:106C800083F8401018740132182A03F10103F2D17D
:106C9000704700BF482800102DE9F84FDFF8E09159
:106CA000DFF8E0B1D9F80030DBF80020DFF8D8A138
:106CB0006B4EDFF8D881DAF800703568D8F80040FC
:106CC000134200F09F804FF4C871664805F012F837
:106CD000D9F800206449DBF8003013400A685A40B4
:106CE0000A60DAF8002022EA0302CAF80020DFF87E
:106CF00088B15E4ADBF8003011680B4200F09380E7
:106D000058484FF4C87104F0F5FF584ADBF80030DA
:106D100012681A40336823EA02033360DFF85CB17B
:106D2000534ADBF8003011680B4200F08A804D486E
:106D30004FF4C87104F0DEFF4D4ADBF800301268F2
:106D40001A40D8F8003023EA0203C8F80030DAF815
:106D500000E0D9F800C03668D8F800002EEA070134
:106D6000444F3A681143404A0EEA0C034EEA0C0EB7
:106D7000DFF810C1D2F800903F4ADCF800C0D2F82A
:106D800000A02CEA0E0C26EA0502DFF8E0E03B4DFD
:106D9000DEF800E0D5F800B006EA0A0846EA0A067E
:106DA000DFF8CCA0DAF800A000EA0B0520EA040422
:106DB0002EEA060640EA0B004CEA060E2AEA00001C
:106DC0000A438CEA06061443464066403E6009EAE0
:106DD000030623EA09030E4002EA080223EA080335
:106DE00032430B4045EA00062C4046EA0E06234398
:106DF0004EEA000E22EA060223EA0E03BA60FB60A6
:106E0000BDE8F88F002B3FF472AF164804F08AFFFC
:106E100000283FF46CAFDAF80030D9F800201343B3
:106E2000CAF8003063E7002B3FF478AF0D4804F058
:106E300079FF00283FF472AF3368DBF8002013437A
:106E40006BE7002B83D0074804F06CFF00283FF469
:106E50007EAFD8F80030DBF80020134375E700BFA1
:106E6000FC27001018010010F4270010A0290010C2
:106E700098290010482800109C290010942900101F
:106E8000A4290010A829001000280010F8270010DD
:106E9000024B01221A70024B187070471028001024
:106EA000A7000010034A0123116883404B40136080
:106EB000704700BF44280010034A01231168834033
:106EC0000B431360704700BF44280010172806D8F2
:106ED000034B1844012380F8281080F84030704795
:106EE00048280010014B0344187C704748280010C4
:106EF000034A0123118883400B431380704700BF6E
:106F000016280010034A0123118883400B43138085
:106F1000704700BF142800102DE9F74FDFF8ECB0E0
:106F2000DFF8ECA05C4600256268236816882269B9
:106F3000DAF83814009301201388E268B4F8089056
:106F40001278A840084210D0511E4A424A41032DEF
:106F50002FD89AF85E1001F00F0111EA090F08D13D
:106F6000002E38D101351434DEE7003A18BF012273
:106F7000EDE7002AF4D0002BF2D0224AD8460027B1
:106F80000121B94011EA03000DD0D8F80410098896
:106F900049B10193136818431060D8F8000004F059
:106FA000B3FE019B174A0137102F08F11408E7D1EF
:106FB00005E0DAF8181411EA191100D042B956B9EF
:106FC0000135102D04F11404AED103B0BDE8F08FEB
:106FD000002BF4D0D1E70C4B0A4F19683A6822EA2B
:106FE000010212EA090F03D00098314604F08CFE2A
:106FF000009804F0ADFE0028E2D03A6822EA0902C7
:107000003A60DDE7482800104028001098BD031AB8
:10701000A40E00101B4BF0B501229D680446A2404F
:107020000846E94332EA05054FEA420C4FEA820777
:107030004FEAC20606D0DD68AA431EBF1A19127CA9
:1070400062F3070011EA0C0F07D0DA683CEA02028B
:107050001EBF1A19527C62F30F20394207D0DA683A
:1070600037EA02021EBF1A19927C62F317403142BE
:1070700007D0DA6836EA02021EBF1B19DB7C63F315
:107080001F60F0BD4828001003461E2B084622D87A
:107090001E2B23D8DFE813F0260043005F007B009F
:1070A0009700B300CF00EB00070123013F015B0114
:1070B00077019601B201CE012200220022002200B7
:1070C00022002200220022002200220022002200B0
:1070D00022002200EE01FE2B00F0C8810023C0E94F
:1070E00000337047B64BD3F82C210A60D3F8302117
:1070F0004A60D3F834218A60D3F83821CA60D3F8C3
:107100003C210A61D3F840214A61D3F844218A61C5
:10711000D3F84821D3F84C31CA6103627047A84BB9
:10712000D3F850210A60D3F854214A60D3F858218B
:107130008A60D3F85C21CA60D3F860210A61D3F871
:1071400064214A61D3F868218A61D3F86C21CA614D
:10715000D3F87031E1E79A4BD3F874210A60D3F881
:1071600078214A60D3F87C218A60D3F88021CA60F4
:10717000D3F884210A61D3F888214A61D3F88C219D
:107180008A61D3F89021CA61D3F89431C5E78C4B5A
:10719000D3F898210A60D3F89C214A60D3F8A02143
:1071A0008A60D3F8A421CA60D3F8A8210A61D3F871
:1071B000AC214A61D3F8B0218A61D3F8B421CA6105
:1071C000D3F8B831A9E77E4BD3F8BC210A60D3F8D5
:1071D000C0214A60D3F8C4218A60D3F8C821CA60AC
:1071E000D3F8CC210A61D3F8D0214A61D3F8D42155
:1071F0008A61D3F8D821CA61D3F8DC318DE7704BAE
:10720000D3F8E0210A60D3F8E4214A60D3F8E821FA
:107210008A60D3F8EC21CA60D3F8F0210A61D3F870
:10722000F4214A61D3F8F8218A61D3F8FC21CA61BC
:10723000D3F8003271E7624BD3F804220A60D3F826
:1072400008224A60D3F80C228A60D3F81022CA6060
:10725000D3F814220A61D3F818224A61D3F81C2209
:107260008A61D3F82022CA61D3F8243255E7544BFF
:10727000D3F828220A60D3F82C224A60D3F83022AF
:107280008A60D3F83422CA60D3F838220A61D3F86E
:107290003C224A61D3F840228A61D3F84422CA6171
:1072A000D3F8483239E7464BD3F84C220A60D3F87A
:1072B00050224A60D3F854228A60D3F85822CA6018
:1072C000D3F85C220A61D3F860224A61D3F86422C1
:1072D0008A61D3F86822CA61D3F86C321DE7384B53
:1072E000D3F870220A60D3F874224A60D3F8782267
:1072F0008A60D3F87C22CA60D3F880220A61D3F86E
:1073000084224A61D3F888228A61D3F88C22CA6128
:10731000D3F8903201E72A4BD3F894220A60D3F8CD
:1073200098224A60D3F89C228A60D3F8A022CA60CF
:10733000D3F8A4220A61D3F8A8224A61D3F8AC2278
:107340008A61D3F8B022CA61D3F8B432E5E61C4BA7
:10735000D3F8B8220A60D3F8BC224A60D3F8C0221E
:107360008A60D3F8C422CA60D3F8C8220A61D3F86D
:10737000CC224A61D3F8D0228A61D3F8D422CA61E0
:10738000D3F8D832C9E60E4BD3F8DC220A60D3F822
:10739000E0224A60D3F8E4228A60D3F8E822CA6087
:1073A000D3F8EC220A61D3F8F0224A61D3F8F42230
:1073B0008A61D3F8F822CA61D3F8FC32ADE600BF87
:1073C000A40E00102D4BD3F800230A60D3F8042339
:1073D0004A60D3F808238A60D3F80C23CA60D3F834
:1073E00010230A61D3F814234A61D3F818238A6161
:1073F000D3F81C23CA61D3F820338EE61F4BD3F891
:1074000024230A60D3F828234A60D3F82C238A6007
:10741000D3F83023CA60D3F834230A61D3F8382371
:107420004A61D3F83C238A61D3F84023CA61D3F878
:10743000443372E6114BD3F848230A60D3F84C2347
:107440004A60D3F850238A60D3F85423CA60D3F833
:1074500058230A61D3F85C234A61D3F860238A6118
:10746000D3F86423CA61D3F8683356E6044924226A
:107470000DF02EBB03492422FAE700BFA40E001032
:1074800018280010F0000010FF2810B528D1154B67
:10749000154CD3F86025A260D3F86425E260D3F8D8
:1074A00068252261D3F86C256261D3F87025A2614A
:1074B000D3F87425E261D3F878350C49236224228D
:1074C00020460DF037FA58B10849094824220DF03A
:1074D000FFFA21460548BDE8104024220DF0F8BA15
:1074E00010BD00BFA40E0010A8000010CC000010BA
:1074F000F00000100F2810B516D80C4A52F83030A2
:1075000002EBC0020A4852681B881188048803EA0B
:10751000010222430280074A23EA010311880B4338
:107520001380054BFF221A7010BD00BFD8BE031A8E
:107530009229001090290010A60000102DE9F843B0
:10754000AC4AAD4D11882B88AC4EDFF8F882AC4FB9
:107550000B43AC492B800888338803433380AA4B04
:10756000002418780C801480FFF7C4FFB8F80010CE
:107570003B88B6F800E0B5F9000041EA030C1BB205
:1075800021EA030212B241EA0E0123EA010382EA70
:107590000C012EEA01014A4022EA00011BB24CEA2A
:1075A0000E025A4020EA020043402046A8F800108C
:1075B0003B80FBF735F890B9944BB8F80020B3F84E
:1075C0004444E3439BB21A40A8F800203A881A408A
:1075D0003A8032881A4032802A8813402B8001205A
:1075E000FBF71EF898B9894BB8F80020B3F8461499
:1075F000CB439BB21A40A8F800203A881A403A8040
:1076000032881A4032802A8813402B800C433388FA
:107610002A8813431FFA83F9DB0705D57B4B7C4887
:1076200093F8201104F070FB19F0020F05D0774B8E
:10763000784893F8201104F067FB19F0040F05D087
:10764000724B754893F8201104F05EFB19F0080F97
:1076500005D06E4B714893F8201104F055FB19F0DA
:10766000100F05D0694B6E4893F8201104F04CFBC5
:1076700019F0200F05D0654B6A4893F8201104F0EB
:1076800043FB19F0400F05D0604B674893F8201179
:1076900004F03AFB19F0800F05D05C4B634893F877
:1076A000201104F031FB19F4807F05D0574B60485E
:1076B00093F8201104F028FB19F4007F05D0534BF8
:1076C0005C4893F8201104F01FFB19F4806F05D07B
:1076D0004E4B594893F8201104F016FB19F4006F33
:1076E00005D04A4B554893F8201104F00DFB48484B
:1076F00004F02EFB08B144F00104464804F028FBD6
:1077000008B144F00204444804F022FB08B144F0FC
:107710000404424804F01CFB08B144F0080440484B
:1077200004F016FB08B144F010043E4804F010FBCE
:1077300008B144F020043C4804F00AFB08B144F0CE
:1077400040043A4804F004FB08B144F0800438488F
:1077500004F0FEFA08B144F48074364804F0F8FAF4
:1077600008B144F40074344804F0F2FA08B144F467
:107770008064324804F0ECFA08B144F400643B88B9
:10778000B8F80000E443A4B220401C4000233C8031
:10779000A8F800001F464FEA430C44FA03F20CF12C
:1077A000010102F001028A4040FA03F101F00101F7
:1077B00001FA0CF101330A430C2B47EA0207EAD124
:1077C0003388298843EA0102D2B2FCB2002A73D07E
:1077D0001B0203F470631A4A43EA01332343A2F8FD
:1077E0005E32CB21022009F091F8CB21042009F070
:1077F00081F829E014280010902900109229001027
:10780000EE27001016280010A6000010A40E00108D
:107810000C2900100829001004290010002900106C
:10782000FC280010F8280010F4280010F0280010A0
:10783000EC280010E8280010E4280010E0280010D0
:107840001C090010F027001033882A8843EA02013F
:10785000FF29C7F3072441D91B01120903F4706300
:1078600043EA0233274A2343A2F86A32CC2102209A
:1078700009F04CF8CC21042009F03CF8CD2102207D
:1078800009F0A0F800283BD11E4B93F87602B3F81C
:107890007612B0EB174F4FEA174231D08A422FD001
:1078A000CD210220A3F8762209F030F8BDE8F84394
:1078B000CD21042009F01EB8CB21022009F082F866
:1078C0000028C1D10F4B93F85E12B3F85E22A1429B
:1078D000BAD0A242B8D0A3F85E4282E7CC210220FF
:1078E00009F070F80028C9D1064B93F86A12B3F872
:1078F0006A228C42C2D0A242C0D0A3F86A42B5E745
:10790000BDE8F8831C0900100328F0B50346D1E94F
:1079100000C68F681ED8CA68174901250C6805FA89
:1079200003F0674000EA0C00384044400C60003827
:1079300026FA03F418BF0120E4070AD5194403F01E
:107940000304E400E2400C7CD3B29C421CBF0A74E6
:107950002846F0BD072801D80A69DDE70B2801D8C1
:107960004A69D9E70F2801D88A69D5E7132894BF57
:10797000CA690A6AD0E700BF48280010F8B50C4F62
:1079800005460C460026172C05D916B1172C28BF22
:1079900017242046F8BD29462046FFF7B5FF20B141
:1079A000B7F82431002BF1D106460134E4B2EAE7FE
:1079B000A40E001010B58AB00C4601A9FFF764FBB5
:1079C000074B01999A6822EA01029A60DA6801A8D5
:1079D00022EA01022146DA60FFF7D0FF0AB010BDAB
:1079E00048280010054A064B064811681B68006EBF
:1079F0004B4003404B401360704700BF48280010C5
:107A0000A4290010A40E001008B501F085FC40B9AF
:107A1000054BD3F87434DB4304490A681A400A6002
:107A200008BD4FF0FF33F7E7A40E00104828001000
:107A300008B501F079FC40B9054BD3F87834DB4345
:107A400004490A681A400A6008BD4FF0FF33F7E79F
:107A5000A40E00104828001008B501F05DFC054A8E
:107A6000434205481168406E4B4003404B40136051
:107A700008BD00BF48280010A40E0010094B0A4A98
:107A8000D3F8A014094B126818680A4042401A60E3
:107A90009A6822EA01029A60DA6822EA0102DA6050
:107AA000704700BFA40E001088290010482800105D
:107AB00070B5164D164C2B68BFF35B8F13F0010F9A
:107AC00009D128460DF090FA28B1124B28461B68C0
:107AD00023600DF0A5FA104A104BD2F8E81418688C
:107AE00025680140A9431EBFD2F8EC140143196078
:107AF0001868D2F8F814EE43014031421EBFD2F8A4
:107B0000FC2402431A601B68236070BDE427001048
:107B1000E827001040280010A40E0010482800108C
:107B20000C480D4B0D4A1B68116810B5D0F8F04495
:107B30001C408C431EBFD0F8F444A1431160D0F820
:107B40000045116823408B431EBFD0F8043599438C
:107B5000116010BDA40E001040280010482800102D
:107B6000474B2DE9F041D3F87C25D3F88865D3F84D
:107B70008C55D3F89045D3F884C5D3F89405D3F841
:107B800098E5D3F82881D3F880153E4B9F6827EA03
:107B900008079F60DF6827EA0807DF601F687940F1
:107BA00001EA080179401960D10748BF83F810C085
:107BB000970744BF4FEA1C215974510744BF4FEA4D
:107BC0001C419974170744BF4FEA1C6C83F813C01B
:107BD000D10648BF1E75970644BF310A5975510634
:107BE00044BF310C9975170644BF360EDE75D605B5
:107BF00048BF1D76910544BF290A5976570544BFF1
:107C0000290C9976160544BF2D0EDD76D10448BFA8
:107C10001C77970444BF210A5977560444BF210CAE
:107C20009977150444BF240EDC77D10348BF83F84D
:107C30002000970344BF010A83F82110560344BF74
:107C4000010C83F82210150344BF000E83F82300B3
:107C5000D40248BF83F824E0900244BF4FEA1E21BB
:107C600083F82510510244BF4FEA1E4183F82610C5
:107C7000120244BF4FEA1E6E83F827E0BDE8F08190
:107C8000A40E001048280010032819D8194BD3F867
:107C900010318A79022A29D1C000C34013F0400074
:107CA00027D0CA7903F01F0393421FD10B7AFF2B11
:107CB0001ED0104A92F80C01C31A5842584170471E
:107CC000072805D80B4BD3F814310438C0B2E0E7CD
:107CD0000B2804D8074B0838D3F81831F6E70F28DB
:107CE00004D8044B0C38D3F81C31EFE70020704760
:107CF00001207047A40E001010B5032886B02AD8C2
:107D0000204BD3F81031C000C3401A0621D54FF4E0
:107D10004072ADF8082003228DF80C2002228DF865
:107D20000E2003F01F029B0658BF164B8DF80F2044
:107D300054BF93F80C31FF238DF8103006F05CF936
:107D4000BDF814300468ADF8003002AB0ECB246FE0
:107D5000A04706B010BD072805D80A4BD3F8143148
:107D60000438C0B2CFE70B2804D8064B0838D3F844
:107D70001831F6E70F28ECD8024B0C38D3F81C3139
:107D8000EFE700BFA40E0010F0B58BB001A9FFF71C
:107D90007BF92D4B019903981C680125002305FAF6
:107DA00003F2114209D0104214BF012600261442EA
:107DB00014BF01220022964243D10133182BEED189
:107DC000DDE9067CDDE90456029C2049002324FA03
:107DD00003F2D20730D5032B08D8DA00C85C25FAA5
:107DE00002F2D2B282422CD10133F0E703F0030257
:107DF000072B4FEAC20205D8C85C26FA02F2D2B2BB
:107E00009042F0E70B2B03D8C85C27FA02F2F6E7A2
:107E10000F2B03D8C85C2CFA02F2F0E7132B11F8F1
:107E200003E004D80898D040C0B28645DBE7099843
:107E3000D040C0B2864504D10133182BC7D10120F0
:107E400000E000200BB0F0BD4828001058280010BA
:107E5000F8B5104F00244FF0FF353E4617F8010BE0
:107E6000FF2803D0FFF790FF00B165B20134E4B200
:107E7000032CF3D16B1C5BB20435B3FBF4F202EBC1
:107E800042029A1AB05CFF2802D10133AB42F4D10E
:107E9000F8BD00BF2901001000B58BB001A9FFF7A4
:107EA000F3F80F4B019A1A60029A5A600D4AD2F801
:107EB00060159960D2F86415D960D2F86815196117
:107EC000D2F86C155961D2F870159961D2F8741511
:107ED000D2F87825D9611A620BB05DF804FB00BFB7
:107EE00018280010A40E0010024B0022C3E9002243
:107EF000704700BF1828001070B50023094C0146D8
:107F00000125184654F8042B127821FA03F6F607D7
:107F100005FA02F203F101034CBF10439043182B02
:107F2000F0D170BD2C0100102DE9F04F95B00DF18E
:107F300008080023424619460133DBB2182B02F829
:107F4000011BF9D1BF4EC04C3068FFF7D5FF94F844
:107F50005D22C3B29A42054609D0C821022084F8A6
:107F60005D3208F0D3FCC821042008F0C3FC94F86B
:107F70006812C5F30722914209D0C921022084F872
:107F8000682208F0C3FCC921042008F0B3FC94F86F
:107F90007422C5F307439A4209D0CA21022084F80B
:107FA000743208F0B3FCCA21042008F0A3FCDFF807
:107FB0009CA2002557464FF0010B5AF8043B93F85A
:107FC0000090B9F1170F10D801A92846FEF736FE28
:107FD00014AB03EB4903BDF8042023F8302C09F15E
:107FE00050030DEB030909F848BC0135EDB2182D1B
:107FF000E3D10023454615F8012B002A3CD0013B74
:10800000162B18D8DFE813F02D004B0064007D001C
:108010009600AF00C800E100FA00130132014B01E5
:1080200064017D019601AF01C801E101FA0113026B
:108030002C0245027004BDF82030B4F870219A4239
:1080400002D10123A846D5E74FF48A710220A4F893
:10805000703108F05BFC4FF48A71042008F04AFC90
:10806000EFE7BDF82230B4F878219A4209D12B7895
:1080700008F102059BB902230133DBB2182BE1D1D1
:1080800012E240F215110220A4F8783108F03EFC0B
:1080900040F21511042008F02DFC0223D2E7BDF8B0
:1080A0002430B4F880219A4204D115F8013B7BB901
:1080B0000323E1E74FF48B710220A4F8803108F02C
:1080C00025FC4FF48B71042008F014FC0323B9E75E
:1080D000BDF82630B4F888219A4204D115F8013B46
:1080E0007BB90423C8E740F217110220A4F88831B5
:1080F00008F00CFC40F21711042008F0FBFB0423ED
:10810000A0E7BDF82830B4F890219A4204D115F8C0
:10811000013B7BB90523AFE74FF48C710220A4F833
:10812000903108F0F3FB4FF48C71042008F0E2FB6F
:10813000052387E7BDF82A30B4F898219A4204D184
:1081400015F8013B7BB9062396E740F2191102208E
:10815000A4F8983108F0DAFB40F21911042008F075
:10816000C9FB06236EE7BDF82C30B4F8A0219A4273
:1081700004D115F8013B7BB907237DE74FF48D71DE
:108180000220A4F8A03108F0C1FB4FF48D71042047
:1081900008F0B0FB072355E7BDF82E30B4F8A8214E
:1081A0009A4204D115F8013B7BB9082364E740F2F9
:1081B0001B110220A4F8A83108F0A8FB40F21B1103
:1081C000042008F097FB08233CE7BDF83030B4F8F2
:1081D000B0219A4204D115F8013B7BB909234BE742
:1081E0004FF48E710220A4F8B03108F08FFB4FF4E9
:1081F0008E71042008F07EFB092323E7BDF832309E
:10820000B4F8B8219A4204D115F8013B7BB90A238E
:1082100032E740F21D110220A4F8B83108F076FBD5
:1082200040F21D11042008F065FB0A230AE7BDF89F
:108230003430B4F8C0219A420AD115F8013BABB9E9
:108240000B2319E7482800101C0900102C0100100E
:108250004FF48F710220A4F8C03108F057FB4FF49F
:108260008F71042008F046FB0B23EBE6BDF8363097
:10827000B4F8C8219A4204D115F8013B7BB90C230C
:10828000FAE640F21F110220A4F8C83108F03EFBC4
:1082900040F21F11042008F02DFB0C23D2E6BDF89C
:1082A0003830B4F8D0219A4204D115F8013B7BB99B
:1082B0000D23E1E64FF490710220A4F8D03108F0CC
:1082C00025FB4FF49071042008F014FB0D23B9E650
:1082D000BDF83A30B4F8D8219A4204D115F8013BE0
:1082E0007BB90E23C8E640F221110220A4F8D83150
:1082F00008F00CFB40F22111042008F0FBFA0E23D9
:10830000A0E6BDF83C30B4F8E0219A4204D115F85B
:10831000013B7BB90F23AFE64FF491710220A4F823
:10832000E03108F0F3FA4FF49171042008F0E2FA1A
:108330000F2387E6BDF83E30B4F8E8219A4204D115
:1083400015F8013B7BB9102396E640F22311022079
:10835000A4F8E83108F0DAFA40F22311042008F01A
:10836000C9FA10236EE6BDF84030B4F8F0219A4205
:1083700004D115F8013B7BB911237DE64FF49271CE
:108380000220A4F8F03108F0C1FA4FF492710420F1
:1083900008F0B0FA112355E6BDF84230B4F8F821E0
:1083A0009A4204D115F8013B7BB9122364E640F2EE
:1083B00025110220A4F8F83108F0A8FA40F225119E
:1083C000042008F097FA12233CE6BDF84430B4F8D4
:1083D00000229A4204D115F8013B7BB913234BE6E6
:1083E0004FF493710220A4F8003208F08FFA4FF492
:1083F0009371042008F07EFA132323E6BDF846307B
:10840000B4F808229A4204D115F8013B7BB9142331
:1084100032E640F227110220A4F8083208F076FA7A
:1084200040F22711042008F065FA14230AE6BDF88B
:108430004830B4F810229A4204D115F8013B7BB9B8
:10844000152319E64FF494710220A4F8103208F0B5
:108450005DFA4FF49471042008F04CFA1523F1E50D
:10846000BDF84A30B4F818229A4204D115F8013BFD
:108470007BB9162300E640F229110220A4F8183235
:1084800008F044FA40F22911042008F033FA1623C8
:10849000D8E5BDF84C30B4F820229A4240F015825D
:1084A0002B78002B40F020823B68CD4D1B78B4F92F
:1084B0006E2133441B7C35F913309A4209D0FC21DC
:1084C0000220A4F86E3108F021FAFC21042008F003
:1084D00011FA7B68B4F976211B7833441B7C35F99B
:1084E00013309A4209D0FD210220A4F8763108F019
:1084F0000DFAFD21042008F0FDF9BB68B4F97E21D6
:108500001B7833441B7C35F913309A4209D0FE2185
:108510000220A4F87E3108F0F9F9FE21042008F0C9
:10852000E9F9FB68B4F986211B7833441B7C35F9E3
:1085300013309A4209D0FF210220A4F8863108F0B6
:10854000E5F9FF21042008F0D5F93B69B4F98E2143
:108550001B7833441B7C35F913309A420BD04FF40F
:1085600080710220A4F88E3108F0D0F94FF48071A8
:10857000042008F0BFF97B69B4F996211B783344D5
:108580001B7C35F913309A420BD040F201110220C6
:10859000A4F8963108F0BAF940F20111042008F06D
:1085A000A9F9BB69B4F99E211B7833441B7C35F9CA
:1085B00013309A420BD04FF481710220A4F89E31FF
:1085C00008F0A4F94FF48171042008F093F9FB69D5
:1085D000B4F9A6211B7833441B7C35F913309A4239
:1085E0000BD040F203110220A4F8A63108F08EF956
:1085F00040F20311042008F07DF93B6AB4F9AE2182
:108600001B7833441B7C35F913309A420BD04FF45E
:1086100082710220A4F8AE3108F078F94FF482712B
:10862000042008F067F97B6AB4F9B6211B7833445B
:108630001B7C35F913309A420BD040F20511022011
:10864000A4F8B63108F062F940F20511042008F0F0
:1086500051F9BB6AB4F9BE211B7833441B7C35F950
:1086600013309A420BD04FF483710220A4F8BE312C
:1086700008F04CF94FF48371042008F03BF9FB6AD1
:10868000B4F9C6211B7833441B7C35F913309A4268
:108690000BD040F207110220A4F8C63108F036F9D9
:1086A00040F20711042008F025F93B6BB4F9CE2104
:1086B0001B7833441B7C35F913309A420BD04FF4AE
:1086C00084710220A4F8CE3108F020F94FF48471AF
:1086D000042008F00FF97B6BB4F9D6211B783344E2
:1086E0001B7C35F913309A420BD040F2091102205D
:1086F000A4F8D63108F00AF940F20911042008F074
:10870000F9F8BB6BB4F9DE211B7833441B7C35F9D7
:1087100013309A420BD04FF485710220A4F8DE3159
:1087200008F0F4F84FF48571042008F0E3F8FB6BCF
:10873000B4F9E6211B7833441B7C35F913309A4297
:108740000BD040F20B110220A4F8E63108F0DEF85D
:1087500040F20B11042008F0CDF83B6CB4F9EE2187
:108760001B7833441B7C35F913309A420BD04FF4FD
:1087700086710220A4F8EE3108F0C8F84FF4867133
:10878000042008F0B7F87B6CB4F9F6211B78334469
:108790001B7C35F913309A420BD040F20D110220A8
:1087A000A4F8F63108F0B2F840F20D11042008F0F8
:1087B000A1F8BB6CB4F9FE211B7833441B7C35F95E
:1087C00013309A420ED04FF487710220A4F8FE3184
:1087D00008F09CF84FF48771042008F08BF801E052
:1087E00058BF031AFB6CB4F906221B7833441B7C78
:1087F00035F913309A420BD040F20F110220A4F841
:10880000063208F083F840F20F11042008F072F8E5
:108810003B6DB4F90E221B7833441B7C35F91330C1
:108820009A420BD04FF488710220A4F80E3208F05F
:108830006DF84FF48871042008F05CF87B6DB4F992
:1088400016221B7833441B7C35F913309A420BD027
:1088500040F211110220A4F8163208F057F840F245
:108860001111042008F046F8BB6DB4F91E221B78E4
:108870001E44337C35F913309A420BD04FF4897182
:108880000220A4F81E3208F041F84FF48971042048
:1088900008F030F8FB6D1A781F4B13441B7C35F938
:1088A00013201E4BB3F92612914231D040F213111E
:1088B0000220A3F8262208F029F840F21311042020
:1088C00015B0BDE8F04F08F015B84FF495710220CF
:1088D000A4F8203208F01AF84FF49571042008F03B
:1088E00009F81723FFF7AEBBBDF84E30B4F82822C5
:1088F0009A423FF4D9AD40F22B110220A4F828325D
:1089000008F004F840F22B11042007F0F3FFCBE548
:1089100015B0BDE8F08F00BF482800101C090010FA
:10892000FFF702BB164A174938B50023164DD1F898
:1089300060452C601046C2E9023340F83F4B1C46AC
:108940000133DBB2182B00F8014FF9D1D1F86435AF
:108950001361D1F868355361D1F86C359361D1F862
:108960007035D361D1F874351362D1F8783553621C
:10897000FFF7D6FFFDF72EFD044B187038BD00BF82
:1089800048280010A40E0010442800101401001004
:108990000368828819885B888A4205D1C2889A4216
:1089A0000BD8981A80B270470132914205D1C28823
:1089B0009A4202D9981A0530F4E705207047FFFF64
:1089C00030B52E4C2E4D2368BFF35B8F13F0010F93
:1089D00085B010D120460CF007FB60B105F00CFB10
:1089E00003689B6E984703882860AB804388EB80C0
:1089F00020460CF015FB2248FFF7CAFF88B120483B
:108A00006946FDF759FFBDF80620BDF80B10DDF8EB
:108A10000A309DF80A00012A05D11A490A685A400D
:108A20000A6005B030BD022A03D116490A681A430C
:108A3000F6E7032A04D113490A6822EA0302EFE7A2
:108A4000042A0FD11728ECD842F2D86399420D4B73
:108A500003448BBFFF2227221A74B1FBF2F198BFA7
:108A60001974DEE7072A04D1074A11880B431380E3
:108A7000D7E7062AD5D1054AF7E700BF042800103A
:108A80000828001048280010902900109229001092
:108A900030B5164C164D2368BFF35B8F13F0010FF2
:108AA00085B010D120460CF09FFA60B105F0A4FA11
:108AB00003689B6E984703882860AB804388EB80EF
:108AC00020460CF0ADFA0A48FFF762FF10B9FF200C
:108AD00005B030BD06486946FDF7EEFEBDF806302C
:108AE000052BF4D19DF80A00F2E700BFCC27001057
:108AF000D027001030B51A4C1A4D2368BFF35B8F96
:108B000013F0010F85B010D120460CF06DFA60B162
:108B100005F072FA03685B6E984703882860AB80A3
:108B20004388EB8020460CF07BFA0E48FFF730FFBD
:108B300068B10C486946FDF7BFFE0024E5B26946FE
:108B40002846FFF7A1F838B90134102CF6D105B04A
:108B5000BDE83040FFF79CBF284605B030BD00BFE0
:108B6000D8270010DC2700102DE9FF41FFF770F92E
:108B70000746FFF7BFFF704C704D0646FF2818BF31
:108B800007462078FEF780FC2B782BB9FDF722FCF6
:108B900010B16B4B01221A70FDF71CFC694B6A4A3D
:108BA0001B78DFF8C4812870EBB16548137805782D
:108BB000664965B191F86E540F2D08D800220270F5
:108BC000A3B998F80030002B3AD1257032E091F823
:108BD00022510F2DF4D9FE2D05D13BB998F8003064
:108BE000F3B9257040E013783D4673B1574BB3F8A5
:108BF0002231B3F5805F4FEA132204D2D5B2284662
:108C0000FFF74AF9DDE7FFF76FF998F8003003BB8B
:108C1000FF2D38D0FF2E257026D1FE2D24D00BE05D
:108C20004B4B1B780F2B04D9FE2B1BD01E2BD8D1FE
:108C30001E232370FF2E17D1464B01221A7013E01A
:108C4000434B1B780F2BF4D9FE2B0BD01E2BE1D1FD
:108C5000EEE73F4B1B780F2BEBD9FE2B02D01E2BE0
:108C6000D6D1E5E7FE2323702278A2F11003DBB210
:108C7000ED2B15D81E2A13D0FF232370354B00226D
:108C80001A70FF233EE02378A3F11002D2B2ED2A3E
:108C900003D81E2BF0D1002509E0FF2BFBD1EDE717
:108CA0002D4B00221A702378FF2BE7D00125274E89
:108CB000B6F824315BBBB6F8241142F21076B1420B
:108CC0000DD9264B01939121002301A80393F7F7B7
:108CD00027FB3146012201A8F7F760FD31461E4E01
:108CE0001F4803F007F831782078FEF763FE182854
:108CF00015D100233370FF2323702378FF2BC0D0BE
:108D0000002DBED0174A137004B0BDE8F08114489E
:108D100003F008F80028CED1002DCCD1B1E7013006
:108D200030700C4E3378002BE7D02078FEF7E4FF4C
:108D300000233370E1E700BFA5000010140100100C
:108D40003C2800101228001011280010A40E00105A
:108D5000A7000010EC270010ED2700108474031A00
:108D600010290010A60000101028001030B585B0A2
:108D7000074B019304460023154601A80393F7F718
:108D8000BFFA2A46214601A8F7F7E4FC05B030BD3A
:108D9000AC74031A1F4B10B51F4C186801229421A4
:108DA000FFF7E4FFD4F864150020FEF733F9012241
:108DB0009521FFF7DBFFD4F868150420FEF72AF9A8
:108DC00001229621FFF7D2FFD4F86C150820FEF798
:108DD00021F901229721FFF7C9FFD4F870150C2063
:108DE000FEF718F901229821FFF7C0FFD4F8741597
:108DF0001020FEF70FF901229921FFF7B7FFD4F8F1
:108E000078151420FEF706F9BDE8104001229A21DA
:108E1000FFF7ACBF48280010A40E001038B51B4C5B
:108E20001B4B1C4D22681A602B682360FDF704FF62
:108E3000FDF71EFFFFF7C4FDFDF72EFFFEF77EFBDB
:108E4000FFF792FEFEF734FEFEF766F8FEF768FEC7
:108E5000FEF7C8FDFEF712FEFEF7FEFDFEF780FEF0
:108E600023686360FEF7D0FDFEF7E2FDFFF758FDD3
:108E7000FFF790FF6368084A23602B60002313709C
:108E8000064A1370064A137038BD00BF4828001008
:108E9000402800104428001012280010112800104B
:108EA0001028001001230370024B0348B3F842104E
:108EB00002F02ABFA40E00103829001008B5812343
:108EC0000370054B0548B3F8441002F01DFF044B36
:108ED00001221A7008BD00BFA40E0010382900102E
:108EE0001128001008230370012303714371034B01
:108EF0000348B3F8461002F007BF00BFA40E0010ED
:108F000038290010054B10B5B3F842100446044848
:108F100002F0FAFE0723237010BD00BFA40E00105C
:108F20003829001080230370084B01221A70084A68
:108F300092F82E30012B08D1D2F85815090704D425
:108F400092F8E4240AB903714371704711280010A4
:108F5000A40E001013B505F04FF8064B026899896E
:108F6000ADF80010146F19685A689B68A04702B0EA
:108F700010BD00BF242900104388032B83BF0023AA
:108F80004380038801338ABF0133438003807047E5
:108F90008023084A037092F82E30012B08D1D2F8B2
:108FA0005815090704D492F8E4240AB903714371EF
:108FB000704700BFA40E001038B50578062D044692
:108FC00055D005D8012D15D0052D38D081231DE0B1
:108FD000802D58D0812DF9D1374A3848002313709D
:108FE000374A137002F0B4FEF0B1364B1B78DB0742
:108FF00020D50AE0304B1D70314B1D70314B1B7872
:10900000D80705D5304B01221A70062323700BE0D8
:10901000637853B1052323702C4B2D48B3F84610C9
:1090200002F072FEA570E57038BD294802F090FE8E
:109030000028F9D02046BDE83840FFF773BF1E4A2C
:10904000012313701E4A13701E4B1B7813F0010589
:10905000D8D1437823B92046BDE83840FFF722BF76
:109060001B4802F075FE0028DED06570E2E7124A68
:109070000023437001231370114A1370114B1B78A6
:10908000D907D1D4E7E70C4A002313700C4A1370B8
:109090000C4B1B78DA07B5D44378002BC4D00523DA
:1090A00003700A4B0A48B3F8461002F02DFE012364
:1090B000A370E370B8E700BF332900103429001013
:1090C00032290010551D001012280010A40E0010A7
:1090D0003829001070B50378082B044611D86C4964
:1090E0006C4A581E01256C4B0D70072811D8DFE81B
:1090F00010F0270047005700690073008500C60084
:109100008900802B00F08880812B00F09B80002359
:1091100004E01B781570D90702D40423237006E0FD
:109120005E4802F015FE10B12046FFF7BBFE5C4B17
:109130001B7823B12378042B1CBF0723237070BD39
:109140001B781570DA07E8D5564B1B78DB0701D57D
:109150000723E3E7514802F0FBFD0028E7D0524B1C
:1091600093F83220012A03D0D3F85825560725D585
:1091700002222270B3F84810484802F0C5FDD6E735
:109180001B780021DD071170C7D5444802F0E0FDCF
:109190000028CCD003232370434BB3F84A10EBE7ED
:1091A000002111701B78DA07B7D53E4B1B78DE071C
:1091B000CED43A4802F0CCFD0028B8D02046FFF7C4
:1091C0007DFEB4E71B781570D807B0D50023237057
:1091D000354BB3F84010CFE71B7800211170D90749
:1091E0009BD52E4802F0B4FD0028A0D006232370A2
:1091F0002D4B2571B3F846106571BDE70021117044
:109200006170CFE71B780021DB0711706170CCD44F
:10921000264B01221A7080E71D4A002313701D4A55
:1092200013701D4B1B78DD07F2D543781BB1204628
:10923000FFF758FE7BE71B4B1B78D8077FF577AF0E
:109240000523C4E74378002BF1D1114A1370114A6A
:109250001370114B1B78D907DAD5124B1B78DA073C
:1092600003D5FE20FDF714FE72E70C4802F070FDF6
:1092700000283FF45CAF2046FFF78AFE57E71B78D3
:109280001570DB074FF0000262707FF546AF4EE7C6
:109290003329001032290010540000103829001022
:1092A000541D0010561D0010A40E001012280010AE
:1092B00008B5044802F04CFDBDE80840024802F041
:1092C00047BD00BF382900103429001001480A2189
:1092D00002F01ABD3429001010B504F08DFE0368A9
:1092E0004FF4F6715B6A984704F086FE036840F21B
:1092F000ED115B6A984704F07FFE03684FF4F77145
:109300005B6A984704F078FE0368BDE810405B6A2A
:1093100040F2EB111847FFFF024B1878003818BFD6
:109320000120704733290010024B1878003818BF0D
:10933000012070473229001008B504F05DFE036873
:1093400040F2EF11DB6D984704F056FE03684FF4CE
:10935000F871DB6D984704F04FFE036840F2F1119D
:10936000DB6D9847074AB2F8783692F87A1643F4DC
:10937000807341F0010143F00103A2F8783682F8CE
:109380007A1608BDA40E00102DE9F74F2E4991F86A
:109390001465B1F81455B1F816A591F81695B1F801
:1093A000187591F81885B6B104F026FE40F2EF4426
:1093B000036800942D0AD3F858B02A46334640F289
:1093C000EF11D84704F018FE03682A46D3F860B0BE
:1093D00021463346D847B9F1000F15D004F00CFEF2
:1093E00040F2EF45036800954FEA1A2A9E6D5246F7
:1093F0004B464FF4F871B04704F0FEFD0368524647
:109400001E6E29464B46B047B8F1000F18D004F045
:10941000F3FD40F2EF44036800943F0A3A469E6D24
:1094200040F2F1114346B04704F0E6FD03681E6EBA
:109430003A4643462146B44603B0BDE8F04F604784
:1094400003B0BDE8F08F00BFA40E00102DE9F3417A
:10945000414D424C2B68BFF35B8F13F0010F064662
:1094600010D128460BF0C0FD60B104F0C5FD0368C3
:10947000DB6E984703882060A3804388E3802846FA
:109480000BF0CEFD364B2568B3F81425A18852BAEF
:10949000ADF80020B3F81625B3F818355BBAADF86F
:1094A00004302B8852BA8B42ADF802206A8808D16A
:1094B000E788BA420FD334D068680E2505FB070051
:1094C0000DE0481C83422FD1E788BA422BD2501DB1
:1094D00080B28742EFE768680E2505FB02008778B7
:1094E00090F803C080796D464FF0000E95F800802B
:1094F000B84503D195F80180E04524D00EF1010E66
:10950000BEF1030F05F10205F0D18B4215D1E188C0
:109510008A4206D002D2013BA380E2801148FFF7C5
:109520002BFD002014E0C7D96D680E2000FB02550A
:10953000AF7895F803C0A879D5E701318B42EAD11D
:10954000E1889142E6E78642EBD1A380E2800120E8
:1095500002B0BDE8F08100BF182900101C290010DE
:10956000A40E00102029001008B5064B1B78DB075D
:109570004FF0010004D4FFF769FF003818BF012045
:1095800008BD00BF561D001010B504F035FD03687E
:10959000BDE81040DB6D11211847FFFF0E4BF7B5FA
:1095A000B3F8124504F028FD40F2B7450368009572
:1095B000260AE4B232469F6D11212346B84704F0D3
:1095C0001BFD03681F6E324623462946BC4603B086
:1095D000BDE8F040604700BFA40E0010064B40F20B
:1095E00005321A8001221A719A71044B1B789B076D
:1095F00001D5FFF7AFBC704724290010561D00109D
:10960000064B40F205321A8001221A7102229A7129
:10961000034B1B780BB1FFF79DBC7047242900104A
:10962000541D00102DE9F041A64CA74894F841358F
:1096300094F8526094F8D05586B08DF8063094F8BE
:109640004A358DF8073094F840358DF8083094F895
:1096500049358DF809308DF805608DF8045002F019
:1096600077FB94F81A35022B07D1984B1A787AB108
:1096700000221A70FFF760FE0AE0954B1A781AB1C3
:1096800000221A70FFF780FF94F81A35012BECD1F5
:1096900094F83030012B11D0022B40F0A182072D1D
:1096A00000F0C18200F2A082022D00F0E882032DBA
:1096B00000F0028301A8FFF725FC09E094F81A25C1
:1096C000012A69D0022A00F00B8201A8FFF702FDEF
:1096D0009DF804507F4F03970024112103A805949F
:1096E000F6F73EFE0122294603A8F7F723F99DF875
:1096F0000580794E0396452103A80594F9F7AAFE43
:109700000122414603A8FAF7B7F89DF806800397AF
:109710001E2103A80594F6F723FE0122414603A863
:10972000F7F708F99DF807800397272103A8059408
:10973000F6F716FE0122414603A8F7F7FBF89DF85D
:10974000087003961D2103A80594F9F783FE0122F2
:10975000394603A8FAF790F89DF809700396262178
:1097600003A80594F9F776FE0122394603A8FAF713
:1097700083F85A4B93F8FF20AA4200F0C782932146
:10978000022083F8FF5007F0C1F89321042006B0AF
:10979000BDE8F04107F0AEB84C4B1978C1B91A706A
:1097A000FFF7CAFDFFF7F0FD082D2DD84C484D49B5
:1097B0004D4A0123013D0370072D30D8DFE815F035
:1097C00056009800B400D500EF0014017101190192
:1097D00004F012FC03684FF4F6711B6A98470028E6
:1097E000DED104F009FC036840F2ED111B6A9847D2
:1097F0000028D5D104F000FC03684FF4F7711B6A10
:1098000098470028CCD1CFE7802D4FF0000300F01F
:10981000FB80812D00F01B818DF8043018E00B7067
:109820001378DE070BD594F87836DD0707D594F862
:109830007936D80703D594F87A36D90701D40423AA
:10984000EAE7214802F084FA10B101A8FFF72AFBE9
:10985000264B1B78002B00F03C819DF80430042B34
:109860003FF436AF07238DF8043031E70B701378DF
:10987000DA07E4D594F87836DB07E0D594F8793642
:10988000DF07DCD594F87A36DE07D8D5FFF76CFE13
:1098900008B10723C0E70C4802F05AFA0028D7D0D5
:1098A00094F83230012B03D0D4F858355D0758D5E1
:1098B0000223B4F848108DF80430034802F024FA6B
:1098C000C6E700BFA40E0010382900103C29001084
:1098D0003D290010D474031A48BA031A1C09001059
:1098E000332900103229001054000010541D0010BC
:1098F00000230B701378D807A1D594F87836D907D0
:109900009DD594F87936DA0799D594F87A36DB073D
:1099100095D5A64802F01CFA002899D00323B4F884
:109920004A108DF80430C8E700230B701378DE0767
:1099300085D594F87836D80781D594F87936D90743
:109940007FF57DAF94F87A36DA077FF578AFFFF7C9
:109950000BFE00289DD1954802F0FAF900283FF44B
:1099600077AF01A8FFF7AAFA72E70B701378DF0749
:109970007FF56EAF94F87836DE077FF569AF94F81F
:109980007936DD077FF564AF94F87A36D8077FF52E
:109990005FAF0023B4F840108DF804308DE700234A
:1099A0000B701378D9077FF54AAF94F87836DA0749
:1099B0007FF545AF94F87936DB077FF540AF94F833
:1099C0007A36DF077FF53BAF784802F0C1F900280F
:1099D0003FF43EAF06238DF8043040F20113B4F893
:1099E0004610ADF8083068E700230B708DF805309D
:1099F0009CE700230B708DF805301378DD0798D4B1
:109A00006B4B01221A701AE76A4A13706A4A137084
:109A10006A4B1B78DB07F3D594F87836DF077FF5C0
:109A20000EAF94F87936DD077FF509AF94F87A36F2
:109A3000D8077FF504AF1EB101A8FFF753FA07E777
:109A4000FFF792FD00283FF403AF0523A2E7002EA5
:109A5000F2D1584B1E70584B1E70584B1B78D907CB
:109A6000CED594F87836DA077FF5E9AE94F87936F2
:109A7000DB077FF5E4AE94F87A36DF077FF5DFAEDB
:109A8000FFF772FD18B1FE20FDF702FA01E7474823
:109A900002F05EF900283FF4DBAE01A8FFF778FA88
:109AA000D6E60B7000238DF805301378DE077FF5BE
:109AB000C6AE94F87836DD077FF5C1AE94F87936F6
:109AC000D8077FF5BCAE94F87A36D9077FF5B7AEE4
:109AD000BEE60220FFF7BAFC00287FF4BEAEF7E531
:109AE000374A117829B91370FFF74EFDFFF756FD7D
:109AF00008E004F081FA036840F2EB111B6A984712
:109B00000028F1D1082D2F4C0CD82A492A4A0123CC
:109B1000013D0B70072D0FD8DFE805F0220D21263F
:109B20000D215A21802D4FF000032FD0812D31D0EF
:109B30008DF8043001E000231370234A9DF80430AF
:109B400012782370002A3FF4C3AD13F0FB0F3FF4EB
:109B5000BFAD072B3FF4BCADFFF752FDB8E50023C6
:109B60001370FFF73BFDE8E713702378042BE4D074
:109B7000124A1278D207E0D4082B03D083F0800376
:109B8000012BDAD80A4B01221A70D6E7094A137062
:109B9000094AE5E7074A1370074A13702378812BB7
:109BA000DFD00A4B01221A70DBE700BF3829001012
:109BB0001228001033290010322900105400001020
:109BC0003D29001028010010541D0010112800101C
:109BD00013702378812BB0D1FE20FDF759F9ACE743
:109BE00001A8FFF7E9F973E5802D7FF463AD494AD9
:109BF000494C4A4D00231370494A8DF805301370C3
:109C0000237813F0010F06D1464B1B781BB92B7834
:109C1000D9073FF55DAD01A8FFF774F92B78DA0796
:109C20006CD4414B67E03B4A012313703C4A1370EC
:109C300000238DF80530384B1B78DB073FF53AAD34
:109C4000384B1B78002B7FF435AD344B1B78DF0786
:109C50007FF530AD354802F07BF800283FF438AD91
:109C600094F83230012B03D0D4F858355E073ED536
:109C7000B4F848102D4802F047F80223F3E5254BCD
:109C800001221A70264B00221A70264B1B78002BDB
:109C90007FF410AD214B1B78DD077FF50BAD23481A
:109CA00002F056F800283FF413ADB4F84A101F48EC
:109CB00002F02AF80323D6E5164B01221A70184B3E
:109CC00000221A70144B1B78DC073FF5F3AC154BE0
:109CD0001B78002B7FF4EEAC104B1B78D8077FF578
:109CE000E9AC124802F034F800283FF4F1AC8023CC
:109CF0008DF804300E4B01221A70E9E42378DB075B
:109D00007FF5E6ACFE20FDF7C3F8E1E406B0BDE860
:109D1000F08100BF33290010561D001054000010C0
:109D200032290010541D001012280010382900108C
:109D300011280010F8B52DED048B0178044631B1DF
:109D400001296DD000236370BDEC048BF8BD5F4B1F
:109D50005F4A93F8713092ED078A03275B4D95F8BF
:109D600070230A41D207EDD55A4A012BD2ED008A61
:109D70005ED0022B69D0002BE4D1554B93ED019AB4
:109D8000052695F9D035D5ED1B7A002B06DA95F826
:109D90002E301BB9D5F858351B07D3D595ED096A78
:109DA00095F83830F0EE086A86EE267A002B60D0FF
:109DB00078EEC76AF4EEC96AF1EE10FA52DD0123BB
:109DC000A37077EEA87A77EEC76AF4EEC86AF1EE70
:109DD00010FA55DD0123E370F3EE0D7A37EEC77A02
:109DE000B4EEC87AF1EE10FA51DD01232371314649
:109DF000402006F0E7FD08B10123A370394640205A
:109E000006F0E0FD00285CD095F83830002B45D0F6
:109E10000123E3702371A378002B41D0237940E024
:109E20002A4B2B4A93F8723092ED098A042795E762
:109E3000274B3F21802093ED039A06F0C3FD10B11C
:109E4000254BD3ED008A06269BE7214B402180203D
:109E500093ED059A06F0B6FD10B1204BD3ED008AC4
:109E600007268EE7F4EEC98AF1EE10FAA9D800238E
:109E7000A6E7D5ED076A012377EEA67AA370A2E7DD
:109E8000F4EEC87AF1EE10FAA6D80023A3E7B4EEF8
:109E9000E78AF1EE10FAAADB0023A7E7E37023714B
:109EA000002363703946402006F08CFD00283FF403
:109EB0004BAF3146402006F085FD00287FF442AFCD
:109EC00042E7E378002BEBD0A5E700BFA40E00101B
:109ED0001C0900106C00001058000010082200102F
:109EE00038B50A4D0A4C2846FFF724FF2046FFF7F5
:109EF00021FF084B697819706378074A0748137087
:109F000041EA4301C9B2F6F734FD38BD51290010CA
:109F10004C29001057290010562900104029001024
:109F200008B50B4A0B480023137053709370D3701D
:109F30001371094A83600121117053709370D370BB
:109F400013714FF49B71054A0260F6F709FA08BDD8
:109F500051290010402900104C290010D474031A14
:109F60004388032B83BF00234380038801338ABFC8
:109F7000013343800380704707B50F4A1F238DF8D4
:109F80000430B2F87830B2F87A208DF80520042138
:109F90005BBA0DEB010040F24B12ADF8063006F053
:109FA0007BFF04214FF4A6720DEB010006F074FF55
:109FB00003B05DF804FB00BFA40E001073B55A4C4B
:109FC000D4F8143653B1042140F24B120DEB0100CA
:109FD000019306F061FF0023C4F81436D4F8183654
:109FE00053B104214FF4A6720DEB0100019306F06A
:109FF00053FF0023C4F818364C4D4D4C2B68BFF36B
:10A000005B8F13F0010F10D128460AF0EDFF60B10D
:10A0100003F0F2FF03685B6E984703882060A3801B
:10A020004388E38028460AF0FBFF2268A188108855
:10A03000538888422CD1E1888B4234D34AD053686C
:10A040000E2202FB01339E79DA791D7A597A39485A
:10A05000FFF786FF012E32D1374C42EA052540F248
:10A060004F110220A4F83A5206F050FC40F24F1172
:10A07000042006F03FFC4FF4A8710220A4F84452DB
:10A0800006F044FC4FF4A871042006F033FC21E0F4
:10A090000131884207D1E1888B4203D205339BB25C
:10A0A0009942CBE7CBD951680E2202FB031101384C
:10A0B0008E79CA790D7A497AA080E380C7E7032EAA
:10A0C0000AD12D0245EA02451C482943F6F75CFBFC
:10A0D000FFF752FF02B070BD052EFBD1164D02EB0B
:10A0E000820202EB8202B5F83C329400A4B2A34291
:10A0F0000BD040F253110220A5F83C4206F006FCBA
:10A1000040F25311042006F0F5FBB5F84632A342A5
:10A11000E0D04FF4AA710220A5F8464206F0F6FB03
:10A120004FF4AA71B0E700BFA40E00105829001028
:10A130005C290010602900101C090010642900101F
:10A14000024B034A1A6000229A607047642900108B
:10A15000AC74031A174B10B500221A7003F04CFFB1
:10A1600003684FF4BD715B6A984703F045FF0368CD
:10A1700040F27B115B6A984703F03EFF03684FF49F
:10A18000BE715B6A984703F037FF03684FF4BF71F5
:10A190005B6A984703F030FF036840F27F115B6A07
:10A1A000984703F029FF0368BDE810405B6A4FF44D
:10A1B000C07118477029001030B585B0074B019366
:10A1C00004460023154601A80393F6F7A9F82A468A
:10A1D000214601A8F6F7E2FA05B030BD8474031AEF
:10A1E00010B52DED028B84B003F006FF03684FF429
:10A1F000BD711B6A984790B14FF4B97101A8F9F786
:10A2000005FA774BD3ED007AFCEEE77A01A817EE5A
:10A21000901A01EB8101490089B2F9F717FB03F0AD
:10A22000EBFE036840F27B111B6A984750B140F285
:10A23000731101A8F9F7EAF96A4B01A8B3F83C16C3
:10A24000F9F704FB03F0D8FE03684FF4BE711B6AF4
:10A25000984750B14FF4BA7101A8F9F7D7F9614B9B
:10A2600001A8B3F83E16F9F7F1FA03F0C5FE03684A
:10A270004FF4BF711B6A984750B14FF4BB7101A8EE
:10A28000F9F7C4F9574B01A8B3F84216F9F7DEFA0B
:10A2900003F0B2FE036840F27F111B6A984750B189
:10A2A00040F2771101A8F9F7B1F94E4B01A8B3F8C4
:10A2B0004416F9F7CBFA03F09FFE03684FF4C07120
:10A2C0001B6A984750B14FF4BC7101A8F9F79EF989
:10A2D000444B01A8B3F84616F9F7B8FA424CB4F863
:10A2E000A832B4F8A20207EE903AF8EE677AB2EE1E
:10A2F000047A87EE878A01224FF4BC71FFF75CFF76
:10A300000122B4F8A40240F27911FFF755FF374B50
:10A3100001934FF4BD71002301A80393F6F710F8E1
:10A3200018EE101A012201A8F6F7C6FAB4F8AA022C
:10A33000012240F27B11FFF73FFFB4F8AC0201228B
:10A340004FF4BE71FFF738FFB4F8AE02012240F2BD
:10A350007D11FFF731FFB4F8B00201224FF4BF7155
:10A36000FFF72AFFB4F8B202012240F27F11FFF793
:10A3700023FFB4F8B40201224FF4C071FFF71CFFB1
:10A38000B4F8B63263B1032B20D0062B22D040F2B2
:10A39000791101A8F9F73AF9002101A8F9F756FA5D
:10A3A000134B1B78C3B140F2711101A8F9F72EF9D4
:10A3B000029B8BB101994FF6FC7202201A8004B007
:10A3C000BDEC028BBDE8104006F0A0BA094B01229B
:10A3D0001A70DCE7084BFAE704B0BDEC028B10BD45
:10A3E000DC140010A40E00101C090010C074031A25
:10A3F00070290010B0220010C8270010024B4FF443
:10A40000FE721A60704700BF74290010574A92F814
:10A4100032302BB1564BB3F80835DB4303F0010360
:10A4200092F8361031B15249B1F8081581F00201A5
:10A43000C1F340010B4392F83A1031B14C49B1F8E5
:10A44000081581F00401C1F380010B4392F83E101E
:10A4500031B14749B1F8081581F00801C1F3C001D5
:10A460000B4392F8421031B14149B1F8081581F01F
:10A470001001C1F300110B4392F8461031B13C4971
:10A48000B1F8081581F02001C1F340110B4392F897
:10A490004A1031B13649B1F8081581F04001C1F3D5
:10A4A00080110B4392F84E1031B13149B1F80815C3
:10A4B00081F08001C1F3C0110B4392F8521031B109
:10A4C0002B49B1F8081581F48071C1F300210B43C9
:10A4D00092F8561031B12649B1F8081581F400718F
:10A4E000C1F340210B4392F85A1031B12049B1F821
:10A4F000081581F48061C1F380210B4392F85E104E
:10A5000031B11B49B1F8081581F40061C1F3C021D4
:10A510000B4392F8621031B11549B1F8081581F476
:10A520008051C1F300310B4392F8661031B11049EC
:10A53000B1F8081581F40051C1F340310B4392F892
:10A540006A1031B10A49B1F8081581F48041C1F3AC
:10A55000803192F86E000B4328B1054AB2F8080525
:10A56000C043C0F3C0301843704700BF1C0900103F
:10A57000A40E001010B50B780278447853402340A5
:10A5800043700A7010BDFFFF2DE9F04F93B0CDE985
:10A590000501002407929DF87020ADF834300C922C
:10A5A000DDB2C3F307260B94A046A146A3460A9446
:10A5B00004940994A246089403940C9BBBB1039B9A
:10A5C0000433DBB29DF81410FF2925D00598C0F3A1
:10A5D0004210013801F01F0206280AD8DFE810F007
:10A5E0006E008F00A400BB00D300ED001B01039B95
:10A5F000E8E7172A10D845FA03F1C90704D50898E7
:10A60000012191400843089046FA03F3DF0703D580
:10A61000012393404AEA030A059B039F1B0A059303
:10A62000069B1B0A0693079B01371B0A0793FBB285
:10A63000042B0393C1D17E4A0498136843EA0A03AA
:10A6400013607C4A089B11684B4003EA0A034B40A5
:10A650001360794A049913680B431360774A099B86
:10A6600011684B4003404B401360754A136843EA3E
:10A670000B031360734A0A9B11684B4003EA0B03F8
:10A680004B40714913600B9B0A8809EA03031A4384
:10A690000A806E490A8822EA090213436C4A0B8039
:10A6A000138808EA0404234313806A4A138823EAC0
:10A6B00008031C43148013B0BDE8F08F6649087886
:10A6C000FF28A9D145FA03F0C007A5D546FA03F340
:10A6D000DB07A1D5069B0A70C3F34213012B02BF0F
:10A6E000069B03F01F034B70079BC3F34213012B20
:10A6F00092D1079B584A03F01F0393708CE7172AE7
:10A700008AD845FA03F1CF0704D50A980121914070
:10A7100008430A9046FA03F3D8077FF57DAF01237B
:10A7200093404BEA030B77E7172A3FF675AF45FADC
:10A7300003F1C90704D50998012191400843099004
:10A7400046FA03F3DB077FF567AF01239340049AD2
:10A750001A43049260E70B2A3FF65EAF46FA03F114
:10A76000CF0742BF0121914048EA010145FA03F3B6
:10A7700048BF1FFA81F8D8077FF54EAF01239340F9
:10A7800023439CB248E70B2A3FF646AF46FA03F153
:10A79000C90742BF0121914049EA010145FA03F38B
:10A7A00048BF1FFA81F9DB077FF536AF01239340DD
:10A7B0000B9A1A4393B20B932EE745FA03F2D7078D
:10A7C0007FF52AAF46FA03F3D8077FF525AF4FF49C
:10A7D0004073ADF8383003238DF83C300223CA06AD
:10A7E0008DF83E3001F00F038DF83F3056BF1B4B04
:10A7F000FF2393F80C318DF8403003F0FDFBBDF8DA
:10A800004430D0F800C0ADF800300EAB0ECBDCF811
:10A810007070B84700E7002A7FF4FEAE05EA060232
:10A8200042FA03F3DB0742BF0D4B01221A70F3E635
:10A83000A8290010A4290010A02900109C290010AC
:10A840009829001094290010922900108E290010D8
:10A85000902900108C29001029010010A40E00106E
:10A8600070290010002230B503466FF00D05104628
:10A87000C3F3811145FA01F1CC070DD403F01F0495
:10A88000172C09D80749D1F86015E140C90741BF25
:10A89000012191400843C0B20132042A4FEA132338
:10A8A000E6D130BDA40E001070B5A24DA24CE86FE9
:10A8B000FFF7D8FF94F83330834209D084F833008F
:10A8C0002C21022006F022F82C21042006F012F898
:10A8D000D5F88000FFF7C6FF94F83730834209D0DF
:10A8E00084F837002D21022006F010F82D210420D5
:10A8F00006F000F8D5F88400FFF7B4FF94F83B3079
:10A90000834209D084F83B002E21022005F0FEFF8F
:10A910002E21042005F0EEFFD5F88800FFF7A2FFF6
:10A9200094F83F30834209D084F83F002F21022061
:10A9300005F0ECFF2F21042005F0DCFFD5F88C009A
:10A94000FFF790FF94F84330834209D084F8430026
:10A950003021022005F0DAFF3021042005F0CAFF83
:10A96000D5F89000FFF77EFF94F84730834209D076
:10A9700084F847003121022005F0C8FF312104206E
:10A9800005F0B8FFD5F89400FFF76CFF94F84B3052
:10A99000834209D084F84B003221022005F0B6FF33
:10A9A0003221042005F0A6FFD5F89800FFF75AFFE2
:10A9B00094F84F30834209D084F84F0033210220AD
:10A9C00005F0A4FF3321042005F094FFD5F89C0086
:10A9D000FFF748FF94F85330834209D084F85300BE
:10A9E0003421022005F092FF3421042005F082FF7B
:10A9F000D5F8A000FFF736FF94F85730834209D00E
:10AA000084F857003521022005F080FF352104200D
:10AA100005F070FFD5F8A400FFF724FF94F85B3031
:10AA2000834209D084F85B003621022005F06EFFD6
:10AA30003621042005F05EFFD5F8A800FFF712FFCD
:10AA400094F85F30834209D084F85F0037210220F8
:10AA500005F05CFF3721042005F04CFFD5F87403A6
:10AA6000FFF700FF0646D5F8AC00FFF7FBFE94F8B1
:10AA7000633000EB0610C0B2834209D084F8630053
:10AA80003821022005F042FF3821042005F032FF72
:10AA9000D5F87803FFF7E6FE0646D5F8B000FFF7D5
:10AAA000E1FE94F8673000EB0610C0B2834209D093
:10AAB00084F867003921022005F028FF392104209D
:10AAC00005F018FFD5F8C000FFF7CCFE0646D5F814
:10AAD000B400FFF7C7FE94F86B3000EB0610C0B26D
:10AAE000834209D084F86B003A21022005F00EFF62
:10AAF0003A21042005F0FEFED5F8BC00FFF7B2FEB7
:10AB00000646D5F8B800FFF7ADFE94F86F3000EBBD
:10AB10000610C0B283420BD084F86F003B210220A4
:10AB200005F0F4FEBDE870403B21042005F0E2BED4
:10AB300070BD00BFA40E00101C0900102DE9F041EB
:10AB400086B00768D1F8008006460D461822FF211E
:10AB5000684609F01FFF1849002351F8042B1278AA
:10AB6000172A9EBF18326A4402F8183C0133182B8A
:10AB7000F3D100236A46194618464FF0010C12F82B
:10AB8000014B172C10D827FA03FE1EF0010F1CBF33
:10AB90000CFA04FE40EA0E0028FA03FE1EF0010F34
:10ABA0001CBF0CFA04F421430133182BE7D13060A9
:10ABB000296006B0BDE8F0812C0100102DE9F04FAE
:10ABC000E648E74CE74BE84D0268E8491E88E84F45
:10ABD000E8488FB04FF00009C4F80090E64C0992A5
:10ABE0002A8826800A9207960A889E78A6700B9279
:10ABF000E24CE34AB4F86232C2F80090E14A0896A7
:10AC0000A2F80090DA09C3F3002602F0040216430A
:10AC10009A0902F010025B09164303F040031E4339
:10AC2000B4F86E32A7F80090DA09C3F3002702F0F7
:10AC3000040217439A0902F010025B09174303F05C
:10AC400040031F43B4F87A32C0F80090DA09C3F326
:10AC5000002502F0040215439A0902F010025B0974
:10AC6000154303F040031D4394F87E3294F872229A
:10AC700045EA450547EA470723EA050322EA0702B2
:10AC80001B0443EA022394F8662246EA460622EAB7
:10AC9000060213430D9394F87D3294F8712223EA4F
:10ACA000050322EA07021B0443EA022394F8652203
:10ACB0000DF1340C22EA060261460DF1300C13430B
:10ACC00060460C93FFF73AFFAA480D9903680B43BF
:10ACD0000360A24B1A6818460C9B53400B4053402C
:10ACE000036094F8833194F87B219B0043EA42038C
:10ACF00094F87321134394F88B2143EAC20394F828
:10AD0000932143EA021394F89B2143EA421394F8F7
:10AD1000A32143EA821394F8AB2143EAC21394F8C7
:10AD2000B32143EA022394F8BB2143EA422394F877
:10AD3000C32143EA822394F8CB2143EAC22394F847
:10AD4000D32143EA023394F8DB2143EA423394F8F7
:10AD5000E32143EA823394F8EB2143EAC23394F8C7
:10AD6000F32143EA024394F8FB2143EA424394F877
:10AD7000032243EA824394F80B2243EAC24394F845
:10AD8000132243EA025394F81B2243EA425394F8F5
:10AD9000232243EA825394F82B2243EAC2530D93B1
:10ADA00094F87A2194F882319B0043EA420394F8A4
:10ADB0007221134394F88A2143EAC20394F8922142
:10ADC00043EA021394F89A2143EA421394F8A22129
:10ADD00043EA821394F8AA2143EAC21394F8B221F9
:10ADE00043EA022394F8BA2143EA422394F8C221A9
:10ADF00043EA822394F8CA2143EAC22394F8D22179
:10AE000043EA023394F8DA2143EA423394F8E22128
:10AE100043EA823394F8EA2143EAC23394F8F221F8
:10AE200043EA024394F8FA2143EA424394F80222A7
:10AE300043EA824394F80A2243EAC24394F8122276
:10AE400043EA025394F81A2243EA425394F8222226
:10AE50000DF1340C43EA825394F82A2261460DF135
:10AE6000300C43EAC25360460C93FFF767FE41483B
:10AE70000D990368394A0B4303600C9B1046126816
:10AE800053400B40534094F87E22036094F8723292
:10AE900094F871122A403B40120442EA032294F8CB
:10AEA000663233401A4394F87D320D922B4039407C
:10AEB0001B0443EA012394F865120E4033430293C6
:10AEC000C2F38F080C93C2F34F0303F0020A08F099
:10AED000040BC2F3CF0E4AEA0B0B02F0010AC2F3D5
:10AEE0000F1C4BEA0A0A0EF0080BC2F34F174AEA8E
:10AEF0000B0B0CF0100AC2F38F164BEA0A0A07F08C
:10AF0000200BC2F3CF154AEA0B0B06F0400A100AD9
:10AF10004BEA0A0A05F0800B510A4AEA0B0B00F4CF
:10AF2000807A03934BEA0A0A930A01F4007B4AEA07
:10AF30000B0B03F4806AD30A4BEA0A0A03F4006B92
:10AF40004AEA0B030593039B08F0020803F0010A89
:10AF50004AEA08080EF0040E16E000BFA42900100B
:10AF60009829001058C1031A8E2900108C2900104E
:10AF700090290010A8290010290100101C090010B8
:10AF8000A02900109229001048EA0E0E0CF0080CBF
:10AF90004EEA0C0C07F010074CEA070706F02006F3
:10AFA0003E4305F04005354300F080002843930AF6
:10AFB00001F48071014303F40070D30A0143120BC2
:10AFC00003F48060014302F4006241EA0203069345
:10AFD000029BC3F34F0AC3F38F030393029BC3F394
:10AFE000CF08C3F30F1EC3F34F1CC3F38F17C3F374
:10AFF000CF161D0A580A9A0ADB0A0493039B03F032
:10B00000040B029B0AF0020141EA0B0B03F0010161
:10B010004BEA010108F0080B41EA0B0B0EF010019E
:10B020004BEA01010CF0200B41EA0B0B07F0400149
:10B030004BEA010106F0800B41EA0B0B05F480712D
:10B04000049B4BEA010100F4007B41EA0B0B02F484
:10B0500080614BEA010103F4006B059B41EA0B019F
:10B060001940EA4BB3F800B041EA0B0BA3F800B06B
:10B07000039B0AF0010A03F0020B4AEA0B0A08F0EC
:10B0800004084AEA08080EF0080E48EA0E0E0CF012
:10B09000100C4EEA0C0C07F020074CEA070706F0EC
:10B0A00040063E4305F08005049BD94F354300F42C
:10B0B0008070284302F40072024303F48060029B14
:10B0C000D44D1B0B024303F400631A43069B059EF9
:10B0D0001A403B8813433B802B8823EA060319431D
:10B0E0002980CD49069D0B8823EA05031A430A806F
:10B0F00004F13100C949CA4DFFF73CFA04F13500AB
:10B10000C849FFF737FA04F13900C749FFF732FAA7
:10B1100004F13D00C549FFF72DFA04F14100C4498F
:10B12000FFF728FA04F14500C249FFF723FA04F1BA
:10B130004900C149FFF71EFA04F14D00BF49FFF76E
:10B1400019FA04F15100BE49FFF714FA04F1550051
:10B15000BC49FFF70FFA04F15900BB49FFF70AFA9F
:10B1600004F15D00B949FFF705FA04F16100B8493F
:10B17000FFF700FA04F16500B649FFF7FBF904F1A7
:10B180006900B549FFF7F6F904F16D00B349FFF71F
:10B19000F1F9CDF8009094F8322094F83130D5F8D8
:10B1A000C410E86F43EA0223D5F81C25FFF7ECF939
:10B1B000CDF8009094F8362094F83530D5F8C810C2
:10B1C000D5F8800043EA0223D5F82025FFF7DCF903
:10B1D000CDF8009094F83A2094F83930D5F8CC1096
:10B1E000D5F8840043EA0223D5F82425FFF7CCF9EB
:10B1F000CDF8009094F83E2094F83D30D5F8D0106A
:10B20000D5F8880043EA0223D5F82825FFF7BCF9D2
:10B21000CDF8009094F8422094F84130D5F8D4103D
:10B22000D5F88C0043EA0223D5F82C25FFF7ACF9BA
:10B23000CDF8009094F8462094F84530D5F8D81011
:10B24000D5F8900043EA0223D5F83025FFF79CF9A2
:10B25000CDF8009094F84A2094F84930D5F8DC10E5
:10B26000D5F8940043EA0223D5F83425FFF78CF98A
:10B27000CDF8009094F84E2094F84D30D5F8E010B9
:10B28000D5F8980043EA0223D5F83825FFF77CF972
:10B29000CDF8009094F8522094F85130D5F8E4108D
:10B2A000D5F89C0043EA0223D5F83C25FFF76CF95A
:10B2B000CDF8009094F8562094F85530D5F8E81061
:10B2C000D5F8A00043EA02234FF0FF32FFF75CF904
:10B2D000CDF8009094F85A2094F85930D5F8EC1035
:10B2E000D5F8A40043EA02234FF0FF32FFF74CF9F0
:10B2F000CDF8009094F85E2094F85D30D5F8F01009
:10B30000D5F8A80043EA02234FF0FF32FFF73CF9DB
:10B31000CDF8009094F8622094F86130D5F8F410DC
:10B32000D5F8AC00012643EA02234FF0FF32FFF7C5
:10B330002BF9009694F8622094F86130D5F87C13CC
:10B34000D5F8740343EA02234FF0FF32FFF71CF9EC
:10B35000CDF8009094F8662094F86530D5F8F81090
:10B36000D5F8B00043EA02234FF0FF32FFF70CF9A3
:10B37000009694F8662094F86530D5F88013D5F8D7
:10B38000780343EA02234FF0FF32FFF7FDF8CDF8D0
:10B39000009094F86A2094F86930D5F8FC10D5F83C
:10B3A000B40043EA02234FF0FF32FFF7EDF80096B6
:10B3B00094F86A2094F86930D5F80811D5F8C000DF
:10B3C00043EA02234FF0FF32FFF7DEF8CDF800909A
:10B3D00094F86E2094F86D30D5F80011D5F8B800C7
:10B3E00043EA02234FF0FF32FFF7CEF8009694F8BD
:10B3F0006E2094F86D301A4CD5F80411D5F8BC00C5
:10B40000184E43EA02234FF0FF322DE0922900103C
:10B41000902900108E2900108C2900108729001017
:10B42000A40E001086290010852900108429001020
:10B430008329001082290010812900108029001022
:10B440007F2900107E2900107D2900107C29001022
:10B450007B2900107A290010792900107829001022
:10B46000A8290010A4290010FFF78EF82168D5F84C
:10B47000A0041E4A00EA010313603368099E73406A
:10B4800023EA00030B40236019490A9E0B882046DB
:10B49000184C21880B40184923EA060323800B88A7
:10B4A00039880B9E0B4023EA06033B8095F8303029
:10B4B000B3B995F9D015494512DA1049036010481F
:10B4C0000B601049036010480B601049104E036078
:10B4D0000798088008983360887023803B80136049
:10B4E0000FB0BDE8F04FFFF7DFB900BF88290010AB
:10B4F0008E290010922900108C2900109C29001020
:10B50000A02900109429001098290010290100108A
:10B51000A4290010D0ED007AF4EE677AF1EE10FA6B
:10B520001CBF002303600F4B93F82D20D20715D4C6
:10B53000A1B9D3ED0D7A90ED007AF0EEC76AF4EE82
:10B54000E67AF1EE10FA08D5B5EEC07AF1EE10FA0F
:10B55000D8BFF1EE677AC0ED007A7047F2EE047A58
:10B56000E9E700BFA40E00100021FFF7D3BFFFFFE3
:10B570002DE9FF470024134F134E144DDFF850A060
:10B58000DFF85080A146F7EC017ACDF804A0FCEE7C
:10B59000E77A01A817EE901ACDF80C90F4F7D0FED8
:10B5A000029B0C2202FB038301349B68E4B21B68FC
:10B5B00046F8043B032C45F8043BE4D104B0BDE855
:10B5C000F08700BF68C1031AB8290010AC29001029
:10B5D000C074031A5CA2031A70B5022886B037D86B
:10B5E0001D4B1E4E009603EB8003D3ED007AFCEE5C
:10B5F000E77A840017EE901A002568460295F4F762
:10B600009FFE174B03962344D3ED007A0595FCEE7D
:10B61000E77A03A817EE901AF4F792FE114A124B3C
:10B62000049922440C20D2ED007A019A00FB0131EA
:10B6300000FB023389689B6891ED007A77EEC77A48
:10B6400093ED007A77EE877A17EE900A06B070BD18
:10B65000DFED067AF8E700BF5CC1031AC074031A75
:10B6600068C1031AAC2900105CA2031A0000000094
:10B6700010B52DED028B022884B004462FD81E4A47
:10B680001E4B92F82B1053F82030F6EE008A51B37F
:10B69000D3ED007A93ED017A77EE877A67EEA87A98
:10B6A00077EEA77A17EE900A0AF06AFC144B03EBC8
:10B6B0008403D3ED007A134B019308EE100AFCEEDD
:10B6C000E77A28EE288A17EE901A002301A8039340
:10B6D000F4F736FE18EE101A01A8F5F712F904B0C7
:10B6E000BDEC028B10BD92F8382012B1D3ED007A78
:10B6F000D6E7D3ED017AD3E7A40E00108C01001039
:10B700005CC1031AC074031AF0B52DED028B022838
:10B7100008EE101A85B004464CD8284B284E03EB8F
:10B720008003D3ED007A274B0193FCEEE77A850086
:10B7300017EE901A002301A80393F4F701FE029A72
:10B74000214B22480C2101FB0233A7009B68D3ED5B
:10B75000007A431993ED007AB4EE677AF1EE10FAAD
:10B760001CBF7319C3ED007A7319D3ED007A054439
:10B7700078EE277A00EB8400C3ED007AC5ED007AFD
:10B78000FFF7F2FE296801A8F5F7BBF8104B93F814
:10B790002D1001F003018B1E594206EB07005941A1
:10B7A000FFF7B8FE204605B0BDEC028BBDE8F040C7
:10B7B000FFF75EBF05B0BDEC028BF0BD68C1031A98
:10B7C000AC290010C074031A5CA2031AB829001037
:10B7D000A40E0010014B00221A607047202F0010A9
:10B7E0007047FFFF10B5044B0446002214211A6075
:10B7F00009F0F8FB204610BD202F00102DE9F04F76
:10B800008BB0044606F0D4FD07F0E6F8F6F73EF9F3
:10B8100005A8F6F74DFE03F07DFA036805465E695C
:10B8200006F0C6FD07F0E6FC01462846B04705A82D
:10B83000F6F760FE06F0BCFD07F0FAFA834602F068
:10B84000DBFB03680646D3F8009000F013FB0746C5
:10B8500003F060FA0368DB69984704F1040A04F115
:10B860001005804606F0A4FD08B100F505702B46D2
:10B8700052463946CDE9010BCDF800803046C84725
:10B8800004F048FEFDF74EF8F9F774FDFDF71EFDD4
:10B89000F8F733FDFEF770FBF5F764F9F7F708FCEE
:10B8A000FAF798FFFFF764FEF7F7BCFF06F08BFD91
:10B8B00003685B69984700F0DDF9B0F57A7FFAD349
:10B8C00006F076FD07F044F90BB0BDE8F08F08B53F
:10B8D00003F020FA03681B68984704F00FFEFBF79B
:10B8E0003FF8F9F795FDFDF7E3FCF9F715F9F7F7E0
:10B8F000E1FBF7F7BFFD02F07FFB0368DB689847C9
:10B90000BDE80840F6F79EBE08B503F003FA0368E9
:10B910005B68984702F070FB03689B68984704F0E7
:10B92000BBFEF6F76FFCFFF749F9F6F739FFF6F7BC
:10B930008BFEF6F705FEF6F763FCFDF76FFAFAF7F4
:10B94000B9FCF9F73BF8F9F79BF8FAF725FEFDF794
:10B9500069FEFEF7C5FAFEF731FBFAF7EBFCF7F7E5
:10B96000C3FAFAF743FFF8F7A1FBFEF739FCF9F742
:10B9700067F9F5F747FAF7F709FDFAF733FDF8F736
:10B980005FFBF7F71FFAF5F7B1FAFAF7C1FDFAF71F
:10B99000EFFEF8F7B3FCFDF79FFCFEF7DBFBF9F7D2
:10B9A000BDF8FBF73FF8F9F7E1F9F5F70BF9F7F711
:10B9B000A3FBBDE80840F7F75EBDFFFF70B50120AF
:10B9C0008AB008F08FF8032008F08CF82E4B6A46F6
:10B9D00003F12806154618685968144603C408334D
:10B9E000B3422246F7D1002435F8020B013408F0A7
:10B9F000CDF8142CF8D1052008F074F8062008F0D2
:10BA000071F8072008F06EF8082008F06BF80120A4
:10BA100008F0BCF8022008F0B9F8032008F0B6F8E6
:10BA2000042008F0B3F8212008F0B0F8232008F033
:10BA3000ADF8242008F0AAF80B2008F053F80C20E9
:10BA400008F050F80D2008F04DF80E2008F04AF8E4
:10BA50000F2008F047F8102008F044F8122008F0F2
:10BA600041F8132008F03EF8204608F03BF8192072
:10BA700008F038F81A2008F035F81B200AB0BDE8A5
:10BA8000704008F02FB800BF98C1031A074A10B5DC
:10BA900004461060064A44F8042B064A034607CAC7
:10BAA00084E80700044A1A61184610BD202F0010D0
:10BAB0007CC1031AC0C1031AD438001008F04CBC72
:10BAC00008F052BC08F050BC00207047FEE7FFFFB2
:10BAD00038B572B61B4B1C491C4AC3E940124FF0E3
:10BAE000E0234FF0FF32C3F88022C3F88422C3F86A
:10BAF0008822C3F88C22C3F89022C3F89422C3F89A
:10BB00009822C3F89C2262B6114C124DAC420BD362
:10BB1000114DAC420FD300F04BF808F09FFF07F037
:10BB2000DBFA00F01BF8FEE7D4E90001A2680C3450
:10BB3000F4F740FBEAE754F8080B54F8041CF4F758
:10BB400042FBE6E7003005400010DF10FFF7DF01A1
:10BB50001401021A6801021AA001021A10B5104C51
:10BB600007F0D6FD06F028FC2368BFF35B8FDB07E8
:10BB70000ED4204609F038FA50B10A48FFF786FF84
:10BB8000094A0A490748FFF79FFF204609F048FA8B
:10BB9000044803F09BFB034803F0C4FB002010BDE6
:10BBA000C4290010C829001050070010D5B7021A88
:10BBB0004FF0E023024AC3F8082D08F03BB800BF5D
:10BBC0000000021A092894BF30303730C0B27047E5
:10BBD000F8B5451E16465F0800248C4203D0BC42CF
:10BBE00006F1020607D1B3EB440F21B24FF0000378
:10BBF00012DC137012E015F8010F0009FFF7E2FFE5
:10BC000006F8020C287800F00F00FFF7DBFF013484
:10BC100006F8010CE4B2E0E702F81130F8BD2F2875
:10BC200010D9392802D83038C0B27047402809D915
:10BC3000462801D83738F7E7A0F16103052B01D872
:10BC40005738F1E700207047F8B5064600256C002C
:10BC50009542E4B200D1F8BD305DFFF7E0FF344417
:10BC600007466078FFF7DBFF00EB0710485501350A
:10BC7000EDE7FFFF014B1868704700BFE029001097
:10BC8000014B1868704700BFDC290010084B1A6888
:10BC900001321A601B684FF47A72B3FBF2F102FBB7
:10BCA00011331BB9034A13680133136003F060BBFF
:10BCB000E0290010DC2900100C4B4FF47A721B684D
:10BCC000B3FBF2F3013BB3F1807F0AD24FF0E022E5
:10BCD000E0215361064B83F823100023936107236F
:10BCE0001361034B202283F823207047B0390010E2
:10BCF00000ED00E0034B1B680B440360002303715D
:10BD0000704700BFE0290010024B1B680B44036022
:10BD1000704700BFDC29001003680B440360002358
:10BD200003717047094B02791B6810B562B902684C
:10BD300023F000445340DB4322F00041DB0F8C42F0
:10BD400038BF83F001030371007910BDE0290010B2
:10BD5000034B00681B6898428CBF0020012070478D
:10BD6000DC2900100B681A8858888B889A4205D104
:10BD7000CB8898420BD3C01A80B2704701339A42E5
:10BD800005D1CB88984202D2C01A1430F4E71420AF
:10BD9000704710B50446406808B1FFF793FE20468F
:10BDA00010BDFFFF70B50E4E3468BFF35B8F14F00B
:10BDB000010412D1304609F017F970B1094D28205D
:10BDC0002C60FFF77BFE084A0849C5E90040284679
:10BDD000FFF77AFE304609F023F9024870BD00BF34
:10BDE000E4290010E82900105007001093BD021A42
:10BDF0004388122B83BF00234380038801338ABF0B
:10BE000001334380038070470A6810B513888C881B
:10BE10005288A34209D1C888824215D001F104009A
:10BE20000BD3FFF7E5FF002010BD0134A34201F161
:10BE3000040002D1CC889442F2E7013B8B80CA8097
:10BE4000FFF7D6FF0120EFE70220EDE740684288C8
:10BE5000436823F81210FFF7CBBFFFFF10B5044B68
:10BE600003600446FFF79EFF6060204610BD00BFE0
:10BE7000D4C1031A10B5094C2368BFF35B8FDB07ED
:10BE800009D4204609F0B0F828B10548FFF7E6FFCD
:10BE9000204609F0C5F8024810BD00BFF029001087
:10BEA000F429001070472DE9F843054600684F79E2
:10BEB00003681B6B0C461646984787420FD1237BBD
:10BEC00094F806C0033BA11D5FFA83FE00244FF0E7
:10BED000010804EB0C037445DBB202D32B61002094
:10BEE0001DE0EF1811F8012F97F81890686982F09B
:10BEF0005A02B9F1000F05D1C25487F818800134F5
:10BF0000E4B2E6E7C35C9342F9D000222A723378A8
:10BF1000327163F03F0333701823F3700520BDE8DE
:10BF2000F883037A70B50546144693B100684E79DC
:10BF300003681B6B984786420BD1286800232B723D
:10BF400003685B6A9847237863F07F0323700220BD
:10BF500070BD237863F03F0323701723A370002381
:10BF6000E3700420F4E730B54D7990F81C41137864
:10BF7000A54208D043F0C003022113700023917141
:10BF8000D371082030BDD1F80610D0F818018842CE
:10BF900003D043F0C0030B21EFE763F07F0313707E
:10BFA0000620EFE700F11703002200F2171003F854
:10BFB000012F8342FBD17047C0E9001200220272B8
:10BFC000FFF7F0BFF0B5044600684F79036885B00D
:10BFD0001B6B15460E469847B84202460ED029788C
:10BFE000FF2341F0C00100220220EB7000236871A2
:10BFF00029702A71AB71072005B0F0BDB379217BA0
:10C00000994212D0226942B90133994205D12B7865
:10C0100043F080032B700320EEE70023237229787E
:10C020001A4641F0C0011920DFE72068036869461D
:10C030001B699847E268019B0132B3EB022F09D2DA
:10C04000DBB204F118010120C85401339AB2B2F5F1
:10C05000807FF9D104F11701002311F8012F82B973
:10C0600019461834605C30B9013188B20132B0F53C
:10C07000807FD2B2F6D12978DBB241F0C001062030
:10C08000B3E70133B3F5807FE7D120680368DB6A4B
:10C09000984760612046FFF785FFE3680133E3605E
:10C0A00000232361B3E730B50A44002001234FF693
:10C0B000F174914202D143EA004030BD11F8015BB6
:10C0C00085F05A052B44B3FBF4F504FB15331844F3
:10C0D000B0FBF4F504FB1500EBE7FFFF2DE9FF478C
:10C0E000054600684F79036888465B6B39461646FB
:10C0F000984758B93478022344F0C004B371002340
:10C100003470F371082004B0BDE8F0872868036834
:10C110003946DB6898478146286803683A461B69B8
:10C12000694698472868DDF804A0036839469B698A
:10C1300098475045347803D844F0C0040323DDE722
:10C14000524649462846FFF7AEFFD8F806804045DC
:10C1500003D044F0C0040B23D0E764F07F043470B4
:10C16000CDE90207012F2868054B08BF4FF05A336D
:10C17000009303683A465B69694698470620C2E720
:10C180003CC33CC32DE9F041054600684E79036885
:10C19000D1F806805B6B31461446984750B9237836
:10C1A000022243F0C00323700023A271E371082030
:10C1B000BDE8F0812868036831469B6898470746C8
:10C1C0002868036831469B699847404504D823781E
:10C1D000032243F0C003E6E7424639462846FFF70C
:10C1E00062FF85F81C61C5F81801237863F07F03AE
:10C1F00023700620DCE74368F7B5054658680368F6
:10C2000014465F6801AA01230E46B847019B34EA31
:10C2100003020ED01C436B6801945868036801AA9E
:10C220001C6831460123A0476B68586803689B6807
:10C23000984703B0F0BD10B502220121FFF7DBFFE4
:10C2400006F0C1F80368BDE81040DB6A1847FFFF3D
:10C25000F0B5044600684D79036885B0DB6829466F
:10C26000164698470746206803682A461B696946B0
:10C270009847DDE90032B3F15A3F10D018498B429C
:10C2800002D1039BAB420AD0337863F03F03337093
:10C290000B23B3700023F370042005B0F0BD3946C2
:10C2A0002046FFF700FF029B8342EDD12068036820
:10C2B00029469B6B984730B1206803682946DB6BA1
:10C2C00098470020E9E70122AA40D2B20221204685
:10C2D000FFF791FF06F077F80368DB6A9847F0E70D
:10C2E0003CC33CC34368F7B5044658680368154629
:10C2F0005F6801AA01230E46B847019B1D420FD07B
:10C3000023EA0503019363685868036801AA1D685E
:10C3100031460123A8476368586803689B689847BB
:10C3200003B0F0BD2DE9F043037A4F7985B00446A0
:10C330000E4615469BB1137863F03F0313700068F7
:10C340004E7903681B6B9847864214BF21200C204E
:10C350000023A870EB70042005B0BDE8F0830068EE
:10C36000036839461B6A984728B12B7863F03F036E
:10C370002B700220ECE72068D6F806900368394657
:10C380009B699847814505D92B7863F03F032B7053
:10C390001520DDE7F37A96F80A80206883F05A03C7
:10C3A00088F05A0848EA03284FF6FF729045036860
:10C3B00009D01B689847404505D02B7863F03F03B0
:10C3C0002B701620C4E73368206803F03F036372C4
:10C3D0003368C3F38613A372036801264FF0000885
:10C3E000DB6A2672C4E90388984760612046FFF73C
:10C3F000D9FD06FA07F24FF0FF33D2B202212046F0
:10C40000CDE90237CDE90089FFF76CFF20680368AA
:10C410003A465B69694698472B7863F07F032B7037
:10C42000206803683946DB699847A870032093E7C2
:10C43000F8B50D46164651F8047B044608223046EE
:10C4400008F046FB2B79272B3AD06A7B3AB9372B79
:10C4500005D8312B1AD8202B2CD0232B32D0227A7E
:10C4600072B3617A07F03F02914229D1A27AC7F3F1
:10C470008617BA4224D1222B4ED0332B20D13246FC
:10C4800029462046BDE8F840FFF79CBDA3F13202E3
:10C49000052AE4D801A151F822F000BFD3C4021A42
:10C4A0005FC4021AE1C4021AEFC4021AFDC4021AE0
:10C4B0000BC5021A6B79012B02D12046FFF7BBFE98
:10C4C0000020F8BD324629462046BDE8F840FFF777
:10C4D00028BD324629462046BDE8F840FFF722BF76
:10C4E000324629462046BDE8F840FFF73CBD3246BB
:10C4F00029462046BDE8F840FFF7AABE3246294645
:10C500002046BDE8F840FFF73DBE324629462046AA
:10C51000BDE8F840FFF7E2BD324629462046BDE8B7
:10C52000F840FFF7C0BC00BF38B50446FFF780FFF6
:10C53000237A054643B9206803689B6A984718B177
:10C54000206803685B6A9847284638BD00487047F2
:10C5500000FE071A406910B103685B68184770470E
:10C56000014B00221A7070475C2B0010014B012216
:10C570001A7070475C2B001030B5064C9DF81050B7
:10C5800054F8210020EA030044F821000DB1024BC9
:10C590001A7030BD20150010912B00100A4B1A881C
:10C5A0008A420FD9B1F5FE7F0CD25A680C234B4357
:10C5B000D05C10F0010006D0044B53F8210000F0CD
:10C5C000020070470020704754A2031A2015001083
:10C5D000037C194301747047007C7047037C23EA95
:10C5E000010303747047407C704741747047807C3E
:10C5F000704781747047FFFF014B93F90600704745
:10C60000602C0010014B93F905007047602C00105E
:10C61000203070472830704730307047836810B53D
:10C620000446186803689B689847A368986803687D
:10C630009B689847A368586803689B6898470848B0
:10C64000FFF770FB0748FFF76DFB0748FFF76AFB32
:10C650000648FFF767FBBDE810400548FFF762BBDF
:10C66000882B0010802B0010782B0010702B0010EE
:10C67000682B00102DE9F041134A0C2352684B43FC
:10C680000646D35CDB070F461BD5104C002004F197
:10C6900080080546A388BB420AD12570A571E571C3
:10C6A0003368658030469B6BA58001219847012047
:10C6B00008344445EED1012818BF6FF00600BDE8EC
:10C6C000F0816FF00500FAE754A2031ADE2B001088
:10C6D000164B18888842F0B523D9154E56F821001C
:10C6E00032EA00041DD0012A1CD15C680C234B43A4
:10C6F000E35C9B0715D50F4C237873B90E4D0F4F94
:10C700002B783F780133142B28BF00239F421DBF95
:10C710000B4A2B7022F81310227040F0010046F8EB
:10C720002100F0BD024346F82120FAE754A2031A83
:10C7300020150010922B0010902B0010912B001050
:10C74000942B0010074B1B888B42104608D9064BD0
:10C7500053F82130002B0CBF002000F0010070477F
:10C760000020704754A2031A201500100A4B1A88A3
:10C770008A420FD9B1F5FE7F0CD25A680C234B4385
:10C78000D35CDB0741BF054A52F8213023F0020396
:10C7900042F82130704700BF54A2031A2015001040
:10C7A00037B50C4B9A798A42044611D099710368C7
:10C7B00001915B690122022198476068036801AA20
:10C7C0001D6800210123A847606803689B6898479B
:10C7D00003B030BD602C001030B40D4C25888D4264
:10C7E00013D9B1F5FE7F10D265680C244C432C5D43
:10C7F000E4070AD5074D806955F8214003681443C2
:10C8000045F82140DB6830BC184730BC704700BF9A
:10C8100054A2031A2015001010B50C4B1B78012BE5
:10C82000044612D10A48FFF77DFA70B1A3689868F0
:10C8300002F0D2FD48B9A368986802F0D6FDBDE8C1
:10C84000104003481421FFF755BA10BD5C2B0010AF
:10C85000682B001010B5154B1B78012B044623D113
:10C860001348FFF75FFA60B1A368986802F0B4FD5F
:10C8700038B1A368986802F0BBFD0D481421FFF79A
:10C8800039FA0C48FFF74EFA70B1A368586802F005
:10C89000A3FD48B1A368586802F0AAFDBDE81040A6
:10C8A00004481421FFF726BA10BD00BF5C2B00100E
:10C8B000682B0010702B0010074A002012F830304F
:10C8C000013B012B05D801301028F7D14FF6FF703E
:10C8D000704780B2704700BFDE2B00102DE9F74390
:10C8E0008DF807202D4A8DF806300C2352689DF8EC
:10C8F0002C904B430646D35CDB070F4648D5284BAC
:10C9000000221D469888B84203D1187801380128C2
:10C9100041D90132102A03F10803F3D13046FFF761
:10C92000CBFF4FF6FF73984202D16FF0080023E06F
:10C93000C40005F8309004F1020819F00109A84478
:10C940001DD0E01D01220DF10701284408F0C0F8B8
:10C95000A01D01220DF10601284408F0B9F80222B9
:10C960000AA9404608F0B4F833682C4430469B6B63
:10C97000A78001219847012003B0BDE8F08302227F
:10C980000AA9404608F0A4F82B19A3F80690EBE793
:10C990006FF00500F0E76FF00A00EDE754A2031A0C
:10C9A000DE2B001013B501240194BDF81040009453
:10C9B000FFF794FF02B010BD2DE9F0410846BDF825
:10C9C00018401A499DF81CC09DF820E0DDF824802D
:10C9D00001EBC407A6B20F2E01D9002015E03D7867
:10C9E000ABB1AD071ED57D8895421BD101EBC404C8
:10C9F0000F4BA1885B680C2202FB013108F068F83C
:10CA0000A388A8F80030701C00B2BDE8F081ED07E3
:10CA100008D57D88954205D1FD79654502D1BD795E
:10CA20007545E2E708370134D4E700BFDE2B00107C
:10CA300054A2031A73B516461C4616F8013B0D4660
:10CA400063F03F030DF10701012228468DF80730FE
:10CA500008F03EF8E21E3146681C08F039F8A01EC6
:10CA600006A90122284408F033F8601E012207A914
:10CA7000284408F02DF802B070BD73B514461E4668
:10CA800014F8013B0D4663F07F030DF1070101220D
:10CA900028468DF8073008F01BF8721E2146681CE6
:10CAA00008F016F802B070BD094B5A6870B5083A24
:10CAB0001C880C25002398B2844202D84FF6FF70E0
:10CAC00005E0013305FB03F6965B8E42F3D170BDA2
:10CAD00054A2031AF8B50D4617460446CA78A8684A
:10CAE00039461E4607F026FFA8B1EA78A8683946FD
:10CAF00007F0EEFFAB887BB902212046FFF7D4FF99
:10CB00004FF6FF739842014604D023685B69012207
:10CB1000204698470120F8BD236801225B69314611
:10CB200020469847236802219B6A204698472B7825
:10CB30005B060AD5236804219B6A2046984702F0C9
:10CB4000E9F8036831469B68984723680222DB694D
:10CB50003146DDE770B50446C06803681B680D46C2
:10CB60009847FF281BD1D5B12B7B062B17D10C4E34
:10CB7000D5F8052033689A4211D1697A3E290ED83A
:10CB8000B3798B420BD0236820469B6C9847606931
:10CB9000B279036871799B68BDE87040184770BD31
:10CBA000602C001038B5044640690368DB6898477C
:10CBB0000B4B1B78012B054610D10A48FFF7B2F842
:10CBC00060B1A368586802F007FC38B9A3685868D8
:10CBD00002F00BFC03481421FFF78CF8284638BDFF
:10CBE0005C2B0010702B001084B01FB5044607A802
:10CBF00080E80E009DF80E3011496FF300038DF8A8
:10CC00000E30BDF81C308A7943F4604342EA831247
:10CC10004B7943EAC21300930DF122019DF82030B5
:10CC20008DF80C30082201A807F052FF0022694657
:10CC30002046FFF7B7FF04B0BDE8104004B07047CE
:10CC4000602C0010034B1878034B1B78C01A18BFD8
:10CC500001207047902B0010912B001001F07F01F4
:10CC600041EAC31102F03F0242EA811203494B79C3
:10CC7000887943EAC21340EA83107047602C0010A1
:10CC80007FB5044601AA38300D46FFF74DFC064635
:10CC9000F8B169782878EB78890001F07C0100F020
:10CCA0003F0241EA9011C3F382032046FFF7D6FF0B
:10CCB0009DF80E3000906FF300038DF80E300122C6
:10CCC0000023694620468DF80D308DF80C60FFF783
:10CCD00069FF04B070BD10B54B79022B04D82BB19D
:10CCE000BDE81040FFF7CCBF032B00D010BD05F00E
:10CCF0006AFB0368BDE81040DB6A18472DE9F04382
:10CD000087B006469DF9385091461F460C4661B3E0
:10CD100091F80D80B8F1000F27D135B391F800C01C
:10CD2000CB784978890001F07C01C3F382030CF0D1
:10CD30003F0241EA9C11FFF791FF9DF816300290E7
:10CD400068F30003012D8DF816308DF815800FD192
:10CD50004B46221D03A930468DF81490FFF78DFE37
:10CD6000012202A93046FFF71DFF07B0BDE8F0839E
:10CD7000002DF5DC6D42EDB2CDF8048000953B4608
:10CD8000221D03A930468DF81470FFF753FEE7E724
:10CD90001FB50D4904238A7949790446FFF75EFFE0
:10CDA0009DF80E3000906FF3000301228DF80E30D5
:10CDB00069460E2320468DF80C208DF80430FFF7CD
:10CDC000F1FE04B010BD00BF602C00102DE9F04F43
:10CDD000DFF850B10E689BF80630C6F3C51A53450C
:10CDE0008BB004460F46C6F34C3906F07F0816D1C7
:10CDF0009BF80520424512D15BB1474B1B88012BA4
:10CE00000AD0FFF709FD20460BB0BDE8F04FFFF751
:10CE1000BFBFB9F1000F05D00BB0BDE8F08FB9F17D
:10CE2000000F22D158EA0A08F6D1E06803685B686F
:10CE30009847FF28F0D1394B0C22596807A807F012
:10CE400047FE43463A1D07A92046FFF743FE002848
:10CE5000E2D02046FFF7E0FC60699BF806200368FB
:10CE60009BF805109B689847D6E7002BD4D041F675
:10CE7000FE73994594BF00230123049341F6FF7389
:10CE800099450DF11A03CDE902A30CBFC6F30C06B8
:10CE90004E4600230093CDF80480049B324607A938
:10CEA0002046FFF789FDFB1D05460593002DB3DDE8
:10CEB000B6F5806F19D2BDF81A303A1D07A9204681
:10CEC000FFF708FE10B12046FFF7A6FCADB20DF14A
:10CED0001A03CDE902A3CDE90058049B324607A905
:10CEE0002046FFF769FD0546E0E77A68079B534057
:10CEF0000B4A1342EAD141F6FF73994504D03A79BF
:10CF00009BF804309A42E1D1BDF81A30059A07A97E
:10CF10002046FFF7DFFDD6E75E2B001054A2031A70
:10CF200000FFFF00602C0010064B1A78D87842EA08
:10CF300001215A7842EA0122997841EA022140EA25
:10CF400081007047602C00102DE9FF410E4611460C
:10CF50000546FFF7E9FF08238DF80C309DF80E30E9
:10CF6000144F00906FF300038DF80E30124B3C68A5
:10CF70009A799B88ADF80430202EE3B208BF43F0C5
:10CF800020038DF806200D498DF807304FEA14284C
:10CF900002220DF109008DF8088007F099FD3B7B16
:10CFA0008DF80B30012269462846FFF7FBFD04B0DF
:10CFB000BDE8F081A40E0010602C00105E2B001064
:10CFC00006220021FFF7C0BFF7B5114B5F68164678
:10CFD00004220C46054679690DEB020007F078FD46
:10CFE000019B1C439C42019410D0042278690DEBF4
:10CFF000020107F06DFD16B9012003B0F0BD2B68EA
:10D0000001225B69114628469847F5E70020F4E7BE
:10D0100054A2031A104B37B51A888A420C4618D00E
:10D0200019800E4B5D68042269690DEB020007F060
:10D030004FFDBDF804306869042243EA044343F01D
:10D0400010030DEB0201019307F042FD012003B034
:10D0500030BD0020FBE700BF5E2B001054A2031A76
:10D0600010B501210446FFF7D5FF30B1204601225B
:10D07000BDE810400021FFF767BF10BD10B50446A2
:10D08000FFF7C8FF38B12368012220465B69BDE87D
:10D0900010401146184710BD074A002332F82300FC
:10D0A000884203D1054A32F8230070470133082B28
:10D0B000F4D14FF6FF707047C02B0010BE2B00104C
:10D0C000F8B506460D4617468BB11146FFF7E4FF4B
:10D0D0004FF6FF739842044607D01A4B59680C224A
:10D0E00002FB0011284607F0F3FC2046F8BD164A63
:10D0F0001178012917D9546860882288B84215D957
:10D10000974200D816D1A4880E4BA41A59683C4403
:10D11000A4B20C2202FB04118B88BB42E2D0032193
:10D120003046FFF7ABFF4FF6FF74DEE79742EAD0D9
:10D13000B842E7E70133DAB2914204F10604DBD8E2
:10D14000F1E700BF54A2031A1000001038B51C46C6
:10D150000A4B154603EB8403072C01D900200BE092
:10D1600001345A88A4B21DB1954203F10403F3D1EE
:10D170000023FFF7A5FF20B238BD00BFBE2B001073
:10D180002DE9F0470D4688B006460C22002101A883
:10D1900007F000FC2B7BDFF88C90DFF88CA0032BD2
:10D1A0000CBFB5F80570002700233A4601A93046A8
:10D1B000FFF7CCFF4FF0850884B214B908B0BDE882
:10D1C000F08769782878EB78890001F07C0100F01D
:10D1D0003F0241EA9011C3F382033046FFF73EFD60
:10D1E00002220AEB840199F80430049011440DF1F5
:10D1F00016008DF815308DF8148007F069FC0222B6
:10D2000002A906A807F064FC012204A93046FFF732
:10D21000C9FC23463A4601A93046FFF797FF84B27E
:10D22000CBE700BF602C0010BE2B0010F0B5044609
:10D2300089B00D46C9B10A6841F6FF71C2F34C339B
:10D240008B42C2F34F3712D02D498E79C2F3C510ED
:10D25000864202F07F0206D14979914201D07F2AAD
:10D2600003D11A4605E03F28F6D009B0F0BDC2F35D
:10D270000C0241F6FE718B4294BF0023012301A9E9
:10D280002046FFF71DFF4FF6FF7398420646ECD08D
:10D290002046FFF7C1FA17F4E05F9DF807201BD185
:10D2A00003998DF81C2005A807F012FC2B68049345
:10D2B0009DF81E3000226FF3000304A920468DF86C
:10D2C0001E30FFF76FFC0028CFD1236801225B6975
:10D2D000314620469847C8E7D31C8DF81C30084BD0
:10D2E00003991B798DF814309DF805308DF81530B1
:10D2F0009DF806308DF816300DF11700D4E700BF09
:10D30000602C001030B5084B5A681C78043A002392
:10D31000D8B2844201D8FF2004E0013312F8235030
:10D320008D42F5D130BD00BF18000010F0B50E469B
:10D3300087B049790446FFF7E5FF0C220546002136
:10D340000DEB0200F78807F025FBFF2D0AD16FF0E7
:10D35000010000900623042231462046FFF7CEFC50
:10D3600007B0F0BD002303A93A462046FFF7A8FE08
:10D370004FF6FF73984201460CD0084B5B682DB204
:10D3800003EB85035B888342E1D323682046DB6D92
:10D390009847DEE76FF00300DBE700BF18000010DE
:10D3A0002DE9F04F0C4689B0497917460546FFF73D
:10D3B000A9FF17F00108E38814BFB4F80AB0B4F865
:10D3C00008B094F809A094F8089003934FF00C0269
:10D3D0004FF00001064605A804BFC246C14607F04B
:10D3E000D9FA002305A9039A2846FFF769FE4FF6EC
:10D3F000FF73984201461DD0FF2E1ED0114B5B6873
:10D4000036B203EB86035B88834216D3CDE900B7BF
:10D4100053464A462846FFF761FA00900623B8F1C2
:10D42000000F0DD0082221462846FFF767FC09B0FF
:10D43000BDE8F08F6FF00300EFE76FF00100ECE75D
:10D440001A46F0E718000010F0B50D4687B049798C
:10D450000446FFF757FF0C22064600210DEB0200A1
:10D46000EF8807F097FAFF2E0AD16FF001030093BF
:10D470000622082329462046FFF740FC07B0F0BDEE
:10D48000002303A93A462046FFF71AFE4FF6FF7322
:10D490009842014631D01D4B5B6836B203EB8603E0
:10D4A0005B888342E1D39DF80C309B0728D52889FF
:10D4B000174E002336F82320824224D00133082B54
:10D4C000F8D1002336F823709A0087B9114E26F858
:10D4D00023103244236850805B690122204698471C
:10D4E000236801211B6C204698470123BFE70133C5
:10D4F000082BE7D16FF00803B9E76FF00303B6E735
:10D500006FF00403B3E76FF00903B0E718000010F1
:10D51000C02B0010BE2B00102DE9F0430E4687B043
:10D5200049790546FFF7EEFE0C22044600210DEB7B
:10D530000200B6F8068007F02DFAFF2C22D0134C1B
:10D54000002304F1200901221F466188414508D1CA
:10D550002B6867801B6C2780012128469847002292
:10D56000012304344C45F0D1002A18BF6FF00603A4
:10D5700000930422062331462846FFF7BFFB07B07D
:10D58000BDE8F0836FF00103F2E700BFBE2B00108F
:10D5900073B50C4649790546FFF7B4FEFF281CD049
:10D5A00000220F49012013460E7826B18E88002EE6
:10D5B0001CBF002001230132102A01F10801F3D120
:10D5C000002818BF6FF006030093022204232146AF
:10D5D0002846FFF793FB02B070BD6FF00103F3E73D
:10D5E000DE2B00102DE9F04F0D468BB049798046B7
:10D5F000FFF788FE7F2300278DF80A30FF284FF0C1
:10D600003F03EA888DF80B30BA4604464DD16B7B58
:10D61000002B40F09A800026B1466FF00104697833
:10D620002878EB78890001F07C0100F03F02C3F319
:10D63000820341EA90114046FFF710FB9DF8263027
:10D6400006906FF300030022012C8DF826308DF830
:10D6500025207DD108238DF824302B79224663F0D4
:10D660007F030DF1090107A88DF8093007F030FAA2
:10D670000322691D0DF11D0007F02AFA22460DF163
:10D680000A0108A807F024FA22460DF10B010DF15A
:10D69000210007F01DFA8DF822908DF823600122F9
:10D6A00006A94046FFF77EFA4FE03B4603A94046F5
:10D6B000FFF706FD4FF6FF7398426B7B06D1994644
:10D6C000002B42D11E466FF00304A8E7274A526898
:10D6D00024B202EB84025288824299D39DF80C2036
:10D6E000D40705D48BBB1E4699466FF0050496E718
:10D6F0001F4ABC4602F1800E3E46B94601213C4617
:10D70000B2F804B083450DD11178568892F8029092
:10D71000C90742BF92F807A097794FF0010C360A6B
:10D720000021012408329645EAD1BCF1000F03D054
:10D730008DF80AA08DF80B7019B133B96FF007049A
:10D740006DE713B9002C7FF46AAF0BB0BDE8F08F22
:10D750006442E4B20623019200942A1D07A94046C0
:10D760008DF82430FFF766F999E700BF1800001024
:10D77000DE2B0010F0B50C468BB049790646FFF75A
:10D78000C1FD10220546002106A8E78807F002F92E
:10D79000FF2D0AD16FF001030093042206232146D6
:10D7A0003046FFF7ABFA0BB0F0BD00233A4603A9B1
:10D7B0003046FFF785FC4FF6FF729042034616D0C5
:10D7C0000E4A52682DB202EB850252888242E1D3A2
:10D7D0009DF80C20D2070DD504F1080203A93046AC
:10D7E000FFF778F9637BB3FA83F35B09D4E76FF053
:10D7F0000303D1E76FF00503CEE700BF1800001068
:10D80000F8B505460C46002975D00B68C3F386129F
:10D8100003F03F033F2B6ED07F2A6CD08A784B7881
:10D82000D60006F0380646EA5316CB785B0103F0C3
:10D83000600343EAD203564A57799F420ED07F2BAA
:10D8400059D13F2E17D12846FEF7E6FF637B43F000
:10D8500001036373637B43F0020316E09379B342E1
:10D8600015D07F2F02D13F2E45D1ECE73F2E42D17C
:10D87000FEF7D2FFEEE79379B3423CD1002B3AD0CA
:10D88000FEF7CAFF637B43F0010363730AE096B3BC
:10D89000FEF7C2FF7F2F02BF637B43F00103637378
:10D8A0003F2ED7D02379272B19D823B35A1E262AE7
:10D8B00021D8DFE802F02120262C32383E44444FA4
:10D8C000555B2061202020202020202020202020A7
:10D8D0002020202020672018182020201800372B17
:10D8E00007D8312B07D921462846BDE8F840FFF775
:10D8F000C7B9452B11D0F8BD2846BDE8F840FFF761
:10D900005FBB21462846BDE8F840FFF723B9214612
:10D910002846BDE8F840FFF72DBF21462846BDE860
:10D92000F840FFF72DBC21462846BDE8F840FFF738
:10D930008BBD21462846BDE8F840FFF7EDBD082B1A
:10D940002146284618BF0222BDE8F84008BF012240
:10D95000FFF726BD21462846BDE8F840FFF7E6BCA4
:10D9600021462846BDE8F840FFF712BE214628466A
:10D97000BDE8F840FFF736BE21462846BDE8F8402E
:10D98000FFF76EBB21462846BDE8F840FFF7A3B974
:10D99000602C001010B59DF80C009DF8084004287C
:10D9A0000BD008280CBF0520072044B141EA806154
:10D9B00041F07F7040F4783010BD0320F5E741EA74
:10D9C000403143EA811342EAC310F5E72DE9F04FF5
:10D9D000994689B04FF6FF7399429DF848B003927B
:10D9E00005460E4661D04D4B53F82130DB075CD520
:10D9F0004B4C0C23D4F804C04B430CEB0304A78816
:10DA0000B7F5005F51D2002F7AD09DF81E20454F08
:10DA10006FF300028DF81E201CF80330B4F8048068
:10DA200003F01C030193002300937A79BB794146EC
:10DA3000FFF7B0FFB8F5806F0490E2780FD28DF851
:10DA40001C20A16805A807F043F8002204A9284675
:10DA5000FFF7A8F8A0B9002009B0BDE8F08F3B7926
:10DA60008DF8143003328DF81C2063788DF8153052
:10DA7000A3788DF81630E278A1680DF11700E2E77F
:10DA8000DFF8A48008F1200AB8F80030B3420ED0C5
:10DA900008F10408C245F7D12B68039ACDE9009B31
:10DAA00031461C6928460123A0470120D4E723788A
:10DAB00003F01C03019301230093BB797A79B8F832
:10DAC00002102846FFF766FF0490E37803338DF8D1
:10DAD0001C303B798DF8143063788DF81530A378BD
:10DAE0008DF81630E278A1680DF1170006F0F0FF0E
:10DAF000002204A92846FFF755F80028C8D1AAE754
:10DB00000368CDE9009B1C690123A0472B68012213
:10DB10005B69022128469847C7E700BF201500101F
:10DB200054A2031A602C0010BE2B0010F7B51E4B38
:10DB30009B790446002B35D0FFF784F8002831D0BC
:10DB40001A4B1B784BBB1A4E1A4F15252046FFF770
:10DB500079F838B3606903689B6A984710BB6069BD
:10DB600003685B6A9847E8B9606903681B6A98476D
:10DB70000246B8B93378122B01D80133DAB2012347
:10DB8000009337F8121010232046FFF71FFF48B10B
:10DB9000013DADB2002DD9D104E00748FEF7C2F82F
:10DBA0000028D0D103B0F0BD602C0010BC2B0010B9
:10DBB000912B0010942B0010782B0010124BF7B50E
:10DBC00000241E8805462746A1B28E4211D80F4A6E
:10DBD00014234FF6FF71013B9BB222F8021B002B6E
:10DBE000F9D10B4A13700B4A13700B4A01201370C2
:10DBF00008E0002300971A462846FFF7E7FE0134A5
:10DC00000028E1D103B0F0BD54A2031A942B0010F8
:10DC1000912B0010902B0010922B00102DE9F04159
:10DC20008AB00C4615461E4613460A4603A99DF8BF
:10DC300040800746FFF744FA4FF6FF73984222D020
:10DC40009DF80C30002C02BFA0462646254603F066
:10DC50001C03CDE900533246434621463846FFF7C0
:10DC600099FE00238DF824309DF82630069043F06D
:10DC70000103012206A938468DF82630FEF792FFEF
:10DC80000AB0BDE8F0810020FAE707B5009313461B
:10DC90000022FFF7C3FF03B05DF804FB07B5054B97
:10DCA0009A79009200225B791146FFF7B7FF03B023
:10DCB0005DF804FB602C0010F0B5324E357885B06D
:10DCC00004460F461DB1012D44D005B0F0BD2E48CD
:10DCD000FEF728F80028F8D0E06803685B689847EA
:10DCE000FF288DF803000BD1002FEED127486421C7
:10DCF000FEF700F8012320463370FFF7CFFFE4E77B
:10DD00007E2804D906212046FFF784F9DDE7204B61
:10DD10001B88062B03D129462046FFF77BF91B48B9
:10DD20006421FDF7E7FF012333701A4B0C22596879
:10DD300001A806F0CDFE9DF8072003980DF1030120
:10DD400006F0C6FE6069144B0268597994689A79A6
:10DD5000A047BAE70D48FDF7E5FF0028B5D0002F32
:10DD6000B3D1236802272A46294620465B693770CB
:10DD7000984723685B692A463946204605B0BDE8C6
:10DD8000F0401847602B0010882B0010802B0010EB
:10DD90005E2B001054A2031A602C001073B50446C9
:10DDA000C068144D03681B689847FF281BD1606842
:10DDB000036801AA5E6800210123B0479DF8043082
:10DDC0003E2B01D8AB710CE00021A9716068019174
:10DDD000036801AA1D680123A847606803689B685F
:10DDE000984702B070BD3E2801D8A871F9E700231A
:10DDF000E8E700BF602C0010F8B5C361069B089FE0
:10DE00004360079BC3602F4E2F4B82600024C0E904
:10DE10000571054634701C80FFF7C0FF2B4A2C4E5D
:10DE200013785268747103F18043013B12F8233078
:10DE30003371F471FEF78AFB436823F07C4333604F
:10DE4000FEF784FB03883381224B01221A70FEF710
:10DE50007DFB3B6838461B6898471F481E21FDF72D
:10DE600049FF1E481421FDF745FF1D481421FDF709
:10DE700041FF1C4B1C701C4B1C701C4B1C701C4B22
:10DE80001C701C4B4FF6FF720134A4B2142C23F803
:10DE9000022BF9D1002201212846FFF795F83B68B3
:10DEA00071799B68B2793846984704F081FA05F198
:10DEB0003804014600B104312A462046BDE8F84046
:10DEC000FEF77AB8602B00105E2B001018000010CF
:10DED000602C00105C2B0010882B0010702B0010A1
:10DEE000682B0010912B0010902B0010922B00102B
:10DEF000BC2B0010942B001073B52A4E33780446C7
:10DF00009BB12948FDF724FF002846D06069002313
:10DF1000337003681B689847236801225B691146C8
:10DF2000204602B0BDE87040184740690368DB69CD
:10DF30009847012805460CD1A3680221186801F012
:10DF400060FA19483570052102B0BDE87040FDF750
:10DF5000DBBE164B1B88012B06D1A368186802B0E4
:10DF6000BDE8704001F047BA062B07D1A3681868D6
:10DF7000032102B0BDE8704001F043BA0C4B5B686E
:10DF8000042259690DEB020006F0A2FD019BDB079C
:10DF900005D4A368186801F031FA02B070BDF2F739
:10DFA0007DFFFAE7FD290010642B00105E2B0010A6
:10DFB00054A2031A38B5C369084D1B682A789B7AA6
:10DFC0009A42044608D01BB101222021FEF7BCFF73
:10DFD000E3691B689B7A2B7038BD00BFFC290010D9
:10DFE00038B500250446058045804620FDF766FDCE
:10DFF000C4E90050204638BD38B5114D2B68BFF339
:10E000005B8FDB071AD4284606F0EEFFB0B10D4C4B
:10E010000D4B204640F8203BFFF7E2FF04F12800BB
:10E02000FFF7DEFF04F13000FFF7DAFF074A084987
:10E030002046FDF749FD284606F0F2FF014838BDAD
:10E04000002A0010042A0010ECC1031A5007001027
:10E0500065E0021A10B50446406808B1FDF732FDCC
:10E06000204610BD10B5084B044640F8303BFFF782
:10E07000F1FF04F12800FFF7EDFF04F12000FFF7A6
:10E08000E9FF204610BD00BFECC1031A4288436877
:10E0900010B50E2404FB023301F10C0251F8044BBD
:10E0A00043F8044B9142F9D10A881A804388032B24
:10E0B00083BF00234380038801338ABF0133438039
:10E0C000038010BD2DE9F043044689B00E220021E3
:10E0D000684606F05FFC60690368DB69984705469F
:10E0E0002046FEF7B7FB2046FFF706FF6A1E5142A7
:10E0F00051412046FFF7E0FD04F13800FDF7D2FE64
:10E10000684B1B78022B40F0C680DFF89C8100260C
:10E11000012707E098F806301BB104A92046FFF755
:10E1200085F80136606903689B699847002800F00C
:10E13000A180606903685B699847F3B2984240F236
:10E1400099806069036804A91B6998479DF81E308F
:10E15000DB07DFD49DF81330C3F3820307FA03F320
:10E1600013F0A80F07D113F0140FDAD004A920463A
:10E17000FFF746FBD5E7049BC3F34C31B1F5407F75
:10E18000C3F3C51003F07F031CD19DF81C20A2B17E
:10E19000ADF800108DF8030005A90DF106008DF80B
:10E1A00002308DF8042006F093FC694604F120004B
:10E1B000FFF76CFF2046FEF72FFB04A92046FEF771
:10E1C00005FEAEE740F20232914234D19DF81C20A8
:10E1D000002AF2D03449BDF816C0B1F805E0F44584
:10E1E00016D09DF816E091F80590F14504D19DF800
:10E1F0001790B9F13F0F0BD0BEF17F0F04D19DF8FE
:10E2000017E089798E4503D043F67F718C45D4D1D0
:10E2100040F20231ADF800108DF8030005A90DF1B0
:10E2200006008DF802308DF8042006F051FC694696
:10E2300004F12800BCE740F205329142BDD19DF8BF
:10E240001C20002A3FF46DAFADF800108DF80300DC
:10E2500005A90DF106008DF802308DF8042006F0B6
:10E2600037FC04F130006946FFF710FF2046FEF747
:10E27000D3FA56E7012D0BD00B4B9B7943B10B4BD7
:10E280001B782BB90A4B1B7820463BB1FFF796FC55
:10E290002046FFF78FFE09B0BDE8F083FFF746FC8C
:10E2A000F6E700BF602B0010602C0010BC2B0010A4
:10E2B000922B001010B50446406803681B6898470D
:10E2C000A0680368BDE810401B68184710B50446F5
:10E2D000406803685B689847A0680368BDE8104021
:10E2E0005B68184770B50446406803689B680D4634
:10E2F00016469847A0680368324629469B68BDE8E1
:10E3000070401847F8B5054680680368DB680E461C
:10E31000174698470446686803683A46DB68314602
:10E3200098472043C0B2F8BD70B504464068036802
:10E330009B690D46984760B16068036829461B6970
:10E340009847A06803682946DB68BDE87040012251
:10E350001847A06803689B69984730B1A0680368B4
:10E3600029461B6998476068ECE770BD38B50546DB
:10E37000406803685B6998470446A86803685B695E
:10E3800098472044C0B238BD38B505464068036898
:10E390009B6998470446A86803689B69984720448E
:10E3A000C0B238BD10B5044640680368DB699847C1
:10E3B00003280BD0A0680368DB699847032805D0C1
:10E3C00060680368BDE81040DB691847032010BD92
:10E3D00010B50446406803681B6A984728B9A068CE
:10E3E0000368BDE810401B6A184710BD10B504460D
:10E3F000406803685B6A984728B9A0680368BDE86D
:10E4000010405B6A184710BD10B5044640680368A9
:10E410009B6A984728B9A0680368BDE810409B6ACA
:10E42000184710BD10B5024C8260C0E9004110BD14
:10E4300068C2031A00BA704737B504220C46054675
:10E4400081180DEB020006F043FB0198FFF7F2FF85
:10E450002346082243F8040B05F10A01184606F08A
:10E4600037FB6B7A2373002363732B7A5A1E534254
:10E470005341A27B63F30002A27303B030BD10B519
:10E48000447801460020013402468B5C0132D2B24E
:10E490000344A242D8B2F8DD10BD38B54478023446
:10E4A000E4B2122C054604D8FFF7E9FF28550120F5
:10E4B00038BD0020FCE773B5067B082E05460C46E8
:10E4C00021D801230B708B700223CB700068FFF7FB
:10E4D000B1FF04220DEB02010190A01806F0F8FA3A
:10E4E000AB7BC3F3000323722A7B6272291D04F104
:10E4F0000A0006F0EDFA08362046667002B0BDE864
:10E500007040FFF7CABF002002B070BD2DE9F04790
:10E51000684B8AB0024606AD03F1100618685968C8
:10E520002C4603C40833B3422546F7D1624C206819
:10E53000616803AB03C3218919800120D41D002623
:10E540003F27511E0DF10D05AE460B4613F801CFC6
:10E550001EF8018F9C428CEA080C83F800C0F5D1AC
:10E5600002F1080C1CF8013D0DF1280E0EEB131EF4
:10E5700003F00F0328336B441EF810EC13F8103C23
:10E58000624543EA0E138CF80030EBD1CDE9016609
:10E590004FF0000E4FEA0E13B3FBF7FCCCEB8C1CD4
:10E5A000BEF13F0FA3EB0C03DBB20DF1280C08BF4B
:10E5B0003F230CEBD308CEF3C40C0EF0070912F87E
:10E5C0000CC04CFA09FC0CF0010C03F007030CFA28
:10E5D00003F318F824CC0EF1010E43EA0C03BEF14C
:10E5E000400F08F8243CD5D10DF1040C0B461CF863
:10E5F00001EB03F801EF9C42F9D10DF10C089DF8F5
:10E600000DE0BDF80C90C44600230133DBB29CF84A
:10E6100002A00CF801AB082BF7D19DF80C30ADF837
:10E62000149003F007034FF0000998F800C018F8A1
:10E6300001AF09F101094FEADC0C5FFA89F94CEAF4
:10E640004A1CB9F1090F08F801CCEED15B0143EA8D
:10E65000DE030DF1280C0CEB131C03F00F031CF868
:10E6600010CC43EA0C138DF81530C30748BF9DF852
:10E670000D309DF80EC044BF83F080038DF80D303F
:10E680000CF00F0383EA60032CF00F0C013043EA17
:10E690000C0320288DF80E307FF453AF11F8013FA2
:10E6A00015F8012F8C4283EA02030B70F6D10AB0F1
:10E6B000BDE8F0879FC2031A94C2031A0448006899
:10E6C00010B404686468A4465DF8044B604700BF5A
:10E6D0006C2C0010024B186803689B68184700BF39
:10E6E0006C2C001032207047024B186803681B69BD
:10E6F000184700BF6C2C0010C818322810B407D877
:10E700000548006804682468A4465DF8044B604727
:10E710005DF8044B704700BF6C2C0010014B196072
:10E72000704700BF6C2C0010014B426019607047AD
:10E73000702C0010024B186803689B68184700BFD4
:10E74000702C00102DE9F04FDFF890908246D9F838
:10E750000000036885B01B699DF838500F4690464D
:10E760009847D9F8000003681B69984715B905B0A8
:10E77000BDE8F08F0C22FF2101A806F00BF90C2D4B
:10E780002E4628BF0C263946324601A806F0A0F9CD
:10E79000D9F8000003681B699847B6FBF0F4D9F874
:10E7A000000003681B6998470346D9F80000B6FBD0
:10E7B000F3F202FB1363DBB2DAF80410002B18BF8C
:10E7C00001340368E4B2D3F800B04144234601AAFF
:10E7D000AD1BD847EDB23744A044C7E7702C0010FA
:10E7E0002DE9F04FDFF870A085B081460F469046C6
:10E7F0001C4614B905B0BDE8F08FDAF800000368D4
:10E800000C2C1B69264628BF0C269847B6FBF0F552
:10E81000DAF8000003681B6998470346DAF800003D
:10E82000B6FBF3F202FB1363DBB2D9F80410002B42
:10E8300018BF01350368EDB24144D3F804B001AA12
:10E840002B46D847A41B3846324601A906F040F9AA
:10E85000E4B23744A844CCE7702C00100020704785
:10E8600013B503680022DC690DF106010223A047FD
:10E87000BDF8060002B010BDA0F10800F0E713B526
:10E880000368ADF806109C69002202230DF1060111
:10E89000A04702B010BDA0F10800F0E710B4046872
:10E8A000A4690132A4465DF8044B6047A0F108005A
:10E8B000F4E710B40468E4690132A4465DF8044B3F
:10E8C0006047A0F10800F4E737B5D0E9055400939C
:10E8D0002A442B19FFF736FF03B030BD10B444694A
:10E8E00022445DF8044BFFF77BBF70B5049E0446DD
:10E8F0001D46FFF719FFC4E9055604F10C01204637
:10E900000823BDE870400022FFF76ABF002070476F
:10E910000120704713B503680022DC690DF1060180
:10E920000223A047BDF8060002B010BDA0F1080008
:10E93000F0E713B50368ADF806109C6900220223C6
:10E940000DF10601A04702B010BDA0F10800F0E7EC
:10E9500010B40468A4690132A4465DF8044B604712
:10E96000A0F10800F4E710B40468E4690132A44699
:10E970005DF8044B6047A0F10800F4E72DE9F34788
:10E980009846DFF898A04369064602EB0309C3697D
:10E99000DAF80000B9FBF3F203FB129903681B6974
:10E9A0000F469847B8FBF0F4DAF8000003681B69DB
:10E9B0009847B8FBF0F303FB1080C0B2002818BFE3
:10E9C0000134F56959FA84F4AC421AD9DAF8000036
:10E9D00003681B699847A5EB0905D6E90623EDB244
:10E9E000454305F0FF040094134439464A44304639
:10E9F000FFF7A8FE2744A8EB04045FFA84F84FF061
:10EA00000009D6E9062339461344CDF800804A446C
:10EA10003046FFF797FE02B0BDE8F087702C00107B
:10EA20002DE9F0479846DFF88CA04369064602EBD3
:10EA30000309C369DAF80000B9FBF3F203FB12998A
:10EA400003681B690F469847B8FBF0F4DAF800003A
:10EA500003681B699847B8FBF0F303FB1080C0B252
:10EA6000002818BF0134F56959FA84F4AC4218D96A
:10EA7000DAF8000003681B699847A5EB0905EDB2B9
:10EA8000B269454305F0FF0423464A4439463046FF
:10EA9000FFF7A6FE2744A8EB04045FFA84F84FF0C2
:10EAA0000009B26943464A4439463046BDE8F0475A
:10EAB000FFF796BE702C001070B5049E04461D46EC
:10EAC000FFF732FE0C23C4E90656E1182046002267
:10EAD000BDE87040FFF784BE012070470C4B1B68F7
:10EAE0000C2202FB01335B79012B05D1094A5371DA
:10EAF000094B01225A547047022B4FF0010202D1F8
:10EB0000064B5A71F4E7032BF2D1054BF9E700BF2E
:10EB1000A0010010082F0010D82C0010F02E0010BB
:10EB2000D82E0010014B1888704700BF082F001026
:10EB3000014B1888704700BFF02E0010014B188859
:10EB4000704700BFD82E0010004870479C0100108D
:10EB5000B1F5FE7F9FBF044B0C221B68514394BF4D
:10EB600058580020704700BFA001001010B50B4C92
:10EB70002046FDF7EDF8201D094CFDF7D3F820469F
:10EB8000FDF7E6F8201D074CFDF7CCF82046FDF711
:10EB9000DFF8201DBDE81040FDF7C4B8102F0010AD
:10EBA000F82E0010E02E00101FB5042300220648A6
:10EBB000009303A96E230392FFF7C4FDFFF7BAFD8C
:10EBC00005B05DF804FB00BFD02C001070B502F159
:10EBD000080630460D461446FDF7BAF860B12388A2
:10EBE00001339BB2B3F5004F28BF4FF4004323809D
:10EBF00069883046FDF788F8228863889B1A002BC5
:10EC0000B8BF5B42642BC1BF01236371A3716280F3
:10EC100070BDFFFF2DE9F8430123DFF838809371C1
:10EC200005460E4600244FF00C0940F2FD17D8F8B7
:10EC3000003009FB04335A79337A9A4204D12B68A5
:10EC400021469B68284698470134BC42EFD1BDE875
:10EC5000F88300BFA001001030B54868036885B094
:10EC60001B690D469847B8B16C6804B1083C0C3478
:10EC70000C22214601A805F02BFF039BEA68013313
:10EC800013442A69B3FBF2F1204602FB11330C2234
:10EC900001A9039305F01CFF05B030BDF8B5074688
:10ECA000486803681B690E4614469847054690B1AC
:10ECB000A38AFE2B0DD90023224631463846A38273
:10ECC000FFF7A8FF224631463846FFF7C5FF284622
:10ECD000F8BD0133A3820025F9E7137910B5144676
:10ECE00053B953790BB9002010BD098802F10C000B
:10ECF000FDF700F80123237104F10C00FDF712F871
:10ED00000028F0D02388002BEDD00022013B227197
:10ED10002380E9E7004870479801001007B50C23ED
:10ED200001460093002283690C31FFF70BFD03B00D
:10ED30005DF804EBFFF7FEBC38B5134D0C2303FB65
:10ED400001F429680A195379012B05D1137909595E
:10ED500092680E48FFF7A2FD29680A195379022B21
:10ED600005D11379095992680948FFF7F1FD29681F
:10ED70000A195379032B05D113790959926805486B
:10ED8000FFF7E6FD38BD00BFA0010010B42C001055
:10ED9000942C0010742C00102DE9F0470E46917948
:10EDA00000230746537129B1706893710368118875
:10EDB0005B68984700240F4DDFF83C804FF00C094A
:10EDC000A246D8F8003009FB04335A79337A9A42C4
:10EDD00007D12B782BB121463846FFF7ADFF85F8D8
:10EDE00000A0013440F2FD139C4205F10105E8D179
:10EDF000BDE8F087D82C0010A00100102DE9FF47D6
:10EE0000254A26490646FFF7E1FE234A23493046B4
:10EE1000FFF763FF074620B11F4A20493046FFF73E
:10EE2000BBFF1F4B0FCB6C4684E80F000DF1100A9F
:10EE3000D4E9005930464A462946FFF7C7FE4A46FC
:10EE400029463046FFF749FF804660B14A462946C9
:10EE50003046FFF723FF4A46074629463046FFF76C
:10EE60009BFF4FB9474608345445E1D187B104B000
:10EE7000BDE8F047FFF75EBC686803681B69984708
:10EE80000028EFD0686800B10838FFF747FFE9E7CE
:10EE900004B0BDE8F08700BF082F0010C0C3031AFC
:10EEA000D4C3031A38B5134D0C2303FB01F42968AE
:10EEB0000A195379012B05D11379095992680E4823
:10EEC000FFF7F7FC29680A195379022B05D113794A
:10EED000095992680948FFF746FD29680A195379CC
:10EEE000032B05D11379095992680548FFF73BFDBB
:10EEF00038BD00BFA0010010B42C0010942C0010ED
:10EF0000742C00102DE9F84FDFF85CA005460E4682
:10EF10001746984600244FF00C0B40F2FD19DAF822
:10EF200000300BFB04335A79012A0DD19B68B342A0
:10EF300014D321462846FFF7FFFE01344C45EED19D
:10EF4000BDE8F84FFFF7F6BB022A02D19B68BB422F
:10EF5000EEE7032A02D19B684345E9E721462846AC
:10EF6000FFF7A0FFE9E700BFA00100102DE9F04F77
:10EF70008FB00C46AE4D0390AE48AF4FDFF8ECA219
:10EF8000DFF8EC92FFF7CAFB2146AC486422FFF79A
:10EF9000CBFB21466E222846FFF7C6FB4FF00A083E
:10EFA00040F2DC560823002205F10C012846C5E991
:10EFB0000586FFF715FC214640F2A4623846FFF7AC
:10EFC000B3FB0C23C7E906869D4EF918002238468C
:10EFD000FFF706FC214640F6E4423046FFF7A4FB6B
:10EFE0004FF41673F3610C23F11800223046C6F873
:10EFF0001880FFF7F5FBDFF87C8290482023002281
:10F00000CDE9083A40F28B1B0423012405A90A929A
:10F010000D92CDE906B8CDE90B49FFF7E1FB894A2E
:10F02000059B93424FF0000256D12B69434548D1CE
:10F03000D5F80C80069B434545D03B69534545D1E7
:10F040007B690A93FF68089BBB4241D04FF0010ADD
:10F0500033694B4547D17369D6F80CB00D930B9BC0
:10F060005B4543D001264FF00009082206A97648E7
:10F0700005F02EFD0C2208A9744805F029FD0C228C
:10F080000BA9734805F024FD03985B463A464146B8
:10F09000FFF738FF74BBBAF1000F44D1002E40F0E7
:10F0A0009C80B9F1000F4FD0664B05930423009369
:10F0B00062486E23002205A9FFF744FBFFF73AFBE5
:10F0C00042E09046B9E7D8461446B6E70027BDE7C8
:10F0D00020274FF0000ABBE7934617469046264686
:10F0E000A246B146C1E74FF0000BBBE74FF0010B62
:10F0F0000026F6E74E4840F21631FFF7C0FB5249B2
:10F10000082300936B690022A1F10C00FFF71AFBA2
:10F11000FFF710FBBAF1000F05D1002E6CD1B9F149
:10F12000000FCBD0C0E744484021FFF702FC424823
:10F13000FFF7F4FD002E67D1B9F1000FB4D1002C18
:10F14000BCD1BAF1000FB9D13948424F424E434DBC
:10F15000FFF786FB38803848FFF7DCFB3080384803
:10F16000FFF7D8FB3A8840F215339A429CBF40F231
:10F1700016333B8033883F2B9CBF402333801E28AF
:10F1800038BF1E203B887B8080B2002433882880D3
:10F1900068804FF4616132487380BC80BC71B48078
:10F1A000B471AC80AC71BC82B482AC82FCF7ACFDB3
:10F1B0002C487821FCF7A8FD782105F10800FCF720
:10F1C000A3FD294B214640F2FD120134944203F87D
:10F1D000011BFAD10FB0BDE8F08F19481E21FFF7CF
:10F1E000A8FB1748FFF79AFDB9F1000F7FF45CAF59
:10F1F000002E7FF463AFA7E711481E21FFF799FBAC
:10F200000F48FFF78BFD8AE70D481E21FFF791FBA2
:10F210000B48FFF783FDB9F1000F7FF445AF002CD9
:10F220007FF44CAFBAF1000F7FF448AFE0E700BFC6
:10F23000B42C00109C010010942C0010D02C001055
:10F24000742C001001190110C02C0010A02C00100B
:10F25000802C0010082F0010F02E0010D82E001067
:10F26000102F0010F82E0010D82C001001190305E3
:10F270000419011002190110084B094A1A60094AC1
:10F28000094B13602C339360084B094A03F12C019E
:10F2900013609160074A136091607047D02C001092
:10F2A000D4C2031AB42C0010E0C2031A28C3031AF4
:10F2B000942C0010742C001008B503F084F8036837
:10F2C000DB6998474FF05533036008BD10B504461D
:10F2D000FFF7F2FF03F077F803681B699847FCF724
:10F2E000EBFC236820469B69984703F06CF80368A1
:10F2F0005B6B9847236820469B68BDE81040184721
:10F3000010B503F060F80368DB6998470368B3F150
:10F31000553F06D003F057F80368BDE81040DB6A9C
:10F32000184710BD08B504462046FFF7E9FF03F073
:10F330004AF803685B69984703F045F803689B69DE
:10F34000984723682046DB689847236820461B6956
:10F350009847E9E710B5044603F035F803681B6BDE
:10F360009847236820465B69BDE810401847FFFFB7
:10F37000024B186808B1FFF7EDBF7047202F00104F
:10F380007047704710B51C21044605F02BFE20463F
:10F3900010BD10B51021044605F024FE204610BD16
:10F3A000017108498260002210B50A700649074CB5
:10F3B0000A70074904600A7006490A704FF48072A7
:10F3C000828110BD372F0010362F0010ECC3031AB6
:10F3D000352F0010342F001010B5047980680368B1
:10F3E0005B6898476040C0B210BD0023437370470C
:10F3F000012343737047032343737047022343730E
:10F4000070470A294FF0040328BF0A214373017390
:10F410007047FFFF10B51C4CFCF72CFC236898428A
:10F4200016D0FCF727FC20601848FCF77BFC78B16D
:10F4300016483221FCF770FC154A137883F001035B
:10F440001370144A13780133DBB2042B01D013700C
:10F4500010BD00211170104A1048137883F0010389
:10F4600013700F4A13780A2B07D8017881F0010135
:10F4700001700029ECD10133E9E70133DBB20D2B38
:10F480000170E4D91170E3E7282F00102C2F001031
:10F49000362F0010242F0010372F0010352F0010AA
:10F4A000342F001010B50446FFF7B4FF637B042B24
:10F4B00019D8DFE803F01B0D030608000C4B1B787E
:10F4C00007E00C4BFBE70C4B227B1B789A4208D8D9
:10F4D0000023A06821790268BDE8104012685940F5
:10F4E0001047064BEBE701236373F1E70123F0E7D5
:10F4F000372F0010362F0010342F0010352F00103A
:10F50000036910B5044653B11430FCF70BFC30B15D
:10F51000A06821790368BDE810401B6818472046A1
:10F52000BDE81040FFF7BEBF10B50446FFF738FF37
:10F53000034A2361012322602376204610BD00BFC9
:10F5400000C4031A01691430FCF7D4BB30B5017054
:10F55000FF21B2FBF1F5B3FBF1F11944039B4360CA
:10F560000023154483724FF48073457081700381CA
:10F5700030BD38B505780446406803681B68984775
:10F58000854223890ED0627813449BB240F2FF1269
:10F590009A4228BF1A46B3F5B27F228101D30123D4
:10F5A000A37238BDA2789B1A9BB2B3F5807F1A462E
:10F5B00038BF4FF48072B3F5A67F2281F1D20023C9
:10F5C000EEE70089B0F5807F05D040F2FF13C31A43
:10F5D00058425841704701207047FFFF10B504465C
:10F5E000D0F81802054903689B689847D4F81802B8
:10F5F00003490368BDE810409B6818470CC4031A10
:10F6000060C6031A90F86402831E5842584170473E
:10F6100010B504468AB001AA084621231021FCF740
:10F62000D7FAD4F818020F4903689B689847D4F8B2
:10F630001802036804F51F719B689847D4F81802F4
:10F64000094903689B689847D4F81802036801A920
:10F650009B689847D4F81802044903689B68984748
:10F660000AB010BD0EC4031A11C4031A60C6031AEF
:10F6700010B5044686B001AA112308210630FCF714
:10F68000A7FAD4F818020F4903689B689847D4F882
:10F690001802036804F281219B689847D4F8180285
:10F6A000094903689B689847D4F81802036801A9C0
:10F6B0009B689847D4F81802044903689B689847E8
:10F6C00006B010BD0EC4031A11C4031A60C6031A93
:10F6D00010B5044686B001AA084611230821FCF79C
:10F6E00077FAD4F818020F4903689B689847D4F852
:10F6F0001802036804F286219B689847D4F8180220
:10F70000094903689B689847D4F81802036801A95F
:10F710009B689847D4F81802044903689B68984787
:10F7200006B010BD0EC4031A11C4031A60C6031A32
:10F73000F0B50546D0F8180203688DB01B690F4676
:10F74000144698470646002832D16400E4B2282CBB
:10F750002BD801AA292314213846FCF739FA04F1E1
:10F7600030030DEB0304D5F8180204F82C6C036881
:10F7700010499B689847D5F81802036805F2722172
:10F780009B689847D5F818020B4903689B6898470F
:10F79000D5F81802036801A99B689847D5F81802A4
:10F7A000064903689B689847012630460DB0F0BDB6
:10F7B0000026FAE70EC4031A11C4031A60C6031A1E
:10F7C00010B5044600F032FD044B23600023C4F85A
:10F7D000183284F86C32204610BD00BFA8C6031A48
:10F7E00010B541220446002100F5077005F0D2F85B
:10F7F000002384F86432C4F8603284F86C322371D8
:10F8000010BD10B50B6804461B68C4F818120846F2
:10F8100098472046BDE81040FFF7E2BF002310B52F
:10F82000044680F86C32D4F860124B1C402B03D98C
:10F830000023C4F8603210BDD4F81802036801F543
:10F840000771DB680122214498470028F3D0D4F8DF
:10F850006022531C224492F81C220A2A09D1234414
:10F86000002283F81C22012384F86C32C4F8602241
:10F87000E1E7C4F86032D6E738B504460D46FFF735
:10F88000CDFF94F86C324BB104F507710422284681
:10F8900005F050F8B0FA80F0400938BD0049F5E7AE
:10F8A000ECC6031AF8B504461E4694F86C32079F5E
:10F8B0000846154613B304F507716A1E023105F0B8
:10F8C00039F8D0B994F86C32D3B104F507739DF8C8
:10F8D0001820E91D013A1944304605F02BF860B9AB
:10F8E00094F86C3273B104F50774A91C0422214406
:10F8F000384605F0EDF800233B71F8BD0249DCE71E
:10F90000014BE4E7004CF0E7ECC6031A37B50446B8
:10F910000625FFF783FF04F26D2301932046274B52
:10F92000274900952122FFF7BDFF04F27223CDE99C
:10F9300000532046234B24492122FFF7B3FF04F252
:10F940007723CDE900532046204B21492122FFF7A0
:10F95000A9FF04F51F73CDE9005320461D4B1E4936
:10F960002122FFF79FFF04F28123CDE900532046B7
:10F970001A4B1B492122FFF795FF04F286232046EC
:10F98000CDE900531749184B2122FFF78BFF94F85C
:10F99000722294F86D32134094F87722134094F851
:10F9A0007C22134094F88122134094F8862213425B
:10F9B00014BF0120002003B030BD00BF7EC5031A74
:10F9C00013C4031A34C4031A3AC4031A5BC4031AD7
:10F9D00061C4031AFCC5031A82C4031A26C6031A9B
:10F9E000A3C4031AC4C4031A50C6031A38B590F846
:10F9F00065320446122B00F22581DFE813F0130074
:10FA000040004B00560061006C00770082008D00C2
:10FA10009800A300AE00B900C500D100DD00E800E9
:10FA2000FD001701002380F86D3280F8723280F8F3
:10FA3000773280F87C3280F8813280F886324FF459
:10FA4000967100F51A70FCF75FF9D4F81802814935
:10FA500003689B689847D4F818027F4903689B683D
:10FA6000984794F86532013384F8653204F51A70CA
:10FA7000FCF76EF9002840F0E9800025E0E07749C6
:10FA8000FFF7FAFE0028F1D0D4F818027449036891
:10FA90009B68DFE77149FFF7EFFE0028E6D0D4F856
:10FAA0001802704903689B68D4E76C49FFF7E4FECD
:10FAB0000028DBD0D4F818026B4903689B68C9E7BB
:10FAC0006649FFF7D9FE0028D0D0D4F8180267495C
:10FAD00003689B68BEE76149FFF7CEFE0028C5D0EA
:10FAE000D4F81802624903689B68B3E75B49FFF7E3
:10FAF000C3FE0028BAD0D4F818025E4903689B6898
:10FB0000A8E75649FFF7B8FE0028AFD0D4F818028E
:10FB1000594903689B689DE75049FFF7ADFE0028EF
:10FB2000A4D0D4F81802554903689B6892E74B4962
:10FB3000FFF7A2FE002899D0D4F8180250490368B4
:10FB40009B6887E74549FFF797FE00288ED0D4F8D9
:10FB500018024C4903689B687CE74049FFF78CFE1C
:10FB6000002883D0D4F81802474903689B6871E7DE
:10FB70003A49FFF781FE00283FF478AFD4F8180225
:10FB8000424903689B6865E73449FFF775FE002822
:10FB90003FF46CAFD4F818023D4903689B6859E7FD
:10FBA0002E49FFF769FE00283FF460AFD4F8180231
:10FBB000384903689B684DE7FFF7A8FE00283FF42B
:10FBC00055AFD4F81802344903689B6842E73349BB
:10FBD000FFF752FE80B1D4F81802314903689B68E0
:10FBE0009847D4F818021C4903689B68984794F812
:10FBF0006532013384F8653218492046FFF73CFE30
:10FC000000283FF433AFD4F81802264903689B68F4
:10FC10009847D4F81802036804F26D219B6898474E
:10FC2000D4F81802204903689B6813E70B49FFF7D3
:10FC300023FE054600283FF419AF204600F0E4F902
:10FC4000284638BD002380F864320FE72046FFF7CE
:10FC5000C7FD12E7E5C4031A60C6031AEAC4031A13
:10FC6000F0C4031AFBC4031A0CC5031A1BC5031AFC
:10FC700027C5031A33C5031A36C5031A5AC5031A12
:10FC800084C5031AAEC5031AD8C5031A02C6031ADF
:10FC90002CC6031A56C6031A59C6031A5DC6031AA0
:10FCA00063C6031A0EC4031A75C6031A70B586B06C
:10FCB000534B019390F86C3204464BB100F5077139
:10FCC000032201A804F036FE20B9012006B070BD61
:10FCD0004C49F5E74C4B029394F86C3243B104F570
:10FCE0000771032202A804F025FE18B90220EDE7EF
:10FCF0004449F6E7454B029394F86C321BB304F584
:10FD00000771032202A804F015FEF0B1404B02AACD
:10FD100003F1080618685968154603C50833B3424D
:10FD20002A46F7D1186899889B792860A980AB7119
:10FD300094F86C3243BB33490E2202A804F0FAFD5A
:10FD400038BB0520C2E72F49DBE794F86C3204F298
:10FD50008620ABB104F507710422033104F0EAFDFB
:10FD6000A8B194F86C3204F277205BB104F5077106
:10FD70000422033104F0DEFD0028C7D10420A5E7EA
:10FD80002049E9E71F49F3E704F50771D4E70320A9
:10FD90009CE7204A10685168128902AB03C31A809D
:10FDA00094F86C3243B104F50771092202A804F0FB
:10FDB000C1FD18B9062089E71249F6E7164A10680E
:10FDC0005168128902AB03C31A8094F86C3243B1B4
:10FDD00004F50771092202A804F0ACFD18B9072048
:10FDE00074E70849F6E794F86C0200283FF46EAF18
:10FDF00094F81C02003818BF0120C00066E700BF5D
:10FE000045525200ECC6031A414F4B0057562C0086
:10FE10007BC6031A8AC6031A94C6031A90F86C327A
:10FE200013B5044663B100F5077008221044694613
:10FE3000FBF70AFF6946204600F0F6F802B010BD55
:10FE40000048F2E7ECC6031A10B590F86C3286B0A1
:10FE5000044663B100F50770142201A90830FBF7CE
:10FE6000F3FE01A9204600F008F906B010BD0148D4
:10FE7000F2E700BFECC6031A033910B504460429A3
:10FE80001ED8DFE801F007030B0F0F00BDE810409C
:10FE9000FFF7DABFBDE81040FFF7C0BFBDE8104074
:10FEA00000F0BFB8D0F81802064903689B6898476D
:10FEB000D4F8180204490368BDE810409B6818474D
:10FEC00010BD00BF64C6031A60C6031A70B50546AC
:10FED0000A242846FFF7A2FC2846FFF7E7FE013C6C
:10FEE000014606462846FFF7C7FF14F0FF0401D07D
:10FEF000002EEED170BDD0F8183210B50446E3B133
:10FF000090F86432012B0AD0022B10D093B9012350
:10FF1000A0F864322046BDE8104000F00FB8FFF7AB
:10FF200065FD0028F6D0022384F86432F2E7FFF77B
:10FF3000CDFFEFE7FFF754FCECE710BD00F0B8B9D8
:10FF400030B585B00546FCF701FB102244685F21FF
:10FF5000684604F01FFD06221C49684604F0B8FDFF
:10FF6000200FFBF72FFE8DF80800C4F30360FBF7AA
:10FF700029FE8DF80900C4F30350FBF723FE8DF82A
:10FF80000A00C4F30340FBF71DFE8DF80B00C4F319
:10FF90000330FBF717FE8DF80C00C4F30320FBF7CA
:10FFA00011FE8DF80D00C4F30310FBF70BFE8DF866
:10FFB0000E0004F00F00FBF705FE2B688DF80F0014
:10FFC0001B6B69462846984705B030BDEDC6031A3D
:10FFD00070B50446FCF7BAFA456802F0F4F9036814
:10FFE0009B6B9847284404F081FC651D04F10D06C5
:10FFF00004F084FC05F8010FB542F9D123682046CE
:020000041A03DD
:100000005B6BBDE87040184710B5002304460371D0
:1000100080F81432FFF794FF2046BDE81040FFF748
:10002000D7BF00230371704737B508220D46044639
:10003000811D684604F04CFD6846FEF767FA082209
:100040002946684604F076FCA8B96A460823117868
:10005000013BC94313F0FF0302F8011BF7D12368EA
:1000600069469B6B20469847012323712046FFF782
:10007000AFFF03B030BD0023F7E7037913B10131BF
:1000800000F0BBB9704730B5037987B004460D4620
:1000900013B9002007B030BD90F814328DF8043049
:1000A00013220DF1050004F013FD6A782368043271
:1000B000DB6BD2B201A9204698470028E9D094F81A
:1000C0001432013384F81432E4E70123437170479A
:1000D00000238380704770470A207047437910B52A
:1000E00004461BB103681B6C984708B9002010BD7B
:1000F0002379002BFAD00320F9E790F86E0100383D
:1001000018BF01207047807D003818BF012070475C
:1001100090F8C200003818BF0120704710B504469F
:1001200008466379012B05D1E378012B00D1DAB9B8
:10013000002363712379FBB9637804F10C01102269
:1001400001EB031104F0C4FC637822780133DBB2C5
:100150009A4298BF0023A27863709A4204BF012399
:1001600023710023E37007E0E379FF2B4FF00002D7
:100170001CBF0133E371627110BDFFFF03462A4AC1
:10018000F0B4002493F86861147093F86B4193F80D
:10019000697193F86A2106EB460500F5B470AD105D
:1001A00084BB93F86CC1BCF1000F10D093F87021A0
:1001B00045B9FF2A16D1012283F86E21F0BC002236
:1001C000FFF7ACBFFF2A26D183F86E41F6E79742CE
:1001D00088BF9219D21BD4B2AC4215DB93F87021C0
:1001E000FF2A05D093F86E5115B9013283F87021BA
:1001F000012283F86E2193F87121A24238BF83F85F
:100200007141DBE73446E7E7B4EB560FF3D893F8D8
:100210007021FF2A05D093F86E5115B1013283F891
:1002200070210022E5E700BFA032001010B5094A96
:1002300002600A2400220121C0E90441C0E92F41E3
:10024000C0E95A4142710283A0F8C420A0F870218D
:1002500010BD00BFFCC6031A10B5044686B0637912
:10026000084613B9002006B010BD2379002BF9D041
:1002700001A9FEF720F90028F4D001A92046FFF7D4
:1002800002FFF0E70279034652B9DA78007842B902
:100290005A789B789A4288BF1B189B1AD8B270472D
:1002A0000020704708B500F5B470FFF7EBFF08BDFC
:1002B0007FB503790446EBB90A2500F1BC06304648
:1002C000FFF7E0FF70B90A2510342046FFF7DAFF88
:1002D00030B1002269462046FFF720FF013DF4D1EE
:1002E00004B070BD002269463046FFF717FF013D9C
:1002F000E5D1E8E790F8C050BDB990F8BD1000F125
:10030000BC0600F1C80303EB01111022684604F09B
:10031000DFFB69462046FFF79FFF0028E0D02A4612
:1003200069463046FFF7FAFEDAE7057D002DD7D1A2
:10033000417C00F1100600F11C03E4E770B50446AF
:10034000C078012807D1607122B1E379FF2B01D079
:100350000133E37170BD20792278431E5D425D4117
:10036000A378013A934204F10C00B8BF5E1C00EB85
:1003700003104FF01002B4BFF6B2002604F0A8FB41
:100380006378A670B34204BF0123E3700023237196
:100390006800DFE7036870B5DB6904460D46164662
:1003A0009847032812D1207978B1EB78C3F3820300
:1003B000032B94BF04F1BC0004F11000324629461F
:1003C000FFF7BCFF013818BF012070BD0020FCE71B
:1003D0001FB50446084663796BB123795BB1CB78CE
:1003E000022B08D16946FEF727F80122694604F579
:1003F000B470FFF7A3FF04B010BD70B50B78012BEC
:1004000006460C4611D14D780235EDB20846FEF78E
:1004100036F8635D834208D1A378012B05D12146CC
:100420003046BDE87040FFF7D3BF70BD10B504463D
:10043000406808B1FBF746FB204610BD10B50446E6
:10044000406808B1FBF73EFB204610BD704770477F
:100450000B4B5A88596830B50624624305688D50A5
:100460008C188288A2805A881E2A83BF00225A8054
:100470001A8801328ABF01325A801A8030BD00BF0B
:10048000382F00107047FFFF074B00785A885968D3
:100490001E2A885483BF00225A801A8801328ABFDC
:1004A00001325A801A807047402F001070B50E4CF0
:1004B0000E4E002520202560FBF700FB3246C4E9E4
:1004C00000500B4920460B4CFBF7FEFAC02025607C
:1004D000FBF7F4FA3246C4E9005007492046BDE86C
:1004E0007040FBF7F1BA00BF402F0010500700101A
:1004F0003D04031A382F00102D04031A08B50448D0
:10050000FBF710FC00F08AF9BDE80840FFF79EBF3A
:10051000A401001008B500F063FD00F081F9BDE80A
:100520000840FFF794BFFFFF074B10B4012203EB15
:10053000C00403F830202046627002305DF8044B9E
:10054000062204F0C5BA00BF492F0010034B012258
:1005500003F8302003EBC0035A707047492F001096
:10056000024B03EBC0035878704700BF492F0010BF
:10057000034B002203F8302003EBC0035A7070478E
:10058000492F001008B50448FBF7CCFB18B1BDE8B3
:10059000084000F0B3BE08BDA401001008B505482E
:1005A000FBF7C0FB28B1BDE8084002481F21FBF75C
:1005B000A1BB08BDA401001030B5024603240525E7
:1005C000431CDBB2B3FBF4F101EB41015B1AD8B27F
:1005D00045FA00F3DB0701D48242F1D130BDFFFFC1
:1005E00070B52B4D2B4C2E7814F83630032B15D8C4
:1005F000DFE803F049021549FFF7C4FF70B128781E
:10060000022606EBC000204400F00CFE2D7804F812
:10061000356000F08FFE04EBC505687070BD00F01A
:1006200089FE04EBC6067070287804EBC0035B7883
:10063000062BF3D801A252F823F000BF6306031A79
:100640001D06031A7906031A1D06031A5906031A12
:100650006306031A5906031A04EBC0000230FFF7C1
:10066000F7FE2878FFF7A8FF032304F8303028703E
:10067000BDE8704000F070BEFFF790FF2B780122BC
:1006800004F83320F4E73046FFF796FF2870C5E7FB
:10069000482F0010492F00101FB502A800F062FE7D
:1006A00068B900F0D9FAFFF7EDFEFFF799FF0DF1F9
:1006B000070000F0C5FF48B905B05DF804FB02A8CB
:1006C00000F06AFB02A8FFF7C3FEE6E70DF10700A2
:1006D00000F0ACF80DF10700FFF7D6FEE7E7FFFFEB
:1006E000034B9B69022253F8200004F0F1B900BFCC
:1006F000702F00100B880B4AB3F5004F1CBF07EE9C
:10070000903ADFED096A926908BF9FED087A52F8C6
:1007100020201CBFF8EE677A87EEA67A82ED007A79
:10072000704700BF702F00100000C8420000807F9B
:10073000094B10B59B6953F820200878137803F013
:100740000104844206D060F300031370497861F31A
:100750004103137010BD00BF702F00100F4B9B6939
:1007600070B553F82040237B0D46164633B92279E5
:100770002168A06804F0ACF9012323732B78227957
:100780009A420AD9A2686978D15436B12279A1680F
:10079000206804F09DF90023237370BD702F0010B2
:1007A00000230B704B70044B9B6953F820301B786F
:1007B0000B7001234B707047702F0010054B9A6926
:1007C00052F8202012780A709B6953F820305B7829
:1007D0004B707047702F0010064A936953F8203011
:1007E0001B790B70926952F820201268D35C4B7011
:1007F000704700BF702F0010074A136910B5546985
:1008000003EBC0030130A042197934BFD868506AA5
:10081000401AC0B210BD00BF702F00107047FFFF1C
:100820000148F0F751BD00BF702F00107047FFFF67
:100830000A4B10B59B6953F8202013790133DBB2C2
:10084000137152799A4207D90024054B20461C7037
:10085000FFF78EFE204610BD0120FCE7702F001030
:100860006C2F0010034610B408460A2A28D8DFE887
:1008700002F0060B100615062727271F25005DF836
:10088000044B1946FFF72CBF5DF8044B1946FFF7E0
:1008900031BF5DF8044B1946FFF74ABF0A4A946915
:1008A000194654F820005DF8044B012204F010B9F9
:1008B00000225DF8044B1946FFF750BF0122F8E70C
:1008C0005DF8044B704700BF702F001010B5084A48
:1008D000117BC0F34713994209D9946800F01F00B7
:1008E00054F82320012181400A4344F8232010BDFD
:1008F000702F0010044B5A6A8A4281BFDA69535C38
:1009000023EA000050547047702F00100E4B5A6AB3
:100910008A4210B516D9DC69625C024362541A6AD5
:1009200052F821401A6902EBC4029278082A01BFEA
:100930009B6953F8213000221A7183071EBF034BB5
:1009400001221A7010BD00BF702F0010AC01001002
:100950002DE9F843067890F80180194D0F4606F00E
:100960003F0600246B69A34201D8BDE8F8832B69D8
:1009700003EBC40213F8343043454FEAC4091CD1D9
:10098000516880203144FFF7C1FF4020FFF7B2FFDC
:10099000B94212D02B694B44DB78D8060DD4DA0764
:1009A00009D503F02203222B01D1022000E001200F
:1009B000FFF7ACFF01E09B07F7D40134D2E700BF9B
:1009C000702F0010034BDB695B5C184214BF0120E1
:1009D00000207047702F00102DE9F843194B1B7849
:1009E00023B94FF0FF321046BDE8F883164B174D80
:1009F000D3F810802F68D3E908962A688020114622
:100A0000FFF7E0FF541C50B10220FFF7DBFF30B1CD
:100A100059F8223008EBC303DB789B070CD411464E
:100A20000120FFF7CFFFB4FBF6F306FB134318B921
:100A30009F422B60E1D1D4E7B4FBF6F306FB1344ED
:100A40002C60D0E7AC010010702F0010642F001054
:100A50002DE9F043DFF8A88087B00023ADF80C3013
:100A6000D8F8203053F82010D8F8103003EBC10923
:100A700013F83170D9F8045099F801600146451B0C
:100A800002460120FFF79EFFEDB2044603A998BB82
:100A900099F80230072B2BD015D8053B012B23D911
:100AA00000244FF40043CDE900313A46334629464D
:100AB00004A800F007FC04A90020FFF735FD20463C
:100AC00007B0BDE8F083082BEAD11046FFF784FE9B
:100AD000D8F8183053F820301A795B79013B9A42E4
:100AE000DED10136F6B2DCE71046FFF767FED7E746
:100AF0001046FFF755FED3E701244FF44043D2E7F9
:100B0000702F001008B501464020FFF75BFF034639
:100B100050B906490A78042A04D801320A70FFF74E
:100B200015FD0123184608BD0023FBE76C2F0010BC
:100B300070B504460020FFF713FD06283BD8DFE818
:100B400000F004111111152E30002046FFF780FF30
:100B500020B1012808D02146032001E021460220CF
:100B6000FFF7C8FE002070BD2146F9E7154D2B6A3E
:100B70002146402053F82460FFF7BCFE2B6903EBAD
:100B8000C6039B78082B04D12046FFF751FE0028AE
:100B9000E8D004202146FFF7B9FE0120E3E7FFF784
:100BA000FDFC2046FFF7AEFF0028DBD121464020A8
:100BB000FFF7ACFEEDE7044B00201870FFF7D8FC00
:100BC000E7E700BF702F00106C2F00102DE9F843ED
:100BD0001F48FBF7BDF8B8BBBDE8F8833B6903EBE2
:100BE000C4034FEAC409DB785B0709D401347B698D
:100BF0009C42F3D3BDE8F84315480A21FBF784B8BB
:100C00002046FFF7F9FD002580464545EED23B69B9
:100C10004B4420205E682E443146FFF7D3FE20B1BE
:100C20002020FFF767FE0135EFE71020FFF7CAFE2F
:100C300028B14020FFF76AFE1020FFF75BFE314627
:100C40000120FFF763FEEEE7024F0024CFE700BF6D
:100C5000682F0010702F001010B50F4CFFF7B6FF73
:100C6000236801330AD1FFF7B7FE206001304FF04F
:100C700000000DD0094B1870FFF77AFC2068431C68
:100C800005D0FFF755FF10B14FF0FF33236010BDC3
:100C9000034B1870F2E700BFB00100106C2F00107A
:100CA000AC0100102DE9F3418678044680200D4602
:100CB000174606F03F06FFF785FE80B394F9002043
:100CC0002378002A2FDB5B062DD49EB129465020C5
:100CD000FFF710FE2E4B1B7813B9A378580654D497
:100CE0002278510629D52946022002B0BDE8F041FC
:100CF000FFF70CBEE378012B11D0DFF898800026B7
:100D0000D8F80430B342E1D9D8F8003053F826308F
:100D1000AB4202D13046FFF7D9FD0136F0E7294654
:100D20002046FFF715FE94F900202378002ACDDB3A
:100D300003F040033343E0D0C8E7E3788DF8043094
:100D400023798DF80530A3786178124C03F03F03C6
:100D500002F03F0201A8EFF7CBFC236903EBC703C6
:100D600029469A7801A8FFF77DFD29462020FFF744
:100D7000CDFD1020FFF7BEFD2369FE003344DB7874
:100D80001B0702D50220FFF7C1FD02B0BDE8F081CC
:100D9000B4010010702F0010F0B4184CD4E9041600
:100DA00000220B461546964221D011F832C04778F2
:100DB000BC451BD185785F7805F03F05AF4218D15F
:100DC0005D689B78092B14BF531C931C9E4288BFFF
:100DD00001EBC30301788CBF5B68636A01F03F01DC
:100DE00029448B4203D9F0BCFFF75CBF15B1F0BCBE
:100DF0007047012501320833D5E700BF702F00107E
:100E000070B50024084D26466B68A34200D870BD1B
:100E10002B6853F82410AB6953F8213041201E7021
:100E2000FFF774FD0134EFE7702F0010064A936856
:100E3000127B002103EB8202934201D1FFF7E0BF56
:100E400043F8041BF8E700BF702F0010F8B5104BF3
:100E50001B68934205460E46144618D00D4B9B69FD
:100E600053F822301F680A460146384603F062FDF7
:100E700068B132462946384603F02AFE2146022050
:100E8000FFF744FDBDE8F8400420FFF733BDF8BD8F
:100E9000B0010010702F001038B50B4DAB6953F83E
:100EA000223014460A460146186803F011FE214616
:100EB0000220FFF72BFD0420FFF71CFDAB6953F860
:100EC000243000221A7138BD702F0010054B9B6929
:100ED00053F8203018795B79984234BF0020012004
:100EE000704700BF702F0010024B9B6953F8200021
:100EF000704700BF702F0010014B01221A7070471D
:100F0000B4010010014B00221A707047B4010010A8
:100F10004FF080434CF20401D3F8F4200A43C3F8A5
:100F2000F420D3F8F0200A43C3F8F0207047FFFF05
:100F300010B5084C084BA26806489A4282BF074B7E
:100F400000221A7003F008F9636843F0010363603C
:100F500010BD00BF004008407F9706009A2F001088
:100F6000F8B54FF080441A4DD4F8F03023F44043E4
:100F700023F00403C4F8F030D5F81C3223F44043C6
:100F800023F08803C5F81C32124B00271F70124B48
:100F900006461F70FFF7CCFFC5F80C71C5F8CC7082
:100FA000D4F8F43043F4764343F00C03C4F8F4303F
:100FB0000A4B1A78012A08D0032A01D105221A7097
:100FC0003046BDE8F84000F013BB0222F7E700BF4F
:100FD00000101040B02F0010AF2F0010AE2F0010E7
:100FE00010B504220921002002F00CFC0C21022083
:100FF0000023012202F058FD324B334C4FF42052B3
:10100000DA64DA67DA659A6740F2DB52C3F84C219A
:10101000C3F87C21C3F85C21C3F878214FF4D8428F
:10102000C3F8CC21C3F8FC21C3F8DC21C3F8F821B4
:10103000D3F81C2222F4404222F08802C3F81C227A
:10104000224A536C43F020035364214B1122C3F80E
:101050008C205322C3F8102100F080FB00220421D1
:101060004FF0804002F0D2FF4FF4802100224FF079
:10107000804002F0CBFF4FF080422046D2F8F030A3
:1010800023F4404323F00403C2F8F03003F04EF899
:10109000636943F02003636101232360022323601B
:1010A0000C4BA3610C4BE361636843F00103636085
:1010B0000A4B4FF480620021C3F8802183F80A13A1
:1010C0001A6010BD001010400040084000700C4035
:1010D0000060084000B80B00804F120000E100E003
:1010E00008B500F0FBFA094B01221A70FFF710FF58
:1010F000074BD3F81C224CF288010A43C3F81C2288
:10110000D3F820220A43C3F8202208BD9A2F0010EA
:101110000010104008B5FFF7FBFE094BD3F81C2266
:1011200042F00802C3F81C22D3F8202242F0080241
:10113000C3F820224FF4B962C3F88C2108BD00BF68
:10114000001010404200C30103F4804302F0040287
:101150001A4300F001031343820002F0100213430C
:10116000C20002F040021343020102F480721343F2
:10117000420102F480628001134300F4805018435E
:1011800040F42A4040F0AA007047FFFF224B234959
:10119000D3F81C220A4030B5C3F81C22D3F8202211
:1011A0000A40C3F820224FF4D842C3F8CC21C3F838
:1011B000FC21C3F8DC21C3F8F8210022C3F88C21FC
:1011C000C3F8BC21C3F89C21C3F8B821C3F8CC20D4
:1011D000C3F8FC20C3F8DC20C3F8F820104A50897B
:1011E000D48815898109C3F83811A10A41EA05217B
:1011F00041EA806150889588C3F81C111288810BE0
:1012000041EA051141EA845142EA8042C3F83C11A7
:10121000C3F80C2130BD00BF00101040773FFFFF26
:10122000A22F001038B50B4B0B4D01221A70441E33
:10123000411D14F8010FFFF785FF90FAA0F0000C94
:101240008C4225F8020BF4D1FFF7A0FFBDE838402F
:10125000FFF746BFAE2F0010A22F001008B5FFF712
:1012600071FF90FAA0F00D4B0D49D3F81C220A40F3
:10127000C3F81C22D3F820220A40C3F82022000C15
:101280004FF49052C3F8CC2180000022C3F88C2187
:10129000C3F8CC20C3F80C0108BD00BF00101040FB
:1012A000773FFFFF421E0023043012F8011F0B445A
:1012B0009BB2FF2B84BFDBB201338242F5D1D8430E
:1012C000C0B2704770B5BDF81060059D427041EA2C
:1012D00016213343017083702B78C3706B780371D0
:1012E0000446FFF7DFFF607170BDFFFF024B187807
:1012F000C043C0F3C01070479B2F00100A4A0B4B2D
:10130000107838B199680A4B99424FF0000308D918
:10131000137070479A68986990428CBF0020012032
:1013200070471846704700BF9A2F001000400840D1
:101330007F4F1200064B1A78032A07D1054A91689D
:1013400048F69F42914284BF06221A70187870476F
:10135000AE2F001000400840014B00221A70704769
:10136000AE2F001010B5044600F0EEF920B920466B
:1013700000F0BAF9012010BD0020FCE74FF08042D8
:1013800038B5D2F8F0104CF20403194215D0D2F857
:10139000F430D2F8F410D2F8F42003F4804301F4CE
:1013A00000410B4302F00402134306D00420FFF770
:1013B000D7FD814B02221A7038BD4FF08043D3F81D
:1013C000F4301C0724D57C497C4B08781A78032814
:1013D00006D0002A6FD17A490A7001221A7007E0FC
:1013E000002A72D0774A906848F69F4290426CD8A3
:1013F000754B00221A70754B07221A70FFF798FD83
:101400004FF08042D2F8F43043F00803C2F8F430D1
:101410004FF08044D4F8F430980408D50020FFF74A
:101420009FFDD4F8F43043F40053C4F8F4304FF087
:101430008043D3F8F43099050ED5644B1B78002B0C
:101440004BD00120FFF78CFD4FF08042D2F8F430F2
:1014500043F40073C2F8F4304FF08043D3F8F42023
:10146000D20403D4D3F8F4305B05A5D5554802F077
:1014700073FE4FF080435549D3F8F43013F4805F86
:1014800006D0514A08780123834010780343137033
:101490000A784AB3013A0A704FF08043D3F8F42037
:1014A00042F48062C3F8F420D3F8F42042F480526E
:1014B000C3F8F42080E7434A916845F2072291423D
:1014C00096D93F4A0021117087E73D4A00201070ED
:1014D00001221A7006230B708AE73D4B1B78022B02
:1014E000B2D1FFF717FEAFE73548374903780978DF
:1014F000052B3AD8374CE1540133DBB2062B03708D
:10150000CAD12E4B02254FF080411D70D1F8F0005A
:101510004CF2040318420DD02D4B1A70D1F8F03064
:1015200023F4404323F00403C1F8F030224B03229C
:101530001A70B1E72046FFF7B5FE6279824210D1FA
:10154000FFF7D4FE224B50B1D043C0B21D70FFF75D
:1015500085FE204600F0DCF800F0C0F89CE718702B
:10156000F7E72846FFF7FCFC96E7194D2B78022B8E
:101570000DD0184B104C5B790B44FF2B16D0032079
:10158000FFF7EEFC2378032B01D1052323700B4AD0
:10159000002313704FF080422B70D2F8F03023F408
:1015A000404323F00403C2F8F03075E72378032B9F
:1015B000EDD10423EAE700BFAE2F0010B02F0010DA
:1015C000992F001000400840982F0010B50100101E
:1015D000AF2F00109B2F001043881E2B83BF0023CA
:1015E0004380038801338ABF0133438003807047FF
:1015F000034B5A88596888541846FFF7EDBF00BF5F
:10160000BC2F00100D4B1A68118850889A8891429F
:1016100008D1DB8898420ED3C01A80B2B0FA80F0AD
:10162000400970470132914205D1DB88984202D2CD
:10163000C01A2030F1E72020F0E700BFB42F0010DF
:1016400038B50446FFF7DEFF30BB144805688188D3
:101650002B886A888B420ED1C1888A4209D06D6876
:1016600010D2A95C2170013B8380C2800430FFF757
:10167000B3FF012038BD01318B426D6805D1C188AF
:101680008A4202D86B5C2370F0E7A95C2170013BB1
:101690008380C2800248EAE70020EBE7B42F001005
:1016A000B82F001038B5094C002520202560FAF726
:1016B00005FA074A0749C4E900502046FAF704FA38
:1016C000054B22681C605A6038BD00BFBC2F00105B
:1016D000500700103D04031AB42F00100148FDF715
:1016E00031BF00BF6838001010B5084C6178062281
:1016F00002FB0141033103F0EBF963780A22013365
:10170000B3FBF2F102FB1133637010BDC42F001064
:1017100038B50C4D2B780A225C1C0146B4FBF2F064
:1017200002FB10446A78E4B2A24207D0062202FB10
:101730000353D81C03F0CCF92C7038BD0123AB70D7
:10174000FBE700BFC42F0010034B58781B78C31A67
:1017500058425841704700BFC42F00104FF08043DB
:1017600070B51A68754D22F4C02222F001021A6089
:1017700041F2BF210022A3F84C20A3F84E20A3F889
:101780000211A3F8021241F61F41A3F80611A3F8B3
:10179000061242F27F51A3F80A11A3F80A1243F687
:1017A0000301A3F80E11A3F80E1240F65F11A3F87F
:1017B0000011A3F8001240F60F61A3F804112224CF
:1017C000A3F804121121C3F84045C3F84415C3F827
:1017D0000025C3F80425C3F80825C3F80C25C3F871
:1017E0001025C3F81425C3F81825C3F81C25C3F821
:1017F0002025C3F82425C3F82825C3F82C25C3F8D1
:101800003025C3F83425C3F83825C3F83C25C3F880
:101810004825C3F84C25C3F85025C3F85425C3F810
:101820005825C3F85C25C3F86025C3F86425C3F8C0
:101830006825C3F86C25C3F87025C3F87425C3F870
:101840007825C3F87C25196D21F48071196546F25D
:101850004001C3F804134FF0FF31C3F800134EF6F4
:101860004041C3F80C134FF4D8400121C3F80813CA
:10187000C3F81403C3F81013C3F81C53C3F81813A8
:101880004FF4A831C3F8241302204FF4E041C3F809
:101890002003C3F874134DF20101C3F8700347F637
:1018A0000146C3F82C130421C3F82813C3F87C6342
:1018B000234EC3F87813C3F8346306F58636C3F8AD
:1018C0003003C3F83C63C3F8380345F21300C3F890
:1018D0004453C3F84013C3F84C03C3F848134FF202
:1018E0001101C3F8541317480821C3F85013C3F863
:1018F0005C034FF61140C3F85813C3F86403C3F8F0
:10190000601346F21001C3F86C131021C3F868137A
:101910003221A3F84420A3F846209C821A829A819F
:1019200019814FF48471D9825A82DA8159814FF238
:101930000C61C3F8F010DA651A6670BD10E401009E
:1019400012700100107C020000487047009F0810D0
:101950007047FFFF0129024818BF0020704700BFF1
:1019600000FE0500007970470220704701290248F7
:1019700018BF0020704700BF0000021A012902486A
:1019800018BF0020704700BF0002001B01294FF064
:10199000FF3018BF0020C0B27047407970474B1E1F
:1019A000584258417047002070470129034601BF43
:1019B0004FF0FF328260002040F2011206BF83F830
:1019C0000C029A8001207047012A084604D1102297
:1019D0004FF0D85103F07CB87047FFFF034A026014
:1019E00000228280826080F80C22704748C7031A68
:1019F00010B5094B21F07F42002053F8044B94426C
:101A000007D801300E28F8D111F4780F18BFFF2045
:101A100010BDC0B2F8E700BF88C7031A2DE9F04730
:101A20000E46144680461A46214630461D4602F0B0
:101A300081FFD8B3C4F30803C3BBB5F5806F06D0EC
:101A400040F6FF739D4202D0B5F5007F2ED104F021
:101A50007F43B3F1D05F2BD0B3F1D85F26D14FF0E5
:101A6000010921464046FFF7C3FF04EB050A07467C
:101A70000AF1FF314046FFF7BBFF804672B602F025
:101A8000BEF94A464146384602F0C8F9AAF5007147
:101A9000204602F0EDF94A464146384602F0BEF9CA
:101AA0002A463146204602F0C9F962B6BDE8F08701
:101AB0004FF00009D5E7012A70B504460FD100F1B7
:101AC0000C051022284603F003F8294620464FF45F
:101AD0000073BDE870404FF0D852FFF79FBF70BD54
:101AE0008268520802F55822014601324FF4007311
:101AF00052020C31FFF792BF38B590F80C32044611
:101B000000251BB1FFF7ECFF84F80C52A580A560FF
:101B100038BD8368DA0710B5044609D5013301D012
:101B2000FFF7DEFF04F10C00A3680133A36010BDD2
:101B3000012300F5867084F80C32F5E74FF48050ED
:101B4000704704207047FFFF014802F06BB800BFE8
:101B500000E000402DE9F041DFF848801D46D8F84C
:101B6000003093420E46144606D0013302D003687B
:101B70009B689847C8F800407F2C0DD804F5800476
:101B8000069B04F5006406EB441605EB8302C5EBE7
:101B900086062B46934201D1BDE8F081F15843F807
:101BA000041BF7E7B80100102DE9F3414FEA511883
:101BB000074615461C4601F01F0114B902B0BDE8E6
:101BC000F081C1F12006A64228BF26462B46424698
:101BD00000963846FFF7BEFFA41B05EB860508F10B
:101BE00001080021E9E7FFFF2DE9F041DFF86080FF
:101BF0001E46D8F8003093420D46144606D00133F5
:101C000002D003689B689847C8F800407F2C15D81D
:101C10000E4B002204F58004DA60069B04F5006494
:101C200005EB4414C5F180059D4228BF1D4606EB17
:101C300085053346C6EB8404AB4201D1BDE8F08193
:101C4000E21853F8041B1160F6E700BF00E0004003
:101C5000B80100102DE9F3414FEA51180746154627
:101C60001C4601F01F0114B902B0BDE8F081C1F1BA
:101C70002006A64228BF26462B46424600963846F6
:101C8000FFF7B2FFA41B05EB860508F10108002150
:101C9000E9E7FFFF024B4FF40022C3F884207047AE
:101CA00000E100E070470A207047C3689879003867
:101CB00018BF0120704743689879003818BF012089
:101CC000704783689879003818BF01207047FFFF7C
:101CD000054B5B681A0605D413F0600F14BF022091
:101CE000032070470120704700200E40C3681A7916
:101CF00052B9DA78187842B95A789B789A4288BFF4
:101D00001B189B1AD8B27047002070472DE9F0438A
:101D1000544EDFF874913568BFF35B8F15F0010501
:101D200087B004460DD1304603F05EF948B14FF05C
:101D30000A0E01233046C9E900E3C9F8085003F050
:101D40006FF9494F494E3D68BFF35B8F15F00105B0
:101D50000CD1384603F048F940B14FF00A0C01238A
:101D60003846C6E900C3B56003F05AF9DFF81C81B4
:101D70003F4DD8F80070BFF35B8F17F001070BD110
:101D8000404603F031F938B10A200123C5E90003C8
:101D90004046AF6003F044F9364F374B4FF400280C
:101DA0005222C7F88480C4E90196E560334DC3F838
:101DB00084211222C3F888210E21012200230A2047
:101DC00001F072FE284601F02BFC2D4B28461968C5
:101DD00001F0C2FA2B6843F00E03002401262B60A9
:101DE0001423CDE903632246334621462846CDE934
:101DF0000144009401F04BFC15231722CDE9033276
:101E00002146334632462846CDE90144009401F08C
:101E10003EFC1823CDE903331A4B0096CDE901337C
:101E2000324633462146284601F031FC19231F2152
:101E3000CDE90031224633462146284601F048FCD0
:101E40002023CDE90033324633462146284601F0AF
:101E50003FFC402387F83333C7F8048007B0BDE860
:101E6000F08300BFC8310010F0300010F4300010D3
:101E70001C30001000E100E00060084000200E402F
:101E8000BC01001000E0FF03CC310010183000103E
:101E900038B515460C46A9B1A2B113680B6053685A
:101EA0000B73082205F10901201D02F011FE2B7AA7
:101EB000A27B003B18BF012363F300020020A27342
:101EC000607338BD0120FCE708B50846134679B1B8
:101ED00072B112680A601A7B4A609A7BC2F30002F0
:101EE0000A7209300822191D02F0F2FD002008BD17
:101EF0000120FCE710B5094C2368BFF35B8FDB07BB
:101F000009D4204603F070F828B1054B054A1A6041
:101F1000204603F085F8024810BD00BF04300010D1
:101F200008300010E4C7031A10B50C46FFF7E2FFB3
:101F300083681B799BB1FFF7DDFF43681A790AB10B
:101F4000002010BD03F10C015B7803EB8303142226
:101F500001EB8301204602F0BBFD0120F1E7FFF712
:101F6000C9FF8368EAE7FFFF10B50446FFF7C2FF29
:101F7000014B1C6010BD00BFBC01001070B50446D1
:101F8000C078012807D1607122B1E379FF2B01D01D
:101F90000133E37170BD20792278431E5D425D41BB
:101FA000A378013A9342B8BF5E1C04F10C0003EB26
:101FB000830300EB83004FF01402B4BFF6B2002697
:101FC00002F086FD6378A670B34204BF0123E3707C
:101FD000002323716800DDE730B50D4687B0144655
:101FE0000A4601A9FFF770FFEB78C3F38203032BC6
:101FF00011D8FFF77FFF8068224601A9FFF7BEFFD7
:1020000001280ED078B10120084B4FF40022C3F80C
:10201000042107B030BDFFF76DFF2246406801A9DB
:10202000ECE70020F0E70120F3E700BF00E100E06B
:102030001F4BC178002230B51A704478837802783B
:1020400099B1114602EB4203B1EB930F23DB037A04
:10205000FF2B03D082790AB9013303720123837104
:10206000437A8B4238BF41720AE005796DB102EBC9
:1020700042029208037A04D1FF2BEBD10123837132
:1020800030BDFF2B0DD18171FAE79C4288BF9B18B0
:102090001B1BD9B2D6E7B1EB520FE1D8037AFF2B65
:1020A00003D082790AB1013303720023D7E700BF5E
:1020B000A032001038B5044615466379012B084656
:1020C00004D1E378012B03D000236371012501E0E3
:1020D00022B9627123795BB1284608E0E379FF2BCE
:1020E00018BF01334FF0000018BFE371607138BDB5
:1020F000637804F10C0103EB8303142201EB8301E9
:1021000002F0E6FC637822780133DBB29A4298BF92
:102110000023A27863709A4204BF01232371002335
:10212000E370D9E738B50C46FFF7E4FE83681B7906
:1021300013B3FFF7DFFE43681B790BB1002038BDF6
:10214000FFF7D8FE4068FFF773FFFFF7D3FE0122C9
:1021500040682146FFF7AEFF054658B9164A136A94
:1021600023F400431362FFF7C5FE40682A46214668
:10217000FFF7A0FF0120E2E7FFF7BCFE83681B79B1
:10218000002BDBD1FFF7B6FE8068FFF751FFFFF7AA
:10219000B1FE012280682146FFF78CFF054600282A
:1021A000E8D1054A136A23F400431362FFF7A2FE45
:1021B0002A4680682146DBE700200E4030B5544BAC
:1021C000544C012289B01A70226992B9FFF792FE2D
:1021D00003A9FFF7A9FE50B19DF81430002B42D09F
:1021E00020224C48114601F0A2F8002842D109B043
:1021F00030BD12F400450CD0636813F0E00FF6D147
:102200002046082101F004F91021204601F000F9D0
:10221000DAE7531E132B0FD803ABD2B22946204660
:1022200001F0E9F98DF81450FFF764FE012203A9CB
:10223000C068FFF7A3FEC7E7A2F11503032B07D879
:10224000294603ABD2B2204601F0D5F90125E9E7D2
:10225000A2F11903072BB7D803ABD2B22946204607
:1022600001F0C9F9B0E72B481F22192101F05FF8EE
:1022700000283FD0FFF73EFE03A9FFF753FF0028D9
:10228000B5D0039B9DF8142043F080430393002AAC
:1022900036D02023CDE90033012203AB00211D48B5
:1022A00001F0DCF9FFF726FE03A9FFF73DFE002849
:1022B0009DD09DF81440002C99D116481F22192159
:1022C00001F035F8002892D0FFF714FE03A9FFF7BC
:1022D00029FF00288BD0039B0E4843F080430393D3
:1022E0001F221923CDE90032214603AB224601F01B
:1022F000B5F97CE79DF81430002B3FF478AF6FE719
:1023000019231F21CDE9003103AB1146C7E700BFF8
:10231000A032001000200E4030B5044687B0C068DF
:102320000D46FFF785FE01A9E0680022FFF7C2FE17
:1023300001AA29462046FFF7ABFD07B030BD704724
:1023400010B54FF40871044602F04CFE204610BD53
:1023500038B5114D2B68BFF35B8FDB071AD42846C5
:1023600002F042FEB0B10D4C0D4B204640F8043B4C
:10237000FFF734FB0B4B236003F1540262609C3384
:10238000094A0A49C4F814322046F9F79DFB284649
:1023900002F046FE014838BDA4320010A8320010F9
:1023A000E8C8031A20C8031A500700103F23031A75
:1023B00008B5FFF7CDFF08BD08B5FFF7C9FFBDE8B9
:1023C000084000F0F3BB08B5FFF7C2FF08BDFFFFF0
:1023D00042EA0123B3F5037F6CDAB3F5007F27DA15
:1023E0006FF4807C63440D2B42D9002070476FF45A
:1023F000C06003440B2BF8D801A050F823F000BFB5
:10240000A527031ABB27031A7927031A8F27031A54
:102410006327031AD127031A8926031AA926031A48
:102420004926031AEB23031A6926031AE725031A20
:10243000A3F500730B2BD8D801A050F823F000BFF0
:102440003727031A4D27031A2926031A8525031A4D
:10245000D724031AC725031AEB23031AC926031A24
:102460000B27031A2127031AA725031AE727031AA4
:102470000D2BBAD801A050F823F000BFDF26031AB5
:10248000F526031AD724031AEB23031AEB23031AA6
:10249000EB23031A0726031AEB23031A0528031A52
:1024A000EB23031A0528031AEB23031A0528031A42
:1024B0001328031A40F20C60834216DCB3F5C06F98
:1024C00095DC40F20250834250D006DC6FF440723B
:1024D0001344012B89D80120704740F207508342F2
:1024E0004FF0000000F09A81704740F2067083427E
:1024F00031D013DC40F20470834220D040F20570EA
:1025000083427FF472AF02EB4112BC4B402143F88F
:102510002210BB4AD36823F400531AE040F6061099
:1025200083427FF462AF02EB4112B44B402143F887
:102530002210B34A136923F400631361CBE702EB63
:102540004112AE4B402143F82210AD4AD36823F428
:102550008053D360BFE702EB4112A84B402143F800
:102560002210A74AD36823F48043F2E702EB41121A
:10257000A24B402143F82210A14A936823F4006340
:102580009360A8E702EB41129C4B442143F82210D0
:1025900003F5DC23002283F8A320994A536943F012
:1025A0000803536197E702EB4112944B402143F833
:1025B000221003F5DC2300229A73914A136843F436
:1025C0008043136087E702EB41128C4B442143F8B0
:1025D000221003F5DC23012283F8A520884A5369E1
:1025E00043F02003DDE702EB4112844B402143F826
:1025F000221003F5DC23002283F84820804A9368E8
:1026000043F48073BCE702EB41127C4B402143F85A
:10261000221003F5DC23002283F82020784A536837
:1026200043F00103536056E702EB4112734B442120
:1026300043F8221003F5DC23002283F8A220704A1D
:10264000536943F00403ACE702EB41126B4B4021AA
:1026500043F8221003F5DC23002283F86520684A42
:10266000D36843F0200374E702EB4112634B40212F
:1026700043F8221003F5DC23002283F86720604A28
:10268000D36843F0800364E702EB41125B4B4421C3
:1026900043F8221003F5DC23002283F8AF20584AC8
:1026A000536943F400437CE702EB4112534B44214E
:1026B00043F8221003F5DC23002283F8B020504AAF
:1026C000536943F480336CE702EB41124B4B00211A
:1026D00043F822104A4A136823F0800371E702EBA3
:1026E0004112464B002143F82210454A136823F457
:1026F000807366E702EB4112404B002143F8221041
:102700003F4A136823F400735BE702EB41123B4B33
:10271000042143F822103A4A536923F0800340E72A
:1027200002EB4112354B002143F82210344A536822
:1027300023F4806376E702EB4112304B042143F827
:1027400022102F4A536923F001032AE702EB4112BA
:102750002A4B042143F82210294A536923F002032B
:102760001FE702EB4112254B402143F82210244A77
:10277000D36823F01003ECE602EB41121F4B40211B
:1027800043F822101E4AD36823F00403E1E602EB6B
:1027900041121A4B402143F82210194AD36823F002
:1027A0000803D6E602EB4112144B402143F82210F5
:1027B000134AD36823F00103CBE602EB41120F4B1F
:1027C000402143F822100E4AD36823F00203C0E6EA
:1027D00002EB4112094B402143F82210084A1368CA
:1027E00023F02003EDE602EB4112044B402143F8B5
:1027F0002210034A536823F4006313E70060084083
:1028000000600F400A4B02EB4112012143F82210F5
:1028100061E602EB4112064B4121F7E7044B02EB64
:10282000411243F82200034A936823F08003A7E68D
:102830000060084000600F407047FFFF014B586880
:10284000704700BF001000E004207047FF20704771
:10285000024B4FF000721A60704700BF00E100E0C9
:10286000024B4FF00072C3F88020704700E100E097
:1028700008B51148FCF77DFE1048FCF77AFE1048B9
:10288000FCF777FE0F48FCF774FE0F48FCF771FE6B
:102890000E48FCF76EFE0E48FCF76BFE0D48FCF789
:1028A00068FE0D48FCF765FE0C48FCF762FEBDE8CB
:1028B00008400B48FCF75DBEEC380010E038001013
:1028C000D43800104C390010403900103439001051
:1028D000283900101C39001010390010043900107C
:1028E000F8380010134602480A46024901F0EFBCCE
:1028F00000200840B435001008B5034801F074FC0E
:10290000003818BF012008BD0020084010B5084657
:102910000C4602F095F980280AD8204602F090F97A
:1029200022460346BDE810400249034801F0AEBC10
:1029300010BD00BFC835001000200840012210B5AE
:1029400011460023052001F0AFF8124A124C13681B
:10295000124943F080431360D4F8203123F47043CC
:1029600043F4A043C4F82031D4F8243123F4704355
:1029700043F4A043C4F824310122062001F062FB95
:10298000636823F00C036360636843F003036360D0
:1029900010BD00BF0030004000300440000E27078B
:1029A000FF20704704207047024A0349034801F0A2
:1029B00093BC00BFC8350010B4350010002008409B
:1029C0000149024801F09EB9E434001000100A40A9
:1029D000B0F81A027047FFFF38B50A4C0A490025C3
:1029E000A0F81A52204600F03FFC01221146204672
:1029F00000F08EFC2A4620460121BDE8384000F058
:102A00007BBC00BF00300E40D8340010074A084B92
:102A1000907A9B7A800040EA4300064B9B7A1843E9
:102A2000054B9B7A40EAC300C0B2704734390010AE
:102A3000403900104C39001028390010074A084B63
:102A4000907A9B7A800040EA4300064B9B7A1843B9
:102A5000054B9B7A40EAC300C0B2704704390010AE
:102A6000103900101C390010F838001010B5044659
:102A7000FFF7CCFF01462046FFF7E0FF41EA0010D8
:102A8000C0B2431E3D2B88BFFF2010BDA0F50570CE
:102A9000FFF7ECBF10B50446FFF7B8FF014620462C
:102AA000FFF7CCFF41EA001010BDFFFF38B5002250
:102AB00005460121094800F009FC012804460CD113
:102AC00005F21A220146054800F0FEFB21460348A4
:102AD000BDE83840002200F00FBC38BD00300E4089
:102AE00038B5154C204601F057FB4FF4E131204634
:102AF00001F080FB0323E36001258123A3600F49DC
:102B00000F48E56540232A4601F0CAF980232A468A
:102B10000C490D4801F0C4F9C723A360236943F0B1
:102B2000C0032361636843F005036360074B4022E1
:102B300083F8192338BD00BF002008407435001009
:102B4000B4350010F4340010C835001000E100E086
:102B5000012380F81C32024B4FF480221A60704728
:102B600000E100E010B50446002001F093F849F6BA
:102B70004041002001F09EF8094B0A4940F6080246
:102B8000C3F8842C002001F0ABF8074BA02283F897
:102B900012230023A4F8183284F81C3210BD00BFA1
:102BA00000600840793C031A00E100E02DE9F041A3
:102BB00004463748374E384FDFF80081FCF71BFCDE
:102BC00000253046FCF7D5FC3846FCF7D2FC4046E1
:102BD000FCF7CFFC3148FCF7CCFC3148FCF7C9FCD2
:102BE0003048FCF7C6FC3048FCF7C3FC2F48FCF724
:102BF000C0FC2F48FCF7BDFC3046FCF7E2FC28B9CE
:102C000000256421204600F0F9FADAE73846FCF79F
:102C1000D8FC0028F4D04046FCF7D3FC0028EFD0C5
:102C20001E48FCF7CEFC0028EAD01D48FCF7C9FC82
:102C30000028E5D01B48FCF7C4FC0028E0D01A4867
:102C4000FCF7BFFC0028DBD01848FCF7BAFC0028D2
:102C5000D6D01748FCF7B5FC0028D1D00135EDB22D
:102C6000332DCED12046FFF7B7FEFFF743F94CF2E4
:102C70005030FFF779F92046FFF732FF0D480E4933
:102C8000FCF7BFFD2046BDE8F041FFF76BBF00BF7A
:102C9000683800104C3900104039001028390010F5
:102CA0001C3900101039001004390010F8380010D9
:102CB000D4380010DC350010CC010010343900107D
:102CC00070B5314C2378012B36D0022B46D0002B27
:102CD00053D12E4B5B88FF2B3FD02D490B784A7880
:102CE00091F9011003EB830303EB83039B0000299D
:102CF000BCBF32339BB25606A0F8183244BF19331A
:102D0000A0F81832950642BFB0F818320C33A0F87C
:102D10001832D10642BFB0F818320733A0F8183283
:102D2000B0F81832C83B9BB242F21072934288BF8F
:102D30004FF40043A0F81832164B144901221A70C0
:102D4000E1228B605A70124BCB6002254823C1E907
:102D50000035114801F047F8257070BD0B494B88CC
:102D6000FF2BFAD00B4B8B6000251D70084BCB60FE
:102D70000A4B4822C1E90023EBE7FFF724FB036875
:102D8000BDE87040DB6A1847C0010010E434001051
:102D9000E2340010E034001000100A40010002008C
:102DA00010B5044600F0AAF91148FCF7A9FB114838
:102DB000FCF778FB1048FCF775FB1048FCF772FB3A
:102DC0000F48F8F7AFFF68B10D484FF47A71F8F784
:102DD00091FF2046FFF76AFE94F81C3213B120469B
:102DE000FFF76EFFBDE810400648FDF784B800BF4E
:102DF00068380010A438001084380010943800108F
:102E0000C4010010DC35001010B50446FFF758FF70
:102E1000B4F818329FED057A07EE903AF8EE677A2B
:102E2000C7EE877A17EE900A10BD00BF0000C842B7
:102E300010B50B4C2368BFF35B8FDB070DD4204626
:102E400002F0D2F848B1FFF755F8064A01460648A5
:102E5000FBF7E8FA204602F0E3F8034810BD00BF94
:102E6000C8340010DC350010CC3400102DE9F74FC9
:102E7000734CDFF83CB2DFF83CA2DFF83C92DFF89D
:102E80003C82704F704E714D0C220321204600F0A1
:102E9000C9F90D2203216E4800F0C4F90B2202216A
:102EA0006C4800F0BFF96C4B04221846032100F077
:102EB000B9F902220321584600F0B4F90322114661
:102EC000504600F0AFF900220321484600F0AAF96D
:102ED00001220321404600F0A5F9052200213846D1
:102EE00000F0A0F90B220421304600F09BF90B22E0
:102EF0000121284600F096F9574B00930422022343
:102F000001215648FCF722FBCDF800B00223042231
:102F100001215348FCF71AFBCDF800A0022304223C
:102F200001215048FCF712FBCDF800900223042247
:102F300001214D48DFF88891FCF708FBCDF80080AF
:102F40000223042201214948DFF87881FCF7FEFAC8
:102F500000970223042201214548464FFCF7F6FA68
:102F600000960223042201214348444EFCF7EEFA66
:102F700000950223042201214148424DFCF7E6FA64
:102F800000940223042201213F48404CFCF7DEFA62
:102F90002F4B00930422022301213D48FCF7D6FA6F
:102FA0002C4B00930422022301213A48FCF7CEFA6D
:102FB00005221146204600F03DF90322052148462E
:102FC00000F038F90E220021404600F033F90822C3
:102FD0000221304600F02EF9224600212E4C3846C0
:102FE000FCF7DEF938462D4F22462946F8F76CFDEE
:102FF0004A4600213846FCF7D3F93846284F224686
:103000002946F8F761FD424600213846FCF7C8F929
:103010002946244D22463846F8F756FDC823324645
:1030200000212846FCF780FA1F4922462846F8F777
:103030004BFD1E4803B0BDE8F04FFCF7C1BB00BF1D
:10304000A839001068390010603900105839001094
:10305000A039001098390010903900104C39001038
:103060004039001034390010283900101C39001084
:1030700010390010A438001004390010B4380010C2
:10308000F838001081F3021AEC380010CC38001028
:10309000E0380010D43800105007001094380010A9
:1030A000843800106838001083F3021ADC350010F1
:1030B00088390010803900107839001070390010FC
:1030C000C4380010BC38001010B5FFF77CF9036855
:1030D000BDE81040DB68184710B5FFF7F5FFFFF7B4
:1030E00072F90368BDE810409B681847024BAA229A
:1030F0009A6055229A607047000008407047FFFFB1
:1031000000487047E09F002000487047E0BF002063
:10311000004870470020000068467047BFF34F8F9B
:103120000449054BCA6802F4E0621343CB60BFF365
:103130004F8FFEE700ED00E00400FA0503794279C5
:103140005B0103F1402303F5702399547047FFFF9F
:1031500010B5094C204601F0F3F8084B6360236872
:1031600043F002032360236843F001032360AA2392
:10317000A3605523A36010BD00000840008793039F
:103180002DE9F84F174C184FDFF8608005460026F0
:103190004FF0010994F800B094F801A02B68524652
:1031A000DB6B594628469847A8B90AEB4B1A638847
:1031B00047F82A302379627908EB4313985423792E
:1031C00062799B0003F1804303F5762309FA02F24A
:1031D00019680A431A600136A42E04F10604D9D1F5
:1031E000BDE8F88F44C9031A0060084000400F4052
:1031F000FFF7C6BF00487047D00100107047037842
:1032000042785B0103F1402303F57023985C00389A
:1032100018BF012070470430FFF7F1BF0430FFF7FB
:10322000EEBFFFFF10B5024C04600171427110BD8A
:1032300030C9031A10B5024C04600171427110BD0F
:103240003CC9031A036823F0E06343EA01630360A7
:103250007047043150F82130002BBDBFC3F38913F0
:10326000012013800020704770B5144E0123B04236
:103270000CBF042603260D4604461A46194630465E
:1032800000F052FC00230E4AE36030462A60AB8017
:1032900000F094FC430003F586030A4A03F50E533D
:1032A000B3FBF2F32A79013B5204DBB202F4602251
:1032B00042EA032343F40013236070BD00400E4034
:1032C000801A060000478600FFF7C3BF012A07D017
:1032D000022A09D072B9006BC84000F001007047A3
:1032E0000831006BC9B2F7E7036B1B0C14BF012058
:1032F0000020704700207047012904D9036822B1DB
:1033000043F000630360FFF79DBF23F00063F9E71C
:1033100001239A4203FA01F103681DBF23F0E06321
:10332000036003680B4318BF8B430360704710B5FD
:1033300004460846904201D9002010BDD4F800315F
:10334000D4F8041143EA0143411ECB40DB07F4D516
:10335000411CC8B2EEE7FFFFF8B504462B48844293
:103360000CBF242005200D4600F028FC0026B0FBF1
:10337000F5F137460136354601223AE0814205EB48
:10338000000C3CD1033B216858080328054628BFA0
:103390000325C9075EBF216841F001012160A3EB4D
:1033A0005303C4F88071013A216842EA00221B03EA
:1033B00003F4E04342EA85121A4341F0400100233E
:1033C0002160E260A361236823F040032360236847
:1033D00023F0010323602368DB07FCD40120F8BD40
:1033E000A80003230133122BC8D10132212A35440E
:1033F00007D005EB45039942F2D10323C2E76046AB
:10340000F0E7102EB5D10020E9E700BF00400A40E8
:10341000436823EA010303F01F034360704710B5BC
:10342000602404FB010003F03F0342620362036A6D
:103430001B04FCD410BDF0B4059D1F469DF8103050
:10344000002D45D06E68602404FB010406F00F06D1
:10345000012A0CBF46F4CC5646F4A456A663B5F830
:103460000960E663B5F80B602664B5F80D60666424
:10347000B5F80F60A6644FF48046E662012A4FF06B
:103480000006A66216D187F001022D68520315F0DE
:10349000804602F400524FF060040FD104FB010497
:1034A00042EA850242F4004262632663F0BCF322E2
:1034B000FFF7B5BF002F18BF0122E6E742EA154229
:1034C00004FB010442F44042ADB262632563EDE7C0
:1034D000F0BC70472DE9F043602404FB0104012A8D
:1034E0000CBF4FF4C45C4FF4A45CC4F838C04FF474
:1034F00080494FF0000CC4F83CC09846C4F840C066
:10350000DDE90A65C4F844C09DF81C30C4F848C021
:103510009DF820E0C4F82C909DF82470C4F828C0D1
:1035200023D188F00102520302F400526024BEF15C
:10353000000F1FD104FB010442F40042626357B143
:10354000626B42EA86026263E66A41F6FC7202EA54
:1035500085023243E262602202FB0102002414630E
:10356000BDE8F043F322FFF75ABFB8F1000F18BFD0
:103570000122D8E704FB010442F4404262630022C6
:103580002263002FECD0676BC6F30C423A43B6B20D
:1035900062632663E66AC5F30C423243ADB2E2626F
:1035A000A562DDE770B51D4613467B220446FFF792
:1035B00036FF602303FB0140836B1A041AD5026BAC
:1035C000436B42EA0342836B016C03F00F036B60B1
:1035D000C36B43EA0143C5F80930816C436C43EA8D
:1035E0000143C5F80D3053004CBF22F06042C2F3D6
:1035F0008A422A6070BD0BB1FFF7D4BF704730B468
:10360000602505FB01056C6B3BB924F400446C6339
:10361000134630BCA022FFF702BF44F40044F6E793
:1036200038B504460C4801230022194684420CBFD9
:103630002420052000F078FA012500232A460135D0
:1036400019462046EDB2FFF7DAFF212DF5D1636868
:1036500003F00703636038BD00400A402DE9F041E4
:103660000D4616469DF818109DF81C2004461F466E
:10367000FFF75DFE48B1CDE90607334629462046EF
:103680000122BDE8F041FFF7D6BEBDE8F0812DE98B
:10369000F04587B005469DF844409DF848A09DF848
:1036A0003870544590461E460FD2109B04930F9BD2
:1036B000CDE900460134CDE9027300224346284695
:1036C000E4B2FFF707FFA245EFD207B0BDE8F085EF
:1036D0002DE9F04387B005469DF838409DF83C90B1
:1036E0004C4516461F460FD24FF000080094013497
:1036F000CDE90388CDE90178334601222846E4B2BA
:10370000FFF7E8FEA145F1D207B0BDE8F083FFFF67
:1037100008B5692000F052FA014B186008BD00BFDF
:10372000B03900100B682DE9F74F13F080021CBF71
:1037300023F040030B600F68D1F81480DFF8749019
:10374000DFF874A0019207F040078646012440F29A
:10375000011B012221E017B305FA02F308FB03F372
:10376000B3FBF4F34B4512D9534513D8019ECEB9A0
:1037700023FA02FCA0EB0C06002EB8BF7642764579
:103780003FBFC1E90242C1E906C30D61B64601353A
:103790005D45E0D10132052A06D00125DBE708FBB3
:1037A00005F3DDE79C46E5E70134052CD1D103B0F4
:1037B000BDE8F08FFF5E4C0900D0121382B00E4AB4
:1037C0004FF47A7301939369906923F00201884260
:1037D0000A4818BF91610068094923F00303884231
:1037E00088BF43F004039361019B5A1E0192002B92
:1037F000FAD102B0704700BF0000054010C8031A9C
:10380000FF2C310130B5840004F1804404F5A0247C
:103810001129A36C0FD0094D2D5C094840EA8500A1
:1038200023EA000343EA0163013A43EA820343F4D3
:103830000063A36430BD43F00103FAE71CCD031A13
:103840000100001F044B123053F82000C30754BF7F
:10385000C0F304601120704700000540044B00F1E4
:10386000120253F82220034B185C00EA92007047C2
:10387000000005401CCD031A10280DD8DFE800F029
:10388000093A0E18230C26282A2D0C0C2F32343618
:1038900038004FF40040704700207047164B17481F
:1038A000D3F82C3103F00703042B08BF0020704726
:1038B000114B124AD3F82C31114803F00703042BA3
:1038C00018BF104670470F4B186870470E4BFBE748
:1038D0000E4BF9E70D4B5868704700F0A5B8002073
:1038E00000F0D2B80120FBE70220F9E70320F7E758
:1038F0000420F5E7064870470030044040787D0119
:1039000080F0FA0214C8031A10C8031AB439001060
:10391000001BB7002DE9F0410F79044698B03846F6
:103920000D46FFF7A9FF3C4B3C4A68612344934294
:10393000064604D94FF0FF3018B0BDE8F0810028EA
:10394000F8D0374A80232B6094424FF00003C5E93A
:103950000233B4FBF0F32B6102D94343A3421DD0E1
:103960005C22002101A801F015F880236946204659
:10397000009305968DF80470FFF7D4FE069B9C42D9
:1039800017D12C466E460FCE0FC496E80F0084E880
:103990000F00AB68002BCDD0013BAB602B69002B37
:1039A000C8D0EA680AB1013AEA60013B2B61002005
:1039B000C2E7A4EB0308B8F1000F10A9B8BFC8F123
:1039C00000088DF844701596FFF7ACFE169FBC42B8
:1039D00002D12C4610AED6E7E71B124B002FB8BF22
:1039E0007F429C420BD8402308A908930D96FFF70D
:1039F00099FE0E9B9C4202D12C4608AEC3E70E9B5B
:103A0000E41A002CB8BF6442A04502DCB845B8DD1A
:103A1000DFE7A742F0DADCE7103A6BFF1005940B02
:103A2000FF5E4C0980778E0637B5154D6C6CC4F37C
:103A30000360FFF721FF134B01930146286C10F040
:103A400001001AD0C4F301330133B1FBF3F0A30931
:103A500043EAD413DB07C4F307425EBFC4F3012477
:103A600004F108030DEB030402F101025EBF14F838
:103A7000043C5B00B2FBF3F2504303B030BD00BF27
:103A8000000005400102040810B50246FFF7DAFE07
:103A900001461046FFF7E2FE04460846FFF7ECFE3B
:103AA0000134B0FBF4F010BD30B5840004F1804463
:103AB00004F5A0241B28E56D0DD811290AD008486B
:103AC00028400AB140F400600BB140F0010040EA28
:103AD0000160E06530BD45F00105E565FAE700BF2E
:103AE000FEF7FFE01B2808D8800000F1804000F5B9
:103AF000A020C36D43F00103C36570471B2807D89E
:103B0000044B80001858C30702D4C0F30460704708
:103B1000112070475C00054008B5FFF7EFFFBDE8D6
:103B20000840FFF7A9BEFFFF002914BF03210121B0
:103B30000AB141F00401022B08BF41F02001B0F5A9
:103B4000A17F2BBF034B044BA0F59170203043F8AD
:103B5000301070470020054000100540B0F5A17FEF
:103B60004FEAC00005D3084B1A5842F001021A5020
:103B7000704700F1804000F5A220D0F8003143F0FA
:103B80000103C0F800317047F0160540B0F5A17F81
:103B90004FEAC00005D3084B1A5822F001021A5010
:103BA000704700F1804000F5A220D0F8003123F0EA
:103BB0000103C0F800317047F0160540B0F5A17F51
:103BC0002BBF11491149A0F5917200F1200238B5BF
:103BD00051F8325015F0010403460BD00C4A10790D
:103BE0001C2809D1FFF798FF15F0E00F18BF022439
:103BF000B0FBF4F4204638BD1188994202D85188B0
:103C00009942EFD20632EAE7002005400010054055
:103C100022CD031AD0F8E03F31EA0303FAD1C0F80D
:103C2000E81F70470622C0F8E82F04210260FFF762
:103C3000F1BFFFFF4FF0E02384B0D3F8402F029292
:103C4000D3F8442F03920299094A91420DD1039966
:103C5000084A914209D1D3F8882D0192019A42F481
:103C600070020192019AC3F8882D04B0704700BF1A
:103C70002100111011000011012907D1044B1C2251
:103C800002FB00300269137D042BFCD0704700BF9B
:103C9000D401001038B5064D1C2303FB00F42B198A
:103CA0009888FFF75BFF2B596C229A6138BD00BFE3
:103CB000D401001070B51C23084E03FB00F4331927
:103CC0000D469888FFF77AFF3359B0FBF5F14A08A3
:103CD0001A611A69891A596170BD00BFD4010010B8
:103CE000074B1C2230B502FB0034256905B9A160E1
:103CF00002FB00339868431A5842584130BD00BF58
:103D0000D4010010426802F0F803382B10B565D0DA
:103D100015D8182B3AD00AD8082B20D0102B1ED03B
:103D2000002B0CBF032301234B802C2320E0282BE6
:103D30002CD002F0E802202A25D00123F4E7502BF2
:103D400033D006D8402B38D0482B14BF012304238E
:103D5000EAE7582B29D0F82BEFD1002012E08B880E
:103D60000A78B3FA83F35B0943EA420383603C2396
:103D700083F03C0203F02C03026083614888FF3823
:103D800018BF012010BD4B78DB0725D58B8823B9E0
:103D9000CB88002BC8D01C23EAE78A68541C8C60AF
:103DA00012788260013B8B80E1E7CB6882685C1C03
:103DB000CC601A70CB88013BCB80CA88012A10D80E
:103DC0004B7813F0020F14BF38233C23002ACFD1C5
:103DD0004A8023F01003CBE70223A5E705234B809D
:103DE000C5E73823C4E7FF234B802C23836160237E
:103DF000036070474FF08253D3F80031184700B585
:103E00008BB03123059305A8002301A90193FFF787
:103E1000F1FF9DF804000BB05DF804FB00B5322300
:103E20008BB0CDE90530CDE9071205A801A9FFF750
:103E3000E1FF9DF804000BB05DF804FB00B53323EF
:103E40008BB0CDE90530094BCDE9071205A801A9D2
:103E50004FF47A721B68B3FBF2F30993FFF7CAFFC2
:103E60009DF804000BB05DF804FB00BFB0390010F2
:103E700000B53B238BB0CDE90530084B079105A871
:103E800001A94FF47A721B68B3FBF2F30893FFF7B2
:103E9000B1FF9DF804000BB05DF804FBB0390010D1
:103EA000C0E900130023C0E903338260012070479A
:103EB00010B50446C26800696368121A9A420DDAA6
:103EC000E2682068013B1340A26802FB030000F097
:103ED000FFFDE3680133E360012010BD0020FCE733
:103EE0002DE9F041C3684468154602699B1AA34254
:103EF0000646884632DAC368026937689B1AF26858
:103F0000601EE31A10401A18A2422CBF241A1C4645
:103F1000AC42A3EB0403A8BF2C462D1B9D42A8BFB7
:103F20001D46B36804FB03F200FB037000F0D0FDF4
:103F3000D6E90137F26830682244013B1340F26051
:103F400007FB030005FB07F204FB078100F0C0FD3F
:103F5000F3682B44F3606019BDE8F0810020FBE7B3
:103F600010B504460846E26823699A420ED0D4E9A7
:103F700000132269013B1340A26802FB031100F009
:103F8000A7FD236901332361012010BD0020FCE758
:103F90002DE9F0418846C16803699942044633D04F
:103FA0004568C3680169006927685B1A691E01409A
:103FB000C818A8422CBF6D1A1D469542A3EB0503F5
:103FC000A8BF1546561B9E42A8BF1E46A368404682
:103FD00005FB03F201FB037100F07AFDD4E9011047
:103FE000236901392B4423611940236806FB00F241
:103FF00000FB013105FB008000F06AFD23693344BA
:104000002361A819BDE8F0810020FBE74368012A7D
:104010000CBF0B438B4343607047FFFFC3680279BB
:104020001B0243EA026302681343026943EA024344
:10403000826843EA0233024A43F4006353647047E0
:104040000000054070B58AB04FF4FA7306280446A4
:104050000D461646019301D1FFF7B0FB0023012264
:1040600021460420FFF720FD2D4A536C43F0010345
:10407000536402A928468DF80C40FFF74BFC294BEE
:104080009D423CD9029B13F0400400D0FEE713F0A0
:1040900080050BBF059B23F080030133029312BF01
:1040A00001250593012402A8FFF7B8FF1C4A136CF1
:1040B000DB07FCD50023012209210420FFF7F4FCD3
:1040C00005B34FF47A730193019B5A1E0192002BA2
:1040D000FAD1029B43F08003029302A8FFF79EFFF0
:1040E0005EB1114C0025E378A278617814F8040BD6
:1040F0000135FFF7D9FC122DF5D10AB070BD0024AF
:104100002546D0E7002CEBD04FF47A730193019B46
:104110005A1E0192002BFAD1059B013B0593DCE767
:104120000000054080778E068ECD031A094B984219
:104130000BD0A3F58053984209D0A3F57833984269
:1041400014BF84208520FFF709BDA420FBE7A3202E
:10415000F9E700BF00400C400022436842600122A2
:104160008260022242608268002AFCD1436070476C
:10417000084B984209D003F58053984207D0A3F525
:104180008023C31A584258417047022070470320C9
:10419000704700BF00100C4037B50446FFF7E8FF3A
:1041A0000F4D01231A46194635F81000FFF7BCFCE5
:1041B0000C4A0723A36094424FF00003E365636059
:1041C000E3602362E3646365236502BF2361A3693F
:1041D00001930323E3601023A36203B030BD00BF4B
:1041E000DECD031A00200840406980F04000C0F393
:1041F0008010704738B50546FFF7BAFF0C4B33F80F
:1042000010000C46FFF7DAFCEB6843F08003EB602C
:104210002101B0FBF1F1C1F30723CAB22A606B6040
:10422000EB68B0FBF1F023F08003EB60000938BDD0
:10423000D6CD031A37B504460D466369DB0701D4B2
:1042400003B030BD23688DF807300DF10701284613
:10425000FFF72EFEF1E737B504460D4663699B066E
:1042600009D4EA682B699A4203D1636823F00203F8
:10427000636003B030BD0DF107012846FFF770FE03
:104280000028EED09DF807302360E7E72DE9F041E4
:10429000984643680E4623F00203174604464360DF
:1042A000424639463046FFF71BFE3146054620465A
:1042B000FFF7D1FFA8EB050279193046FFF710FE92
:1042C000636843F0020363602844BDE8F081084658
:1042D00011461A46FFF75CBE436870B50E46990753
:1042E000044615460AD51146FFF7B5FFEA682B6963
:1042F0009A4202BF636823F002036360314620469E
:10430000FFF798FFA368DA050CD5236A43F480739E
:104310002362636823F480736360084B1A780AB9D8
:1043200001221A70A3689B0507D5236A43F4007322
:104330002362636823F40073636070BDBC390010AE
:1043400000230360FF2343604FF6FF7343616FF068
:104350007F4383617047FFFF024B0146186800F0FE
:104360000BB800BF20060010024B0146186800F091
:1043700031BD00BF200600102DE9F04F01F10B0503
:10438000162D85B0064623D8102900F2BC8000F017
:10439000A1FA102518230221B84F3B44A3F10802CB
:1043A0005C68944200F029816368E26823F00303AB
:1043B0002344A168CA6091605A6842F00102304605
:1043C0005A60083400F08CFA204605B0BDE8F08F42
:1043D00035F0070500F19780A94200F2948000F0C3
:1043E00079FAB5F5FC7FC0F071816B0A00F08F801F
:1043F000042B00F22D81AB0903F1390103F1380CD4
:10440000CB009E4F3B44A3F108005C68A04206D15C
:104410000CE0002A80F2EE80E468A04206D06368D7
:1044200023F003035A1B0F2AF3DD6146DFF850C265
:104430003C69644500F0CC80626822F00302531BA3
:104440000F2B00F34781002BC7E904CC80F23481A5
:10445000B2F5007F80F0D780D308786801334FEA47
:10446000521E012202FA0EF2024357F833E0C4F85A
:1044700008E007EBC3000838E0607A6047F8334093
:10448000CEF80C408B1001209840904245D8104245
:1044900006D121F003014000104201F10401FAD0DD
:1044A00007EBC1094C468E46D4F80C80444508D130
:1044B000DAE0002B80F2F080D8F80C80444500F060
:1044C000D380D8F8042022F00302531B0F2BF0DD19
:1044D0003046D8E9026408EB050145F00105C8F84B
:1044E0000450F460A66043F00104C7E904114C6075
:1044F000C1F808C0C1F80CC048F8023000F0F0F96B
:1045000008F1080460E70C23336000245CE74FF4F3
:10451000007340214FF03F0C73E7BC68636823F0E1
:104520000309A94503D3A9EB05030F2B52DC554B17
:10453000DFF854B11B68082003F1100800F0BAFA44
:10454000DBF8003001900133A84404EB090205D0E8
:1045500008F1FF388044434203EA080841463046E8
:10456000029200F069FAB0F1FF3F029A824600F031
:10457000CC80824200F2C780444B019918684044C5
:104580001860844601F1FF3140F0EB801AEA010F18
:1045900040F0E780D7F808A0C84448F00102CAF804
:1045A00004203B4B1968814238BF1860394B1968A9
:1045B000814238BF1860544622F00308A845A8EB92
:1045C000050301D30F2B05DC304600F089F99CE789
:1045D0007A6857E7621943F0010345F00105656009
:1045E0003046BA60536000F07BF90834204605B0CD
:1045F000BDE8F08FE2682344DBE6DC68A3427FF489
:10460000D3AE023112E7B2F5206F4FEA522374D3D2
:10461000142B00F2098103F15C00C0005B3307EB4F
:10462000000E3858AEF1080E864503D1E2E08068EE
:10463000864504D0436823F003039342F7D8D0F8AB
:104640000CE07A68C4E9020ECEF80840C46019E7AD
:10465000142B5DD9542B00F2EF802B0B03F16F016B
:1046600003F16E0CCB00CCE60EF1010E1EF0030F31
:1046700004F108047FF418AF55E000BF18020010E1
:1046800020020010F03900100C020010C039001098
:10469000EC390010E8390010424444465368D8F819
:1046A0000C1043F00103536054F8083F3046D960C2
:1046B0008B6000F015F987E622443046536843F0DA
:1046C00001035360083400F00BF97DE6E90805F1B9
:1046D000080361E6611945F00105656043F00105D5
:1046E000C7E904113046C1F808C0C1F80CC04D60DC
:1046F000A35000F0F5F8083466E6930903F1390099
:10470000C00038338BE7BC4223D0BC68626853E7F3
:1047100003F15C0103F15B0CCB0072E659F8083938
:104720004B4540F0D28011F0030F01F1FF31F5D17C
:104730007B6823EA00037B60400098423FF6EDAEC1
:1047400018B9EAE640000EF1040E1842FAD071469C
:10475000A6E65F4B0199186808EB000C0139C3F815
:1047600000C0DBF8000001301BBFAAEB020262446C
:10477000CBF800A01A601AF00702CDE9022342D05C
:10478000C2F10802019B9244D044134408EA01009C
:104790001A1A02EA010B5946304600F04DF9421C44
:1047A000039B76D0A0EB0A0000EB0B081868C7F853
:1047B00008A048F001025844BC42CAF8042018601E
:1047C0003FF4EFAEB9F10F0F40D96168A9F10C02C7
:1047D00022F0070201F0010111436160A1184FF0BE
:1047E000050C0F2AC1F804C0C1F808C046D8DAF891
:1047F0000420D6E69A104FF001087B6808FA02F20E
:104800001A437A601EE7019B0AEB08020A409A1AD3
:1048100002EA010B5946304600F00EF9431C039B97
:10482000C0D1DDF808B0C1E7542B13D8130B03F146
:104830006F00C0006E33F2E6B3F5AA7F13D8EB0B1E
:1048400003F1780103F1770CCB00DAE50123CAF814
:104850000430B9E6B3F5AA7F23D8D30B03F178006F
:10486000C0007733DBE640F25452934223D8AB0CBE
:1048700003F17D0103F17C0CCB00C2E5304604F16D
:104880000801019300F0A6FA019BD7F808A0186868
:10489000ADE7029A083A9044A8EB0A084FF0000BE3
:1048A00084E740F2545083420BD8930C03F17D000F
:1048B000C0007C33B3E64FF47E737F214FF07E0C53
:1048C0009FE54FF47E707E23A9E67B6834E700BF46
:1048D000C0390010014800F0E9B800BFF4390010F9
:1048E000014800F0E5B800BFF4390010024B1B6826
:1048F0000022C3E926027047200600100A4B0B482D
:1049000019680B4AD1F89830D1F89CC003FB00F02D
:1049100002FB0C00A3FB0232013340EB0200C1E9B1
:10492000263020F000407047200600102DF451582A
:104930002D7F954C032A70B511D940EA01039B07DE
:104940001FD104460B4602E0043A032A1DD919463A
:10495000204653F8045B54F8046BAE42F4D0541E66
:10496000B2B1421E013901E0C3180CD012F801EFB8
:1049700011F801CFE645A4EB0203F5D0AEEB0C0035
:1049800070BD541EEDE7184670BD20461946E6E797
:10499000104670BD830730B547D0541E002A3ED064
:1049A000CAB2034601E0013C39D303F8012B9D074D
:1049B000F9D1032C2CD9CDB205EB05250F2C05EB35
:1049C000054535D9A4F1100222F00F0C03F1100EA9
:1049D000E6444FEA121C1A46156055609560D56092
:1049E00010327245F8D10CF1010214F00C0F03EBF8
:1049F000021204F00F0C13D0ACF1040323F00303F4
:104A00000433134442F8045B9A42FBD10CF00304D4
:104A10002CB1C9B21C4403F8011B9C42FBD130BD30
:104A200064461346002CF4D1F9E703461446C0E768
:104A30001A46A446E0E700BF38B5074D00220446F9
:104A400008462A6001F0C0FA431C00D038BD2B682C
:104A5000002BFBD0236038BD303B001070B50F4BEE
:104A60000F4DAB42A3EB050607D0B610002455F856
:104A7000043B01349847A642F9D808F0A3FA094D3F
:104A8000094B5E1BAB424FEAA60606D0002455F840
:104A9000043B01349847A642F9D870BDD0CF031A21
:104AA000D0CF031AD0CF031A1CD0031A704700BF0F
:104AB000704700BF082802D14FF48050704708B5F6
:104AC00000F08AFA162303604FF0FF3008BD00BFE4
:104AD000844641EA000313F003036DD1403A41D309
:104AE00051F8043B40F8043B51F8043B40F8043BC8
:104AF00051F8043B40F8043B51F8043B40F8043BB8
:104B000051F8043B40F8043B51F8043B40F8043BA7
:104B100051F8043B40F8043B51F8043B40F8043B97
:104B200051F8043B40F8043B51F8043B40F8043B87
:104B300051F8043B40F8043B51F8043B40F8043B77
:104B400051F8043B40F8043B51F8043B40F8043B67
:104B500051F8043B40F8043B51F8043B40F8043B57
:104B6000403ABDD2303211D351F8043B40F8043BF7
:104B700051F8043B40F8043B51F8043B40F8043B37
:104B800051F8043B40F8043B103AEDD20C3205D307
:104B900051F8043B40F8043B043AF9D2043208D0FF
:104BA000D2071CBF11F8013B00F8013B01D30B8871
:104BB00003806046704700BF082A13D38B078DD04F
:104BC00010F003038AD0C3F10403D21ADB071CBF21
:104BD00011F8013B00F8013B80D331F8023B20F88B
:104BE000023B7BE7043AD9D3013A11F8013B00F8C4
:104BF000013BF9D20B7803704B7843708B7883704C
:104C000060467047FFFFFFFFFFFFFFFFFFFFFFFF53
:104C1000FFFFFFFFFFFFFFFFFFFFFFFFFFFFFFFFA4
:104C2000FFFFFFFFFFFFFFFFFFFFFFFFFFFFFFFF94
:104C3000FFFFFFFFFFFFFFFFFFFFFFFFFFFFFFFF84
:104C400090F800F06DE9024520F007016FF0000CCC
:104C500010F0070491F820F040F049804FF0000474
:104C60006FF00700D1E9002391F840F000F108004F
:104C700082FA4CF2A4FA8CF283FA4CF3A2FA8CF387
:104C80004BBBD1E9022382FA4CF200F10800A4FAEE
:104C90008CF283FA4CF3A2FA8CF3E3B9D1E9042342
:104CA00082FA4CF200F10800A4FA8CF283FA4CF379
:104CB000A2FA8CF37BB9D1E9062301F1200182FA33
:104CC0004CF200F10800A4FA8CF283FA4CF3A2FA39
:104CD0008CF3002BC6D0002A04BF04301A4612BA47
:104CE000B2FA82F2FDE8024500EBD2007047D1E94A
:104CF000002304F00305C4F100004FEAC50514F0D9
:104D0000040F91F840F00CFA05F562EA05021CBFA9
:104D100063EA050362464FF00004A9E72DE9F84372
:104D2000064608208946FFF7C5FEDFF89C80054649
:104D30003046FFF7CFFDD8F808305F6827F003074B
:104D4000A7F11104A4EB09042C44B4FBF5F4013CD5
:104D500005FB04F4A54208DC00213046FFF76CFE99
:104D6000D8F808303B44984205D03046FFF7B8FDEC
:104D70000020BDE8F88361423046FFF75DFE013058
:104D80000FD0124AD8F808303F1B47F001075F6088
:104D9000136830461B1B1360FFF7A2FD0120BDE81E
:104DA000F88300213046FFF747FED8F80820831A21
:104DB0000F2BDADD43F001035360054B03491B68F9
:104DC000C01A0860D1E700BF18020010C0390010F7
:104DD0000C02001000297DD0F8B50C460646FFF7FE
:104DE00079FD54F8042C794FA4F1080522F0010153
:104DF00005EB010CB868DCF80430604523F00303D0
:104E000000F08880D207CCF8043032D454F8082C53
:104E1000AD1A1144AA6807F1080082426BD00CEB6E
:104E20000304D4F804E0EC68D4601EF0010FA26023
:104E300000F0898041F001036B60CCF80010B1F5FF
:104E4000007F24D27868CB080122490901338A40C7
:104E5000024357F833107A6007EBC302083AC5E9FA
:104E6000021247F83350CD603046BDE8F840FFF7F6
:104E700037BD0CEB03025268D2072CD541F0010379
:104E8000B1F5007F44F8043CCCF80010DAD3B1F55A
:104E9000206F4FEA512358D28B0903F1390003F1F7
:104EA0003802C300F818FB580838984203D166E06E
:104EB0009B68984204D05A6822F003028A42F7D8CD
:104EC000D868C5E902308560DD603046BDE8F8404D
:104ED000FFF706BD7047194407F10800DCF80830F9
:104EE000834243D0DCF80C20DA60936041F0010388
:104EF0006B606950A3E70CEB03025268D0075FD4E4
:104F00000B44DCE90212CA60916043F001026A605E
:104F1000EB50A9E70B44D10707D454F8082CAD1A7D
:104F20001344D5E90212CA60916043F001026A603D
:104F3000274ABD6012689A4296D8264B30461968B7
:104F4000FFF7ECFE90E71944C8E7142B08D9542B5F
:104F50001DD80B0B03F16F0003F16E02C300A1E734
:104F600003F15C0003F15B02C3009BE741F0010326
:104F70003D617D61A860E8606B60695074E77968A5
:104F80009210012404FA02F20A437A6099E7B3F519
:104F9000AA7F06D8CB0B03F1780003F17702C30098
:104FA00080E740F25452934206D88B0C03F17D0007
:104FB00003F17C02C30075E74FF47E737E2271E734
:104FC00041F001036B60CCF800104DE718020010AF
:104FD00010020010F0390010014B1868704700BF34
:104FE00020060010F6F76CBD0368DB0705D4437894
:104FF0002BB901234370184670470020704710B545
:10500000042000F0BDF9044600F026F8024A0349E6
:10501000204600F079FA00BF2950031A0CCE031A7B
:1050200001230360704700BF10B5034B03600446C3
:1050300000F0E2F9204610BD20CE031A10B5054B52
:105040000360044600F0D8F920460421FFF7CAFFA8
:10505000204610BD20CE031A014B0360704700BFED
:1050600020CE031A10B5034B0360044600F0C2F8CB
:10507000204610BD68CE031A10B5054B03600446E8
:1050800000F0B8F820460C21FFF7ACFF204610BD19
:1050900068CE031A70B582B00446069E96420D464D
:1050A00009D0A06804680696246A2946A44602B07E
:1050B000BDE87040604719460192009300F064F823
:1050C000DDE900320028ECD0062002B070BD00BF40
:1050D0002DE9F04F0D4681B01946DDE90A8BDDE977
:1050E0000CA91C460746164600F04EF880B9D0457C
:1050F00027D0B86823460468CDE90CA9CDE90A8B0E
:10510000E46932462946A44601B0BDE8F04F604745
:10511000002DC9F8008089F804600CDBA844C24562
:1051200014BF4FF001084FF0060889F806800020F0
:1051300001B0BDE8F08F0235F9D1012389F80630BE
:10514000F5E75946384600F01FF80028D1D089F815
:105150000560ECE72DE9F04106460F4614461D4672
:1051600000F082F848B9B068016822468C692B4685
:105170003946A446BDE8F0416047BDE8F08100BF74
:10518000704700BF00207047814211D008B54068C9
:1051900003782A2B0AD049680B782A2B08BF0131E3
:1051A00002F002F8B0FA80F0400908BD002008BD06
:1051B0000120704770B5036884B000249E69039491
:1051C000102315460293CDE900446B461268B047A0
:1051D0009DF8043003F00603062B03BF009B2B60F1
:1051E0000120204604B070BD009890420CBF0620FC
:1051F0000120704710B5034B03600446FFF7C0FF62
:10520000204610BDDCCE031A10B5054B03600446E2
:10521000FFF7B6FF20460821FFF7E4FE204610BD49
:10522000DCCE031A2DE9F041069F0899099E8F42B2
:10523000044690461D460CD029462046FFF7A4FFA1
:1052400020B10123376086F80480B3710020BDE8E7
:10525000F0810799FFF798FF0028EDD086F80580C8
:105260000020BDE8F08100BF38B515461C46FFF7A9
:105270008BFF00B938BD082206232560E260237148
:1052800038BD00BF2DE9F041064617461D460C46C5
:10529000FFF77AFF48B9032D07D823683A4631460D
:1052A00020465B69BDE8F0411847BDE8F08100BFCA
:1052B0001C494B6830B550F8085CA0F1080453B3A2
:1052C00004EB050E734526D820D05A6801F1040C72
:1052D00032B90EE0516803F1040C134639B10A46A5
:1052E0009645F7D302BFDEE900215960AD18DCF81E
:1052F00000301A6899188C4211D05B6840F8043C61
:10530000DCF8003040F8085C5C6030BD1A685B680F
:105310002A4440F8082C40F8043C4C6030BD2A4434
:105320001A6030BD343B0010144900F1080348688E
:10533000082B38BF0823F8B1073323F007030431E3
:1053400002E0011D406880B102689342F9D830B490
:10535000D41A072C0AD9C51842686A60C450086874
:1053600003600D60083030BC7047704745680260CC
:105370000D60083030BC7047704700BF343B0010F0
:1053800010B500F180042046FEF7E6FF034630B179
:10539000802200211846FFF7FDFA803010BD20461C
:1053A000FFF7C2FF03460028F2D100F041F800BF2A
:1053B000064A93688038984205D9D26813449842C7
:1053C00001D2FFF775BFFEF7CFBF00BF343B00101F
:1053D00038B5084C4FF41E652846E560FEF7BCFF63
:1053E000A06020B10023C0E90053606038BDE060D8
:1053F000FBE700BF343B0010704700BF704700BFA1
:105400000048704700CF031A0048704710CF031AB6
:1054100010B504210446FFF7E5FD204610BD00BF8E
:1054200008B5804700F0EEFD00F0C0F800F0EAFD9E
:1054300008B5034B1868BFF35B8FFFF7F1FF00BFA0
:105440004C07001008B58047FFF7F2FF08B5034B83
:105450001868BFF35B8FFFF7F5FF00BF4807001028
:10546000024B1868BFF35B8F704700BF4C070010FA
:10547000024B1868BFF35B8F704700BF48070010EE
:10548000012810B51AD8BFF35B8FA1F1280353E8A8
:10549000002F013A43E800200028F8D1BFF35B8FCA
:1054A0005AB951F81C3C01F158040BB120469847F9
:1054B0002046BDE81040FFF77BBF10BD51F8140C2B
:1054C000FFF7AEFF002310B540E91E1240F8803C04
:1054D0000446FFF7CDFF44F8700CFFF7C1FF074902
:1054E000074A084B44F8581C44F8542C44F86C0CF8
:1054F00044F8503CA4F1800010BD00BF474E554316
:10550000432B2B008154031A70B504460D461646F2
:1055100000F0D6F8436801333246294643602046FE
:10552000FFF7D0FF0446012344F8283B204601F052
:105530001BFC204600F03AF8FFF77AFF10B500F0A8
:10554000BFF8D0E900420132426064B194F82020F3
:10555000472A0AD0002202602034204601F028FCAD
:10556000204600F023F8FFF763FF94F821204E2A2D
:10557000F0D194F82220552AECD194F82320432A24
:10558000E8D194F82420432AE4D194F825202B2A4A
:10559000E0D194F826202B2ADCD194F82720012A88
:1055A000D8D8626952426261D6E700BF38B5044676
:1055B00000F086F82246056812F82039472B03D000
:1055C00085BB0260284638BD63784E2BF8D1A3789E
:1055D000552BF5D1E378432BF2D12379432BEFD12F
:1055E00063792B2BECD1A3792B2BE9D1E379012B18
:1055F000E6D854F80C3C002B11DB013344F80C3C8A
:105600004368013B4360954218BF44F8105C656AEB
:1056100018BF0260204600F0EFFF284638BDC3F1F6
:105620000103EBE7FFF704FF08B500F045F8036856
:105630007BB393F82020472A07D00022026003F1B1
:105640002000BDE8084000F0D9BF93F821204E2A81
:10565000F3D193F82220552AEFD193F82320432A3F
:10566000EBD193F82420432AE7D193F825202B2A65
:10567000E3D193F826202B2ADFD193F82720012AA3
:10568000DBD85A69002A05DB013A08D0511C0ED03C
:105690005A6108BD0132FBD119690160F8E71A6946
:1056A000026003F12000BDE8084000F0A7BFFFF74B
:1056B000BFFE00BF704700BF00487047443B00106A
:1056C00000487047443B0010024A03490348F6F77C
:1056D000FBB900BF50070010B556031A443B001039
:1056E000502870B51DD0844600F00F000C2855D806
:1056F000DFE800F0074426071E545454542A2207BA
:105700001E00104650F8046B4EB10CF07004102CC3
:1057100008BF11460E441CF0800F18BF36681E608B
:1057200070BDD01C20F0030050F8046B1E6070BDEB
:10573000104650F8086BE7E7104630F9026BE3E7D4
:10574000104630F8026BDFE700261046344610F8AA
:10575000015B05F07F0E0EFA04FE15F0800F46EA9D
:105760000E0604F10704F2D11F2CCDD86D06CBD55F
:105770004FF0FF3505FA04F42643C6E7002610462D
:10578000344610F8015B05F07F0E0EFA04FE2D067C
:1057900046EA0E0604F10704F3D4B5E700F032FC44
:1057A000FF2808B5034612D003F07003302B0846DB
:1057B00013D005D8202B09D1BDE8084001F0EDBC7D
:1057C000402B06D1BDE8084001F0D4BC03D800202E
:1057D00008BD502BFBD000F015FCBDE8084001F0DF
:1057E000D9BC00BFF8B50C461546064608B101F015
:1057F000C1FC286014F8017BFF2F28D16860204687
:1058000010F8013BFF2B32D0102300242B752246C9
:1058100010F8011B01F07F039340090644EA0304DA
:1058200002F10702F4D40444EC6010F8013B6B75FC
:105830000024224610F8011B01F07F0393401C4313
:105840000B0602F10702F5D404442C61F8BD314681
:105850003846FFF7A5FF224601462B1D3846FFF7C5
:105860003FFF0446204610F8013BFF2BCCD12B759F
:105870000024D9E72DE9F04F00F0030495B0002390
:10588000012C0A930F46164613D0022C08D131463C
:10589000384601F059FC40B9082015B0BDE8F08F3A
:1058A000002C00F0938000F0ADFB092015B0BDE89E
:1058B000F08F10F0080400F09A800EAA0292009275
:1058C00044F0020203920E910C221946304600F079
:1058D000C1FE304601F054FC04900028D7D0029A53
:1058E00004993046FFF77EFF9DF84C3006938146C1
:1058F00031461846FFF754FF0DF134080023059098
:1059000010901946CDF800800F22304600F07CFE42
:105910000D9BDDF848B023F00103D94503F1FF35B5
:1059200033D29DF84DA00E9C00215046FFF738FF62
:105930004A4601460BAB5046FFF7D2FE0021814696
:105940005046FFF72DFF4A4601460CAB5046FFF785
:10595000C7FE002181465046FFF722FF4A46014616
:1059600043465046FFF7BCFE81460020024619F828
:10597000011B01F07F03934018430B0602F107025D
:10598000F5D40B9B2344AB4219D94FF00009CA460A
:105990000123039AD10740F1818000231946CDF8F5
:1059A000008030460D220A9C00F02EFE049BC7E9C1
:1059B0000B3A0D9B3B62C7E9094906206DE70C9A3B
:1059C0001344AB4274D8CB45AED8DEE702073FF5AF
:1059D0005EAF012303930EAB0293029A0092002361
:1059E0000C22194630460E9700F034FE71E70EABDC
:1059F00000930D6A02930D2223462146304600F0A3
:105A000003FE0E9B9D4202D002230393E5E7029B17
:105A10000093214623460C2230460E9700F01AFED2
:105A2000D7F830A0D7E90A43BAF1000F3DD004936C
:105A3000A1460DF13408B9F1000FC0F20A81032527
:105A400000231A461946CDF8008030460D9700F025
:105A500001FE002319460122CDF8008030460D9446
:105A600000F0F8FD002319460F22CDF800803046E3
:105A700000F0CAFD0D9ACDF8008002F0010200236B
:105A800042EA0A020D9230460F22194600F0E2FD6A
:105A9000022D62D0072015B0BDE8F08F039A1207DF
:105AA0005FD4012B18BF4C46C5D1384600F0F0F941
:105AB0000D9B002B3FF4EBAE0F9A03EB020A00287C
:105AC00000F0EA8001380BEB0004BAF1000F3FF45C
:105AD000DEAE039B13F00803089300F0E280784BDE
:105AE0003B60784B7B60DDF818B0079600230BF025
:105AF0000702CDF818A009929A4600210A4614F828
:105B0000010B00F07F039340050641EA030102F117
:105B10000702F4D41F2A05D8400603D50123934079
:105B20005B4219430025894626462A4616F8010B92
:105B300000F07F0393401D43030602F10702F5D4F2
:105B40001F2A18D8460616D5012393405B421D43F1
:105B500019BB4FF0010A2C44CFE7384600F010F98A
:105B600098E7012B00F0AA80B9F1000FC0F2A280E3
:105B70004C46032564E781B94FF0010A002DEAD1B4
:105B80005346DDE906A6002B3FF481AE039BD80700
:105B90003FF57DAE0024022552E700290FDC17B146
:105BA000089B002B3CD06FF04043119A5B1A52F8CF
:105BB0002330002BE2D1DDE906A60323E9E6BBF1A1
:105BC000FF0F67D0099A042A3FF66DAE01A353F880
:105BD00022F000BFE95B031AA758031A1B5C031AE3
:105BE000E95B031A155C031A8B005B42119A059955
:105BF0001A4458464346FFF773FD0D990029DAD041
:105C0000002FBBD00AAB0022384600F063F8002812
:105C1000B4D0D0E7CB005B42E8E74B005B42E5E75E
:105C20006FF04043119E0A9A0D925B1A56F82310AA
:105C300006EB830621B9BEE756F8041F0029BAD047
:105C4000314443460022384600F044F80028F3D09F
:105C500094E7029A04993046FFF7C4FD9DF84C0082
:105C60003146FFF79DFD6FF04042121B054611982B
:105C700050F8223000EB820033B10246002352F884
:105C8000041F01330029FAD1C7E90A3504237863D8
:105C90003B63D4E60023A9E7BAF1000F7FF476AFA7
:105CA000F5E5FB79012B0CBF57F8203C07F15803B1
:105CB0000A9318E7FFF7CAFBFFF778FCFFF7B8FB7A
:105CC000474E5543464F52001EB400F08BF81EBCA1
:105CD00001F05CF8F0B50278472A83B00C461D4607
:105CE00019D0254E0020336801909B6830469847B4
:105CF00078B1019B1B680193022723683146204637
:105D00001E6901AA0123B04728BB0746384603B0E5
:105D1000F0BD0127F1E743784E2BE2D18378552B74
:105D2000DFD1C378432BDCD10379462B18D0432B2A
:105D3000D7D143792B2BD4D183792B2BD1D1C379D4
:105D4000012BCED80BBF50F8200C50F8206C50F827
:105D5000786C5830C7E7019B2B60384603B0F0BD24
:105D600043794F2BBDD18379522BBAD1C07900280A
:105D7000B7D1024EB7E700BFA8CF031A7CCF031AF2
:105D800010B50446FFF79CFC224612F82039472B39
:105D900004D0836823BB8260012010BD63784E2B42
:105DA000F7D1A378552BF4D1E378432BF1D12379A4
:105DB000432BEED163792B2BEBD1A3792B2BE8D19D
:105DC000E379012BE5D854F8043C0133012B44F866
:105DD000043CE1D1836844F8083C8260012010BD96
:105DE000FFF726FB08B5FFF76BFC836883B393F8D6
:105DF0002020472A04D00022826003F1200008BD41
:105E000093F821204E2AF6D193F82220552AF2D178
:105E100093F82320432AEED193F82420432AEAD191
:105E200093F825202B2AE6D193F826202B2AE2D1BD
:105E300093F82720012ADED8DA69013ADA61002ACC
:105E4000DBD19969816000229A6103F1200008BDCD
:105E5000FFF7EEFA0378472B01D000207047437814
:105E60004E2BFAD18378552BF7D1C378432BF4D13D
:105E70000379432BF1D143792B2BEED183792B2B53
:105E8000EBD1C07901288CBF00200120704700BFF2
:105E900010B530B10446FFF789FB2046FFF7DAFF63
:105EA00008B9FFF7C5FA54F8140CFFF7B9FA00BFA8
:105EB0002DE9F04F85B00246FFF7CCFF60B152E903
:105EC00006531046D2F828A0146B566B0193FFF7C7
:105ED0006DFB2846FFF7B6FA1046FFF767FBFFF7A2
:105EE000B5FAFFF763FBFFF7E7FB036893F827209A
:105EF000012A05D11A6805E0FFF758FBFFF798FA69
:105F000003F178020025DFF86CB0029224F0030858
:105F100003F120092F46574519DA346804B1344497
:105F200002AB002221464846FFF7D4FE08B1FFF736
:105F300005FB2368039003AA204659461C690123E8
:105F4000A047002818BF054601374644E3E745B19E
:105F50000420FFF715FA084B084A06490360FFF7CB
:105F6000D3FA0198FFF75CFAFFF75EFBFFF75CFBE3
:105F7000FFF7AAFE50CF031AB8CF031AFD53031A36
:105F800008B5C0F3C7537F3B162B014615DC002B29
:105F900002460BDB0B481841084205D04FF4800144
:105FA0001941114421EA0001084608BD013300F0FF
:105FB0000041F9D141F07E51F6E7802BF4D100F099
:105FC00059F808BDFFFF7F0070B50C4D2B680BB969
:105FD0000B4B2B60C41C2E6824F003043444204671
:105FE00000F012F810B92C60304670BDFEF7F4FFD7
:105FF0000C2303604FF0FF36F6E700BF503B001064
:1060000000800020FEE7FFFF044B23B1984234BF1D
:106010000020012070471846704700BF00A00020F4
:106020000548064B1B1AD90F01EBA301491002D0FA
:10603000034B03B118477047540700105407001072
:106040000000000008B5054B1BB105490548AFF33A
:106050000080BDE80840FFF7E3BF00BF000000007C
:10606000543B0010D4D0031A80F0004002E000BF7F
:1060700081F0004142001FBF5FEA410392EA030F33
:106080007FEA226C7FEA236C6AD04FEA1262D2EB7D
:106090001363C1BFD218414048404140B8BF5B4282
:1060A000192B88BF704710F0004F40F4000020F01B
:1060B0007F4018BF404211F0004F41F4000121F031
:1060C0007F4118BF494292EA030F3FD0A2F101027B
:1060D00041FA03FC10EB0C00C3F1200301FA03F1B9
:1060E00000F0004302D5494260EB4000B0F5000FDC
:1060F00013D3B0F1807F06D340084FEA310102F19B
:106100000102FE2A51D2B1F1004F40EBC25008BF4C
:1061100020F0010040EA03007047490040EB000016
:10612000013A28BFB0F5000FEDD2B0FA80FCACF117
:10613000080CB2EB0C0200FA0CF0AABF00EBC25044
:1061400052421843BCBFD0401843704792F0000F32
:1061500081F4000106BF80F400000132013BB5E785
:106160004FEA41037FEA226C18BF7FEA236C21D0FB
:1061700092EA030F04D092F0000F08BF0846704760
:1061800090EA010F1CBF0020704712F07F4F04D12E
:10619000400028BF40F00040704712F100723CBF41
:1061A00000F50000704700F0004343F0FE4040F46B
:1061B000000070477FEA226216BF08467FEA236329
:1061C0000146420206BF5FEA412390EA010F40F414
:1061D000800070474FF0000304E000BF10F0004360
:1061E00048BF40425FEA000C08BF704743F0964347
:1061F00001464FF000001CE050EA010208BF704762
:106200004FF000030AE000BF50EA010208BF7047E8
:1062100011F0004302D5404261EB41015FEA010CFD
:1062200002BF84460146002043F0B64308BFA3F1F5
:106230008053A3F50003BCFA8CF2083AA3EBC253D7
:1062400010DB01FA02FC634400FA02FCC2F12002F6
:10625000BCF1004F20FA02F243EB020008BF20F02D
:106260000100704702F1200201FA02FCC2F1200293
:1062700050EA4C0021FA02F243EB020008BF20EA88
:10628000DC70704703685A004CBF43F0004323F0B2
:1062900000431844704700BF2DE9F84349B34F1E2F
:1062A000044615463E464FF0000909EB060101EB96
:1062B000D171491004EBC1084046FFF7E3FF8F425C
:1062C00003464FEAC1000FD00830AB42204407D844
:1062D000FFF7D8FF0138A84208D201F10109E4E72D
:1062E000894506D04E1EE0E7AB42F9D84046BDE8EE
:1062F000F8834FF000084046BDE8F883012807D036
:10630000022807D0044B00280CBF18460020704715
:106310000248704702487047B169031AB969031A05
:10632000C169031A30B5214B83B004468D1E1BB3DF
:1063300001A92846AFF3008088B301992A46FFF7E8
:10634000ABFF014658B3FFF79DFF4B68A064012BDC
:1063500028D0002B01F104001FDBFFF793FF00237F
:1063600023650368E064002B0DDBFFF78BFF03461A
:106370000020236103B030BD0D4B0E49C91AC9106E
:1063800018460191DAE7C3F30360FFF7B7FF03464E
:1063900028B10020236103B030BD0123E0E70023D2
:1063A0000920E6E700230520E3E700BF0000000026
:1063B000D4D0031A54D2031A0368DA0710B504467E
:1063C00006D49B0700F1480009D500F065FC23685E
:1063D000590709D51A070ED5DB0613D510BD00F0F5
:1063E00053FC23685907F5D404F1D00000F05CFC9D
:1063F00023681A07F0D404F5A87000F05DFC236848
:10640000DB06EBD404F5E870BDE8104000F098BC62
:106410000346006800B11844704700BF704700BFD2
:1064200070B504460E46316C2046FFF77BFF0546EB
:1064300088B9326C6261236932462146012098474F
:106440000828F0D0072806D12846316CFFF7E6FF70
:10645000301D00F00DFCFFDE2DE9F0470D1DD0F8DA
:106460000C80D0F81890074614460FCDADF5727D1C
:106470000DF10C0CACE80F000FCDACE80F000FCD08
:10648000ACE80F0095E80F0002AE4FF0000E8CE86C
:106490000F00C6F800E020E0336C7B614FF4F0722F
:1064A00031467AA8FEF714FB3B697AAA3946504672
:1064B0009847889B73642146CDE9006905463B46B1
:1064C0003A460120C047044618BB4FF4F0727AA93F
:1064D0003046FEF7FDFA082D19D1316C3846FFF72A
:1064E00021FF09345FFA84FA05460028D4D0B36B43
:1064F00073643A46CDE900693B464AF01001012039
:10650000C04730B928460DF5727DBDE8F087072DEC
:1065100005D0092528460DF5727DBDE8F087204697
:10652000316CFFF77BFF03A800F0A2FBF0B5CB6B4B
:106530000B6401F1040C0E460546BCE80F00F9B0EF
:1065400001AC0FC4BCE80F000FC4BCE80F000FC4BF
:106550009CE80F004FF0FF3784E80F00009706E03B
:106560002B696A46294698470828044608D110999D
:106570002846FFF7D7FE0028F2D0092079B0F0BDF9
:106580006846FFF719FF062CF7D131462846FFF77A
:1065900047FF00BFC160D96B8261196400221946B0
:1065A000FFF75ABF70B5C66843690B64AEB903699B
:1065B0000A4604460D46014602209847072805D0A2
:1065C00008280ED129462046FFF72AFF3046296CBD
:1065D000FFF724FF281D00F04BFB0122FFF73CFFD3
:1065E000FFDEFFDEC26822B1CA6B0A640022FFF739
:1065F00033BFFFF79BBF00BF704700BF83680146F2
:106600000BB1012018477047012910D009D883B970
:106610000F2A0ED800EB820218465368009A1360C6
:106620007047033901298CBF0220012070470846BA
:1066300070470220704700BF00B585B00A460023AE
:1066400003A900911946FFF7DFFF039805B05DF835
:1066500004FB00BF012910D009D883B90F2A0ED836
:10666000009900EB820209685160184670470339AF
:1066700001298CBF02200120704708467047022084
:10668000704700BF10B584B0002303AC03920094A0
:106690000A461946FFF7DEFF04B010BD70B5D36B94
:1066A000136402F1040C05460C46BCE80F00ADF57E
:1066B0000E7D0DF15C0EAEE80F00BCE80F00AEE8F9
:1066C0000F00BCE80F00AEE80F009CE80F004FF091
:1066D000FF368EE80F00169610E0FFF7D3FF214635
:1066E00016A8A847034616AA6946082083B9049B42
:1066F0009847052806460CD0092809D026996846EF
:10670000FFF710FE03466A460C2116A8002BE4D0C2
:10671000092616A8FFF750FE30460DF50E7D70BD18
:106720002DE9F04F9346CA6C89B00D4652F8041B10
:10673000069200F0030C002B79D00C0C8DF81D4054
:106740000904E4B2059102EB840202212F6D8DF859
:106750001C10BCF1020F08BFAA6B17F001070CD088
:1067600005A9584600F086FB18B9082009B0BDE815
:10677000F08F092009B0BDE8F08F1668002EEFD029
:1067800000F008010191B146029764469A46BAF1B9
:10679000020F48D0B2F80090568802F10408AA6CA3
:1067A00026F001030F2158469F18FFF745FF874247
:1067B00037D829F001023A44824294BF00220122D4
:1067C000730003F0020309F0010943EA0903012BF6
:1067D00047D0022B31D0002BCBD114B1002A40F08E
:1067E000C68008F10402D2F80090B9F1000FCED1B2
:1067F00005A95846029F00F03DFB0028B9D1002FA3
:10680000B3D00F215846FFF717FF0E210246584616
:10681000FFF738FF654A0F215846FFF733FF07207F
:10682000A8E70022CCE7566802F10808B7E709029A
:1068300005918DF81D30032188E7D8F8006026F017
:106840000043002C44D122B1019A002A5AD0002BD7
:1068500058D0002E01DA08F10408013308EB830256
:10686000C1E7ECB9CAB1D8F80430D8F80020991CB7
:106870004FEAD2723FF47DAF05F158010133049124
:1068800000F0888008F10400FFF7C2FD04AB014668
:106890002846FFF71FFA002856D108F10802A2E7A0
:1068A0000D215846FFF7C8FE2B6A8342F5D1AB6A2B
:1068B0009845F2D14046FFF7E5FC0F2102465846C5
:1068C000FFF7E0FE2A4600215846FFF7DBFEA6E769
:1068D0000D2158460393FFF7AFFE2A6A039B8242BD
:1068E000B7D1AA6A9045B4D100270422C5E90B723A
:1068F0004244AB626A63D8F80020BA4252DB0122FC
:106900000292AAE7039408F10409002605F158074A
:106910001C460DE048460497FFF77AFD0022014629
:1069200004AB2846013609F10409FFF7D3F9C8B9C9
:10693000A642EFD10D215846FFF77EFE049B286248
:10694000C5E90938062015E704460D215846FFF72A
:1069500073FE022CDDF81090286221D12B4643F8FB
:106960002C9FEDE72346D8F80060039C71E7404672
:10697000FFF788FC08F104020446AA632846FFF7E3
:10698000FFF900283FF4F5AE22460F215846FFF7E5
:1069900079FE44E7894658460D21FFF74DFE2862EF
:1069A0004B46CDE7581C08EB800084E7B15E031A24
:1069B0000023FFF7B5BE00BF0123FFF7B1BE00BF44
:1069C0000223FFF7ADBE00BF2DE9F0430646C3B07A
:1069D00015461C46042900F2D180DFE801F0AC51D5
:1069E000CF2A0300002C40F0C980102A00F2C68094
:1069F0000368DC0600F1E78020AF384600F0AAF912
:106A0000B46B394600234FF0010C0CFA03F22A4212
:106A1000204603F1010303D050F8042B0A6004461A
:106A2000042B01F10401F0D1B463384600F088F979
:106A300099E0032C40F0A28094B204EB1243102B97
:106A40004FEA124500F29A8003681F0700F1C380E5
:106A500020AF384600F052F9B26B07EBC50154B1D4
:106A60000B46D01A01EBC401E4001D5843F8045B47
:106A70008B42FAD12244B263384600F01DF972E02D
:106A8000012C4FEA124895B271D0052C76D108EB53
:106A90000509B9F1200F71D8B8F10F0F72D8B9F10B
:106AA000100F036800F29F80D90708D523F0010377
:106AB000304643F0020340F8483B00F0F1F820AFC5
:106AC000384600F0EDF8B36B002D00F0B9806D0092
:106AD0006A1E07EBC80100250132043903EB82026C
:106AE00053F8040B41F8040F9342F9D1002D00F044
:106AF000A1804146102938BF10216B0010396F4624
:106B0000013B07EBC1010133043902EB830352F867
:106B1000040B41F8040F9A42F9D1012C00F088804F
:106B2000B8F10F0FB26302D820A800F0B5F83846CC
:106B300000F0BAF817E00CBB806B23461FFA82FC0A
:106B40000124371D04FA03F111EA0C0F024604D0A8
:106B500052F8041B47F8231010460133102BF1D1D3
:106B6000AC0400D4B063002043B0BDE8F08308EB70
:106B70000503102B02D8B8F1100F14D1022043B036
:106B8000BDE8F083002DEED003685A075CD46F4651
:106B9000384600F08DF8B26B6B00A8F11001013B94
:106BA00007EBC101AFE70368DA0759D420AF3846D5
:106BB00000F06EF8B36B002D89D10433B36338460F
:106BC00000F062F8CFE723F01003036000F5E870EF
:106BD00000F0C0F810E723F00803036000F5A87088
:106BE00000F08CF834E7D90708D523F0010343F00F
:106BF000020340F8483B00F053F83368580706D5C5
:106C0000304623F0040340F8D03B00F051F820AFA9
:106C1000384600F045F8684600F04AF8C8F110021E
:106C20005200B36BA9F11005013A07EBC80153E715
:106C300020AFC2E7012CC0D0B8F10F0FB36392D8D8
:106C4000384600F029F88EE723F0040340F8D03BE3
:106C50006F4600F02DF8384600F02AF8B26B9BE73B
:106C6000304623F0030340F8483B00F011F89DE75D
:106C700000F1340191E838009C46A6464CF8045DCA
:106C800090E8FF0FE54600BD90EC210B704700BF78
:106C900080EC210B704700BF90EC200B704700BFC9
:106CA00080EC200B704700BFD0EC200B704700BF7A
:106CB000C0EC200B704700BFF0EC0201F0EC0211B9
:106CC000F0EC0221F0EC0231F0EC0241F0EC025168
:106CD000F0EC0261F0EC0271F0EC0281F0EC029158
:106CE000F0EC02A1F0EC02B1F0EC02C1F0EC02D148
:106CF000F0EC02E1F0EC02F1704700BFE0EC0201C1
:106D0000E0EC0211E0EC0221E0EC0231E0EC0241A7
:106D1000E0EC0251E0EC0261E0EC0271E0EC028197
:106D2000E0EC0291E0EC02A1E0EC02B1E0EC02C187
:106D3000E0EC02D1E0EC02E1E0EC02F1704700BFD0
:106D4000B0FC0181B0FC0191B0FC01A1B0FC01B12B
:106D5000704700BFA0FC0181A0FC0191A0FC01A133
:106D6000A0FC01B1704700BFEC4600B52DE9005012
:106D70002DE9FF1F4FF000032DE90C0001A9FFF7DB
:106D8000D5FBDDF840E012B0704700BFEC4600B51F
:106D90002DE900502DE9FF1F4FF000032DE90C00F5
:106DA00001A9FFF7FFFBDDF840E012B0704700BF1C
:106DB000EC4600B52DE900502DE9FF1F4FF0000310
:106DC0002DE90C0001A9FFF70DFCDDF840E012B041
:106DD000704700BFEC4600B52DE900502DE9FF1FBC
:106DE0004FF000032DE90C0001ABFFF7D3FBDDF8FA
:106DF00040E012B0704700BFEC4600B52DE90050EE
:106E00002DE9FF1F4FF000032DE90C0001AAFFF749
:106E100045FCDDF840E012B0704700BF027A03463F
:106E20007AB9427AA2B14168013A10B44272086854
:106E300003220C1D1A7202025C60000E10BC1A6064
:106E400070470068013A1A7202021A60000E704719
:106E5000B020704700B585B0002303AA0092194600
:106E60000C22FFF7D1FB039805B05DF804FB00BFCF
:106E7000FFF7F0BF2DE9F043064685B00D464FF011
:106E800000082846FFF7CAFFB028044600F0DA8061
:106E9000070646D500F0F003802B5ED0B02B73D0F0
:106EA0001BD8902B00F09B80A02B12D1C34303F082
:106EB00007034FF47F621A41010702F47F6201D594
:106EC00042F48042002319463046FFF77DFD00283A
:106ED000D7D0092005B0BDE8F083C02B6DD1C628FE
:106EE00000F09380C72800F0B28000F0F803C02BB8
:106EF00000F0D280C82800F0DD80C928E9D12846FA
:106F0000FFF78CFF020300F00F0002F47022013043
:106F10000243012105233046FFF756FD0028B0D07B
:106F2000D7E78300DBB21F1D0DF10C0900231946C2
:106F3000CDF800900D223046FFF766FB039BCDF89D
:106F4000009060064CBFDF1BFF1800230D2219467E
:106F500030460397FFF77EFB93E72846FFF75EFF77
:106F600024022043B0F5004FB3D004010023A2B2A5
:106F700019463046FFF728FD0028AAD114F4004F27
:106F800018BF4FF001087CE7B12851D0B22800F0BB
:106F9000AD80B3286DD000F0FC03B42B99D000F085
:106FA00007020132012342F4002219463046FFF75E
:106FB0000BFD00283FF465AF8BE700F0F803D02B02
:106FC00087D100F007020132052342F4002201219B
:106FD0003046FFF7F9FC00283FF453AF79E700F0A3
:106FE0000D030D2B3FF475AF03AF002300F00F022C
:106FF000194600973046FFF707FB002300970D2244
:1070000019463046FFF726FB3BE72846FFF706FF09
:10701000020300F00F00013002F470220323024348
:1070200019463046FFF7D0FC00283FF42AAF50E75E
:107030002846FFF7F3FE431EDBB20E2B02467FF617
:1070400041AF46E7B8F1000F40D0002042E72846A4
:10705000FFF7E4FE431EDBB20E2B02463FF639AFCC
:10706000002304213046FFF7AFFC00283FF409AFAE
:107070002FE72846FFF7D2FE020300F00F00013091
:1070800002F470220123024319463046FFF79CFCAC
:1070900000283FF4F6AE1CE700F00F020132032394
:1070A00042F4202219463046FFF78EFC00283FF4B8
:1070B000E8AE0EE72846FFF7B1FE00F0F00200F060
:1070C0000F031032013343EA023222E703AC434696
:1070D00041460E2200943046FFF796FA009443464C
:1070E0000F2241463046FFF7B5FAAEE700230DF117
:1070F0000C090D221946CDF800903046FFF784FAAE
:107100002846FFF78BFE0206039C4FF002070BD5C3
:1071100000F07F00B840044428460394FFF77EFE49
:10712000030607F10707F3D400FA07F204F5017428
:10713000224400230392CDF800900D2219463046D8
:10714000FFF788FA9DE600BF10B5C26C536884B0A3
:107150004FF0030C08321C0208461B0E01A90194D3
:1071600002928DF80CC08DF80D30FFF783FE04B04D
:1071700010BD00BF08B5FFF77BFE806C08BD00BFE7
:1071800008B5FFF775FEC06CC379023300EB8300CE
:1071900008BD00BF08B5FEF735FF08B5FFF7FAFFD9
:1071A000A2EB0300704700BF02780B78012A28BFCA
:1071B0009A42F5D16DE9044540EA0104CDE9026740
:1071C0006FF0000C4FEA447212B380EA010414F02D
:1071D000070F6AD100F0070420F0070004F0030550
:1071E00021F007014FEAC505F0E8042314F0040F6D
:1071F000F1E804670CFA05F462EA040266EA0406A0
:107200000AD063EA0403624667EA0407664603E0BD
:10721000F0E80423F1E8046782FA4CF582EA0604F8
:10722000A4FA8CF46CBB83FA4CF583EA0705A5FA43
:107230008CF595B950E9022351E9026782FA4CF5C1
:1072400082EA0604A4FA8CF483FA4CF583EA070573
:10725000A5FA8CF52543DBD09CB92DBAB5FA85F497
:1072600024F0070427FA04F1DDE9026723FA04F3A6
:1072700003F0FF0001F0FF01FDE80445A0EB010071
:10728000704724BAB4FA84F424F0070426FA04F10F
:10729000DDE9026722FA04F202F0FF0001F0FF01CB
:1072A000FDE80445A0EB0100704714F0030F3CD14A
:1072B00010F0030428D150F8082B51F8083B82FA4B
:1072C0004CF582EA0305A5FA8CF55DB950F8042C5B
:1072D00051F8043C82FA4CF582EA0305A5FA8CF5D4
:1072E000002DE8D02DBAB5FA85F424F0070423FA6E
:1072F00004F122FA04F202F0FF0001F0FF01FDE8C0
:107300000445A0EB010070474FEAC40420F00300DD
:1073100050F8082B21F0030151F8083B0CFA04F453
:1073200062EA040263EA0403C9E710F003041AD016
:10733000A1EB040120F00300E40750F8042B06D071
:107340000FD28B785FFAA2F4E41A06D12BB1CB7876
:107350005FFAB2F4E41A00D11BB920465DF8104B75
:10736000704701F1040150F8042BCC0721F0030110
:1073700051F8043B48D824D222F07F4482FA4CF5DD
:1073800094EA1325A5FA8CF50AD165B951F8043BA6
:1073900084EA0204B4EB036F0ED150F8042BEBE740
:1073A0004FEA132355E035F07F454DD10878FDE8CD
:1073B0000445C0F1000070474FEA126203F0FF037A
:1073C00047E002EA1C4482FA4CF594EA1345A5FA18
:1073D0008CF50AD165B951F8043B84EA0204B4EB98
:1073E000034F0CD150F8042BEBE74FEA134330E086
:1073F00015EA1C4528D10B884FEA124229E04FEAD2
:10740000124203EA1C4324E002F0FF0482FA4CF526
:1074100094EA1365A5FA8CF50AD165B951F8043BD5
:1074200084EA0204B4EB032F09D150F8042BEBE7F4
:107430004FEA13630DE015F0FF0F05D10B684FEA1B
:10744000122223F07F4304E04FF00000FDE80445E2
:10745000704712BA1BBA82FA4CF482EA0304A4FA07
:107460008CF5B5FA85F402FA04F203FA04F34FEA54
:107470001260FDE80445A0EB1360704700000000B7
:10748000000000002103021AE507021AD107021AC0
:1074900000000000000000008103021AEF07021A3A
:1074A000DB07021A00000000000000000103021ABE
:1074B0009307021A8907021A00000000000000006A
:1074C0004103021A0309021AF908021A0000000017
:1074D000000000006103021A7309021A6909021A06
:1074E000920100009301000094010000900100004F
:1074F0009801000022000000230000009501000018
:107500009601000097010000910100009901000020
:107510002200000024000000000000000100000024
:107520000200000003000000040000000A00000048
:107530000C0000000D0000000E0000000F00000015
:1075400010000000110000001200000013000000F5
:1075500014000000150000001600000017000000D5
:1075600018000000190000001A0000001B000000B5
:107570003C0000003E0000003F0000004000000012
:1075800041000000420000004300000044000000F1
:107590009200000095000000960000009700000097
:1075A00098000000990000009A0000009B00000075
:1075B0009C0000009D0000009E0000009F00000055
:1075C000A0000000A1000000A2000000A300000035
:1075D000A4000000DA000000DB000000DC00000076
:1075E000E0000000E2000000E4000000E500000010
:1075F000E6000000E7000000E8000000E9000000ED
:10760000EA000000EB000000EC000000ED000000CC
:10761000EE000000EF000000F0000000F1000000AC
:10762000F2000000F3000000F4000000F50000008C
:10763000F6000000F7000000F8000000F90000006C
:10764000FA000000FB0000004401000047010000B8
:1076500048010000490100004A010000C500000087
:10766000C6000000C70000005701000067010000CD
:10767000690100006E0100007A0100008301000032
:1076800085010000860100000000000000000000ED
:1076900000000000000000000000000001000000E9
:1076A00001000000010000000100000001000000D6
:1076B00002000000030000000400000004000000BD
:1076C00004000000040000000400000004000000AA
:1076D000040000000400000004000000040000009A
:1076E000040000000400000004000000040000008A
:1076F0000400000004000000050000000500000078
:107700000500000005000000050000000500000065
:107710000500000005000000050000000500000055
:107720000500000005000000050000000500000045
:107730000500000005000000060000000600000033
:107740000600000006000000060000000600000021
:107750000600000006000000060000000600000011
:107760000600000006000000060000000600000001
:1077700006000000060000000700000008000000EE
:1077800009000000090000000900000009000000D5
:107790000900000009000000090000000A000000C4
:1077A0000A0000000A0000000A0000000A000000B1
:1077B0000A0000000A0000000B0000000B0000009F
:1077C0000B0000000B0000000B0000000B0000008D
:1077D0000B0000000C0000000C0000000C0000007A
:1077E0000C0000000C0000000C0000000C00000069
:1077F0000D0000000D0000000D0000000D00000055
:107800000D0000000D0000000D0000000E00000043
:107810000E0000000E0000000E0000000E00000030
:107820000E0000000E0000000F0000000F0000001E
:107830000F0000000F0000000F0000000F0000000C
:107840000F000000100000001000000010000000F9
:1078500010000000100000001000000010000000E8
:1078600011000000110000001100000011000000D4
:1078700011000000110000001100000012000000C3
:1078800012000000120000001200000012000000B0
:10789000120000001200000013000000130000009E
:1078A000130000001300000013000000130000008C
:1078B0001300000014000000140000001400000079
:1078C0001400000014000000140000001400000068
:1078D000150000001600000017000000180000004E
:1078E0001800000018000000180000001800000038
:1078F0001800000018000000180000001800000028
:107900001800000018000000180000001800000017
:107910001800000018000000180000001900000006
:1079200019000000190000001900000019000000F3
:1079300019000000190000001900000019000000E3
:1079400019000000190000001900000019000000D3
:107950001900000019000000190000001A000000C2
:107960001A0000001A0000001A0000001A000000AF
:107970001A0000001A0000001A0000001A0000009F
:107980001A0000001A0000001A0000001A0000008F
:107990001A0000001A0000001A0000001B0000007E
:1079A0001B0000001B0000001C0000001C00000069
:1079B0001C0000001D0000001D0000001D00000054
:1079C0001E0000001E0000001E0000001F0000003E
:1079D0001F0000001F000000200000002000000029
:1079E0002000000021000000210000002100000014
:1079F00022000000220000002200000023000000FE
:107A000023000000230000002400000025000000E7
:107A100026000000270000002800000028000000C9
:107A200028000000280000002800000028000000B6
:107A300028000000280000002800000028000000A6
:107A40002800000028000000280000002800000096
:107A50002800000028000000280000002800000086
:107A60002800000028000000280000002800000076
:107A70002800000028000000290000002900000064
:107A80002900000029000000290000002900000052
:107A90002900000029000000290000002900000042
:107AA0002900000029000000290000002900000032
:107AB0002900000029000000290000002900000022
:107AC0002900000029000000290000002900000012
:107AD00029000000290000002A0000002A00000000
:107AE0002A0000002A0000002A0000002A000000EE
:107AF0002A0000002A0000002A0000002A000000DE
:107B00002A0000002A0000002A0000002A000000CD
:107B10002A0000002A0000002A0000002A000000BD
:107B20002A0000002A0000002A0000002A000000AD
:107B30002A0000002A0000002B0000002B0000009B
:107B40002B0000002B0000002B0000002B00000089
:107B50002B0000002B0000002B0000002B00000079
:107B60002B0000002B0000002B0000002B00000069
:107B70002B0000002B0000002B0000002B00000059
:107B80002B0000002B0000002B0000002B00000049
:107B90002B0000002B0000002C0000002D00000036
:107BA0002F00000030000000300000003000000016
:107BB0003000000031000000310000003100000002
:107BC00031000000320000003200000032000000EE
:107BD00032000000330000003300000033000000DA
:107BE00033000000340000003500000036000000C3
:107BF0003700000038000000390000003A000000A3
:107C00000000000000000000000000000000000074
:107C100000000000000000004100000042000000E1
:107C20004300000044000000450000004600000042
:107C30004700000048000000490000004A00000022
:107C40004B0000004C0000004D0000004E00000002
:107C50004F000000500000005100000052000000E2
:107C600053000000540000005500000056000000C2
:107C700057000000580000005A0000005B000000A0
:107C80005D0000005E000000600000006100000078
:107C90006300000064000000650000006600000052
:107CA0006600000067000000670000006800000038
:107CB0006800000069000000690000006A00000020
:107CC0006A0000006B0000006B0000006C00000008
:107CD0006C0000006D0000006D0000006E000000F0
:107CE0006E0000006F0000006F00000070000000D8
:107CF00070000000710000007100000072000000C0
:107D000072000000730000007300000074000000A7
:107D1000740000007500000075000000760000008F
:107D20007600000077000000770000007800000077
:107D30007800000079000000790000007A0000005F
:107D40007A0000007B0000007B0000007C00000047
:107D50007C0000007D0000007D0000007E0000002F
:107D60007E0000007F0000007F0000008000000017
:107D700080000000810000008100000082000000FF
:107D800082000000830000008300000084000000E7
:107D900084000000850000008500000086000000CF
:107DA00086000000870000008700000088000000B7
:107DB0008800000089000000890000008A0000009F
:107DC0008A0000008B0000008B0000008C00000087
:107DD0008C0000008D0000008D0000008E0000006F
:107DE0008E0000008F0000008F0000009000000057
:107DF000900000009100000091000000920000003F
:107E00009200000093000000930000009400000026
:107E1000940000009500000095000000960000000E
:107E2000960000001C090010240900102C09001005
:107E3000340900103C090010200900102809001026
:107E400030090010380900104009001044090010E2
:107E5000480900104C090010500900105409001086
:107E6000580900105C090010600900106409001036
:107E7000680900106C0900107009001074090010E6
:107E8000780900107C090010800900108409001096
:107E9000880900104D090010510900105509001003
:107EA000590900105D0900106109001065090010F2
:107EB000690900106D0900107109001075090010A2
:107EC000790900107D090010810900108509001052
:107ED000890900104F0900105309001057090010BC
:107EE0005B0900105F0900106309001067090010AA
:107EF0006B0900106F09001073090010770900105A
:107F00007B0900107F090010830900108709001009
:107F10008B0900108C0900108D0900108E090010CB
:107F2000A2090010B6090010CA090010DE090010ED
:107F3000F2090010060A0010FC080010F4080010F6
:107F4000EC080010E4080010DC080010D408001051
:107F5000CC080010C4080010BC080010B4080010C1
:107F6000AC080010A40800109C0800109408001031
:107F700095090010A9090010BD090010D1090010D1
:107F8000E5090010F90900100D0A0010960900100B
:107F9000AA090010BE090010D2090010E60900105D
:107FA000FA0900100E0A001097090010AB09001022
:107FB000BF090010D3090010E7090010FB090010E9
:107FC0000F0A001098090010AC090010C009001039
:107FD000D4090010E8090010FC090010100A001074
:107FE0009A090010AE090010C2090010D60900104D
:107FF000EA090010FE090010120A00109C09001086
:10800000B0090010C4090010D8090010EC090010D4
:10801000000A0010140A00109D090010B109001098
:10802000C5090010D9090010ED090010010A00105F
:10803000150A00109E090010B2090010C6090010B0
:10804000DA090010EE090010020A0010160A0010EA
:10805000A0090010B4090010C8090010DC090010C4
:10806000F0090010040A0010180A00101A0A001083
:108070001B0A00101C0A00101E0A0010240A00101F
:108080002A0A0010300A0010360A00103C0A0010BC
:10809000420A0010480A00104E0A0010540A00104C
:1080A0005A0A0010600A0010660A00106C0A0010DC
:1080B000720A0010780A00101F0A0010250A00102A
:1080C0002B0A0010310A0010370A00103D0A001078
:1080D000430A0010490A00104F0A0010550A001008
:1080E0005B0A0010610A0010670A00106D0A001098
:1080F000730A0010790A0010220A0010280A0010E2
:108100002E0A0010340A00103A0A0010400A00102B
:10811000460A00104C0A0010520A0010580A0010BB
:108120005E0A0010640A00106A0A0010700A00104B
:10813000760A00107C0A0010780B0010830B0010E8
:108140008F0B0010790B0010840B0010900B0010A7
:108150007A0B0010860B0010920B00107C0B0010A5
:10816000880B0010940B00107E0B00108A0B00107F
:10817000960B0010800B00108C0B0010980B001059
:10818000810B00108D0B0010990B00107E0A00105F
:10819000800A0010820A00107F0A0010810A001075
:1081A000830A0010840A0010850A0010860A001055
:1081B000870A0010880A0010900A0010980A001020
:1081C000A00A0010A80A0010B00A0010B80A001097
:1081D000C00A0010C80A0010D00A0010D80A001007
:1081E000E00A0010E80A0010F00A0010F80A001077
:1081F000000B0010080B0010100B0010180B0010E3
:10820000200B0010280B0010300B0010380B001052
:10821000400B00108A0A0010920A00109A0A0010FF
:10822000A20A0010AA0A0010B20A0010BA0A00102E
:10823000C20A0010CA0A0010D20A0010DA0A00109E
:10824000E20A0010EA0A0010F20A0010FA0A00100E
:10825000020B00100A0B0010120B00101A0B00107A
:10826000220B00102A0B0010320B00103A0B0010EA
:10827000420B00108C0A0010940A00109C0A001097
:10828000A40A0010AC0A0010B40A0010BC0A0010C6
:10829000C40A0010CC0A0010D40A0010DC0A001036
:1082A000E40A0010EC0A0010F40A0010FC0A0010A6
:1082B000040B00100C0B0010140B00101C0B001012
:1082C000240B00102C0B0010340B00103C0B001082
:1082D000440B00108E0A0010960A00109E0A00102F
:1082E000A60A0010AE0A0010B60A0010BE0A00105E
:1082F000C60A0010CE0A0010D60A0010DE0A0010CE
:10830000E60A0010EE0A0010F60A0010FE0A00103D
:10831000060B00100E0B0010160B00101E0B0010A9
:10832000260B00102E0B0010360B00103E0B001019
:10833000460B0010480B0010840800107C08001049
:10834000510B00105A0B0010640B00106E0B001044
:10835000740800106C080010640800105C0800101D
:10836000560B0010600B00106A0B0010740B00100D
:10837000580B0010620B00106C0B0010760B0010F5
:108380009B0B00109C0B00109E0B0010A00B00100C
:10839000A20B0010A40B0010A60B0010180900106F
:1083A0001809001018090010180900101809001009
:1083B00018090010A80B0010AA0B0010AC0B00103D
:1083C000AE0B0010B00B0010B20B0010B40B00107D
:1083D000B60B0010B80B0010BA0B0010BC0B00104D
:1083E000BE0B0010C00B0010C20B0010C40B00101D
:1083F000C60B0010C80B0010CA0B0010CC0B0010ED
:10840000CE0B0010D00B0010D20B0010D40B0010BC
:108410004C08001044080010340800102C0800100C
:108420001C0800101408001004080010FC070010BD
:10843000F50B0010F60B0010F70B0010580C001095
:10844000F80B00105A0C0010FA0B00105C0C001016
:10845000FC0B00105E0C0010FE0B0010600C0010F6
:10846000000C0010620C0010020C0010640C0010D4
:10847000040C0010660C0010060C0010680C0010B4
:10848000080C00106A0C00100A0C00106C0C001094
:108490000C0C00106E0C00100E0C0010700C001074
:1084A000100C0010720C0010120C0010740C001054
:1084B000140C0010760C0010160C0010780C001034
:1084C000180C00107A0C00101A0C00107C0C001014
:1084D0001C0C00107E0C00101E0C0010800C0010F4
:1084E000200C0010820C0010220C0010840C0010D4
:1084F000240C0010860C0010260C0010880C0010B4
:10850000280C00108A0C00102A0C00108C0C001093
:108510002C0C00108E0C00102E0C0010900C001073
:10852000300C0010920C0010320C0010940C001053
:10853000340C0010960C0010360C0010980C001033
:10854000380C00109A0C00103A0C00109C0C001013
:108550003C0C00109E0C00103E0C0010A00C0010F3
:10856000400C0010A20C0010420C0010A40C0010D3
:10857000440C0010A60C0010460C0010A80C0010B3
:10858000480C0010AA0C00104A0C0010AC0C001093
:108590004C0C0010AE0C00104E0C0010B00C001073
:1085A000500C0010B20C0010520C0010B40C001053
:1085B000540C0010B60C0010560C0010B80C001033
:1085C0000300040100000000030101050500000094
:1085D000010004010A000000010101010B0000007C
:1085E000120004010C000000120103011C00000035
:1085F000120206022C000000180004013C000000DA
:10860000180106023D0000000C0004013E000000BD
:108610000C010802450000000C0308024C00000099
:108620000C050201530000000C0602015A00000074
:108630000C070201610000000C0802016800000044
:108640000C0906026F0000000C0A0401760000000D
:108650000C0B02017D0000000C0C040184000000E2
:108660000C0D06028B0000000E00040192000000B9
:108670000E010602930000000E02052B940000007C
:10868000090004019500000009010301A500000094
:1086900009020602B50000000F000401C500000039
:1086A0000F010602C80000000F020602CB00000006
:1086B0000F030401CE0000000F040001D1000000F0
:1086C0000F050401D40000000F080301D7000000CB
:1086D00010000401DA00000010010201DD000000BA
:1086E00011000401E000000011010201E10000009E
:1086F00013000401E200000013010201E300000086
:1087000015000401E40000001501052BFC00000029
:108710001502060214010000150303012C010000DC
:108720001600040144010000160109014501000082
:1087300016020A0145010000160308024601000066
:108740001700040147010000170108024B01000057
:10875000170306024F010000170405035301000030
:108760001B000401570100001B0106025801000014
:108770001B020602590100001B0300015A01000000
:108780001B0406025B0100001B0506025C010000E1
:108790001B0606025D0100001B0706025E010000C9
:1087A0001B0806025F0100001B09060260010000B1
:1087B0001B0A0602610100001B0B06026201000099
:1087C0001B0C0602630100001B0D06026401000081
:1087D0001B0E0602650100001B0F06026601000069
:1087E0001E000401670100001E0100016801000075
:1087F0001F000401690100001F0106026A01000058
:108800001F0206026B0100001F0306026C0100003C
:108810001F0406026D0100001D0004016E0100002E
:108820001D0100016F0100001D0200017001000028
:108830001D030503710100001D0405037201000002
:108840001D050503730100001D06050374010000EA
:108850001D070001750100001D08050376010000D9
:108860001D090503770100001D0A050378010000BA
:108870001D0B050379010000200004017A010000AE
:10888000200109117B01000020020A117B01000078
:10889000200308127C010000200509117D01000061
:1088A00020060A117D010000200708127E01000049
:1088B000200909117F010000200A0A117F01000030
:1088C000200B081280010000200D09118101000019
:1088D000200E0A1181010000200F08128201000001
:1088E0001900040183010000190102018401000044
:1088F0002100040185010000210100118701000011
:108900002102001189010000210306028B010000F1
:10891000210406028D010000210506028F010000DE
:1089200021060602910100002107060293010000C2
:1089300021080602950100002109060297010000A6
:10894000210A060299010000210B06029B0100008A
:10895000210C06029D010000210D06029F0100006E
:10896000210E0602A1010000210F0602A301000052
:1089700021100602A501000021110602A701000036
:1089800021120602A901000021130602AB0100001A
:1089900021140602AD01000021150602AF010000FE
:1089A00021160602B101000021170602B3010000E2
:1089B00021180602B501000021190602B7010000C6
:1089C000211A0602B9010000211B0602BB010000AA
:1089D000211C0602BD010000211D0602BF0100008E
:1089E000211E0602C1010000211F0602C301000072
:1089F00021200602C501000021210602C701000056
:108A000021220602C901000021230602CB01000039
:108A100021240602CD01000021250602CF0100001D
:108A200021260602D101000021270602D301000001
:108A300021280602D501000021290602D7010000E5
:108A4000212A0602D9010000212B0602DB010000C9
:108A5000212C0602DD010000212D0602DF010000AD
:108A6000212E0602E1010000212F0602E301000091
:108A700021300602E5010000652C00100100000015
:108A800000000000A40E0010040000000000000020
:108A9000602C00100400000000000000642C001096
:108AA0000100000000000000A80E001001000000FE
:108AB00000000000AC0E00100400000000000000E8
:108AC000B00E00100100000000000000B10E001008
:108AD0000100000000000000682C001002000000EF
:108AE00000000000B40E00100400000000000000B0
:108AF0005814001001000000000000005C14001079
:108B000004000000000000006014001004000000D9
:108B100000000000641400100400000000000000C9
:108B20006814001002000000000000006C14001027
:108B30000400000000000000701400100400000099
:108B4000000000007414001001000000000000008C
:108B5000B80E00100101000000000000BC0E001063
:108B60000401000001000000C00E0010040100001C
:108B700002000000C40E0010040100000300000009
:108B8000C80E00100401000004000000751400105D
:108B90000100000000000000CC0E001001010000E8
:108BA00005000000CD0E00100101000006000000CD
:108BB000CE0E001001010000070000007614001026
:108BC0000100000000000000781400100400000004
:108BD00000000000E413001001020000000000008B
:108BE000E513001001020000010000007C140010D9
:108BF0000400000000000000E81300100402000060
:108C000002000000EC13001001020000030000004D
:108C1000801400100100000000000000811400100A
:108C2000010000000000000082140010010000009C
:108C30000000000084140010040000000000000088
:108C4000ED1300100102000004000000EE130010FC
:108C5000010200000500000088140010040000005C
:108C600000000000F01300100402000006000000E5
:108C7000F413001001020000070000008C14001023
:108C800001000000000000008D1400100100000031
:108C9000000000008E140010010000000000000021
:108CA0009014001004000000000000009414001054
:108CB0000400000000000000F8130010040200008F
:108CC00008000000CF0E00100101000008000000A5
:108CD000D00E00100101000009000000D10E0010AC
:108CE000010100000A000000D20E00100101000086
:108CF0000B000000D30E0010010100000C0000006A
:108D0000D40E0010010100000D000000D50E00106F
:108D1000010100000E000000D60E0010010100004D
:108D20000F000000D80E0010040100001000000029
:108D3000DC0E00100101000011000000E00E001028
:108D40000401000012000000E40E00100201000007
:108D500013000000E60E00100201000014000000E5
:108D6000E80E00100201000015000000EA0E0010DD
:108D70000201000016000000EC0E001002010000CD
:108D800017000000EE0E00100201000018000000A5
:108D9000F00E00100201000019000000F20E001099
:108DA000020100001A000000F40E00100201000091
:108DB0001B000000F60E0010010100001C00000066
:108DC000F70E0010010100001D000000F80E001059
:108DD000010100001E000000F90E0010010100005A
:108DE0001F000000981400100100000000000000A7
:108DF000FA0E00100201000020000000FC0E00101E
:108E00000201000021000000FE0E0010020100001F
:108E100022000000000F00100201000023000000EB
:108E2000020F00100101000024000000040F0010D8
:108E30000401000025000000080F001004010000DC
:108E4000260000009A14001002000000000000003C
:108E50009C14001001000000000000009E1400108F
:108E60000200000000000000A0140010010000003B
:108E700000000000A214001002000000000000002A
:108E8000A414001001000000000000000C0F0010EE
:108E90000201000027000000100F00100401000074
:108EA00028000000A81400100400000000000000CA
:108EB000140F00100101000029000000150F001020
:108EC000010100002A000000160F0010010100003F
:108ED0002B000000AC140010040000000000000093
:108EE000170F0010010100002C000000180F0010E7
:108EF000020100002D000000B0140010040000006A
:108F000000000000B4140010040000000000000085
:108F1000B81400100400000000000000BC14001091
:108F20000400000000000000FC1300100402000018
:108F3000090000001C0F0010040100002E000000BA
:108F4000200F0010040100002F000000240F00106B
:108F50000401000030000000280F00100401000090
:108F6000310000002C0F001004010000320000004E
:108F7000300F00100401000033000000340F001017
:108F80000401000034000000380F0010040100004C
:108F9000350000003C0F0010040100003600000006
:108FA000400F00100401000037000000440F0010C3
:108FB0000401000038000000480F00100401000008
:108FC000390000004C0F0010040100003A000000BE
:108FD000500F0010040100003B000000540F00106F
:108FE000040100003C000000580F001004010000C4
:108FF0003D0000005C0F0010040100003E00000076
:10900000600F0010040100003F000000640F00101A
:109010000401000040000000680F0010040100007F
:10902000410000006C0F001004010000420000002D
:10903000700F00100401000043000000740F0010C6
:109040000401000044000000780F0010040100003B
:10905000450000007C0F00100401000046000000E5
:10906000800F00100401000047000000840F001072
:109070000401000048000000880F001004010000F7
:10908000490000008C0F0010040100004A0000009D
:10909000900F0010040100004B000000940F00101E
:1090A000040100004C000000980F001004010000B3
:1090B0004D0000009C0F0010040100004E00000055
:1090C000A00F0010040100004F000000A40F0010CA
:1090D0000401000050000000A80F0010040100006F
:1090E00051000000AC0F001004010000520000000D
:1090F000B00F00100101000053000000B40F001079
:109100000401000054000000B80F0010040100002A
:1091100055000000BC0F00100401000056000000C4
:10912000C00F00100401000057000000C40F001021
:109130000101000058000000C60F001002010000ED
:1091400059000000C80F0010020100005A00000082
:10915000CA0F0010020100005B00000000140010A4
:10916000040200000A0000000414001004020000C1
:109170000B00000008140010040200000C000000A6
:109180000C140010040200000D0000001014001068
:10919000040200000E00000014140010040200007D
:1091A0000F0000001814001004020000100000005E
:1091B0001C1400100402000011000000CC0F00106D
:1091C000040100005C0000002014001004020000F4
:1091D000120000002414001004020000130000001C
:1091E0002814001004020000140000002C140010C9
:1091F00004020000150000003014001004020000FA
:1092000016000000341400100402000017000000D3
:109210003814001004020000180000003C14001074
:109220000402000019000000D00F0010040100002B
:109230005D000000D40F0010040100005E0000007B
:10924000D80F0010040100005F000000DC0F0010C8
:109250000401000060000000E00F001004010000A5
:1092600061000000E40F0010040100006200000033
:10927000E80F00100401000063000000EC0F001074
:109280000401000064000000F00F00100401000061
:1092900065000000F40F00100401000066000000EB
:1092A000F80F00100401000067000000FC0F001020
:1092B000040100006800000000100010040100001C
:1092C0006900000004100010040100006A000000A2
:1092D00008100010040100006B0000000C100010CA
:1092E000040100006C0000001010001004010000D8
:1092F0006D00000014100010040100006E0000005A
:1093000018100010040100006F0000001C10001075
:109310000401000070000000201000100401000093
:109320007100000024100010040100007200000011
:109330002810001004010000730000002C10001021
:10934000040100007400000030100010040100004F
:1093500075000000341000100401000076000000C9
:109360003810001004010000770000003C100010CD
:10937000040100007800000040100010040100000B
:109380007900000044100010040100007A00000081
:1093900048100010040100007B0000004C10001079
:1093A000040100007C0000005010001004010000C7
:1093B0007D00000054100010040100007E00000039
:1093C00058100010040100007F0000005C10001025
:1093D0000401000080000000601000100401000083
:1093E00081000000641000100401000082000000F1
:1093F0006810001004010000830000006C100010D1
:10940000040100008400000070100010040100003E
:1094100085000000741000100401000086000000A8
:109420007810001004010000870000007C1000107C
:1094300004010000880000008010001004010000FA
:109440008900000084100010040100008A00000060
:1094500088100010040100008B0000008C10001028
:10946000040100008C0000009010001004010000B6
:109470008D00000094100010040100008E00000018
:1094800098100010040100008F0000009C100010D4
:109490000401000090000000A01000100401000072
:1094A00091000000A41000100401000092000000D0
:1094B000A81000100401000093000000AC10001080
:1094C0000401000094000000B0100010040100002E
:1094D00095000000B4100010040100009600000088
:1094E000B81000100401000097000000BC1000102C
:1094F0000401000098000000C010001004010000EA
:1095000099000000C4100010040100009A0000003F
:10951000C8100010040100009B000000CC100010D7
:10952000040100009C000000D010001004010000A5
:109530009D000000D4100010040100009E000000F7
:10954000D8100010040100009F000000DC10001083
:1095500004010000A0000000E01000100401000061
:10956000A1000000E410001004010000A2000000AF
:10957000E810001004010000A3000000EC1000102F
:1095800004010000A4000000F0100010040100001D
:10959000A5000000F410001004010000A600000067
:1095A000F810001004010000A7000000FC100010DB
:1095B00004010000A80000000011001004010000D8
:1095C000A90000000411001004010000AA0000001E
:1095D0000811001004010000AB0000000C11001085
:1095E00004010000AC000000101100100401000094
:1095F000AD0000001411001004010000AE000000D6
:109600001811001004010000AF0000001C11001030
:1096100004010000B000000020110010040100004F
:10962000B10000002411001004010000B20000008D
:109630002811001004010000B30000002C110010DC
:1096400004010000B400000030110010040100000B
:10965000B50000003411001004010000B600000045
:109660003811001004010000B70000003C11001088
:1096700004010000B80000004011001004010000C7
:10968000B90000004411001004010000BA000000FD
:109690004811001004010000BB0000004C11001034
:1096A00004010000BC000000501100100401000083
:1096B000BD0000005411001004010000BE000000B5
:1096C0005811001004010000BF0000005C110010E0
:1096D00004010000C000000060110010040100003F
:1096E000C10000006411001004010000C20000006D
:1096F0006811001004010000C30000006C1100108C
:1097000004010000C40000007011001004010000FA
:10971000C50000007411001004010000C600000024
:109720007811001004010000C70000007C11001037
:1097300004010000C80000008011001004010000B6
:10974000C90000008411001004010000CA000000DC
:109750008811001004010000CB0000008C110010E3
:1097600004010000CC000000901100100401000072
:10977000CD0000009411001004010000CE00000094
:109780009811001004010000CF0000009C1100108F
:1097900004010000D0000000A0110010040100002E
:1097A000D1000000A411001004010000D20000004C
:1097B000A811001004010000D3000000AC1100103B
:1097C00004010000D4000000B011001004010000EA
:1097D000D5000000B411001004010000D600000004
:1097E000B811001004010000D7000000BC110010E7
:1097F00004010000D8000000C011001004010000A6
:10980000D9000000C411001004010000DA000000BB
:10981000C811001004010000DB000000CC11001092
:1098200004010000DC000000D01100100401000061
:10983000DD000000D411001004010000DE00000073
:10984000D811001004010000DF000000DC1100103E
:1098500004010000E0000000E0110010040100001D
:10986000E1000000E411001004010000E20000002B
:10987000E811001004010000E3000000EC110010EA
:1098800004010000E4000000F011001004010000D9
:10989000E5000000F411001004010000E6000000E3
:1098A000F811001004010000E7000000FC11001096
:1098B00004010000E8000000001200100401000094
:1098C000E90000000412001004010000EA0000009A
:1098D0000812001004010000EB0000000C12001040
:1098E00004010000EC000000101200100401000050
:1098F000ED0000001412001001010000EE00000055
:10990000C014001001000000000000001812001038
:1099100004010000EF0000001C1200100401000010
:10992000F00000002012001004010000F10000000F
:109930002412001004010000F200000028120010A0
:1099400004010000F30000002C12001004010000CC
:10995000F40000003012001004010000F5000000C7
:109960003412001004010000F6000000381200104C
:1099700004010000F70000003C1200100401000088
:10998000F80000004012001004010000F90000007F
:109990004412001004010000FA00000048120010F8
:1099A00004010000FB0000004C1200100401000044
:1099B000FC0000005012001004010000FD00000037
:1099C0005412001004010000FE00000058120010A4
:1099D00004010000FF0000005C1200100401000000
:1099E00000010000601200100401000001010000ED
:1099F000641200100401000002010000681200104F
:109A000004010000030100006C12001004010000BA
:109A100004010000701200100401000005010000A4
:109A200074120010040100000601000078120010FA
:109A300004010000070100007C1200100401000076
:109A4000080100008012001004010000090100005C
:109A500084120010040100000A01000088120010A6
:109A6000040100000B0100008C1200100401000032
:109A70000C01000090120010040100000D01000014
:109A800094120010040100000E0100009812001052
:109A9000040100000F0100009C12001004010000EE
:109AA00010010000A01200100401000011010000CC
:109AB000A41200100401000012010000C4140010E0
:109AC0000400000000000000C814001004000000A2
:109AD00000000000A81200100401000013010000A3
:109AE000AC1200100401000014010000B0120010BC
:109AF0000201000015010000B21200100201000076
:109B000016010000CC14001004000000000000004A
:109B1000B41200100401000017010000B812001078
:109B20000101000018010000D01400100400000022
:109B300000000000BC120010040100001901000028
:109B4000C0120010020100001A010000C212001031
:109B5000020100001B010000C412001002010000FD
:109B60001C010000C6120010020100001D010000CF
:109B7000C8120010020100001E010000CA120010ED
:109B8000020100001F010000CC12001002010000C1
:109B900020010000CE12001002010000210100008F
:109BA000D01200100201000022010000D2120010A9
:109BB0000201000023010000D41200100201000085
:109BC00024010000D612001002010000250100004F
:109BD000D41400100200000000000000D812001091
:109BE0000101000026010000D9120010010100004F
:109BF00027010000DC120010040100002801000011
:109C0000E01200100201000029010000E212001021
:109C1000010100002A010000D6140010020000001B
:109C200000000000D8140010020000000000000036
:109C3000DC1400100400000000000000E01400101C
:109C40000200000000000000E2140010020000000A
:109C500000000000E41400100200000000000000FA
:109C6000E61400100200000000000000E8140010DC
:109C70000200000000000000EA14001002000000D2
:109C800000000000E3120010010100002B010000A1
:109C9000E4120010010100002C010000E512001088
:109CA000010100002D010000E6120010010100007A
:109CB0002E010000E7120010010100002F0100003A
:109CC000EC1400100100000000000000ED14001072
:109CD0000100000000000000EE1400100100000070
:109CE00000000000EF140010010000000000000060
:109CF000F01400100100000000000000E812001045
:109D00000201000030010000EA1200100201000010
:109D100031010000EC1200100101000032010000CE
:109D2000ED1200100101000033010000EE120010DE
:109D30000101000034010000401400100402000082
:109D40001A00000044140010040200001B00000070
:109D5000F01200100401000035010000F4120010A0
:109D60000401000036010000F81200100401000098
:109D700037010000FC12001004010000380100004F
:109D8000001300100401000039010000041300104A
:109D9000040100003A010000F41400100400000067
:109DA00000000000F8140010040000000000000093
:109DB00048140010040200001C0000004C140010A5
:109DC000040200001D0000005014001004020000F6
:109DD0001E00000054140010040200001F000000C8
:109DE000FC1400100400000000000000001500102A
:109DF0000400000000000000041500100400000032
:109E00000000000008150010040000000000000021
:109E100008130010020100003B0100000A130010AB
:109E2000010100003C0100000C13001004010000BF
:109E30003D0100000C1500100400000000000000AF
:109E400010130010010100003E0100001015001069
:109E500002000000000000001215001001000000C8
:109E60000000000011130010010100003F0100007C
:109E70001213001001010000400100001313001034
:109E80000101000041010000131500100100000055
:109E90000000000014150010010000000000000088
:109EA0001515001001000000000000001413001040
:109EB000010100004201000018130010040100001D
:109EC000430100001C1300100401000044010000C5
:109ED00020130010010100004501000021130010B3
:109EE00001010000460100002213001001010000E2
:109EF0004701000023130010010100004801000089
:109F00002413001001010000490100002513001076
:109F1000010100004A0100002613001001010000A9
:109F20004B01000027130010010100004C0100004C
:109F300028130010010100004D010000291300103A
:109F4000010100004E0100002A1300100101000071
:109F50004F0100002B130010010100005001000010
:109F60002C13001001010000510100002D130010FE
:109F700001010000520100002E1300100101000039
:109F8000530100002F1300100101000054010000D4
:109F900030130010010100005501000031130010C2
:109FA0000101000056010000321300100101000001
:109FB0005701000033130010010100005801000098
:109FC0003413001001010000590100003513001086
:109FD000010100005A0100003613001001010000C9
:109FE0005B01000037130010010100005C0100005C
:109FF00038130010040100005D0100003C13001044
:10A00000040100005E010000401300100401000084
:10A010005F01000044130010040100006001000013
:10A020004813001004010000610100004C130010EF
:10A030000401000062010000501300100401000040
:10A0400063010000541300100401000064010000CB
:10A050005813001004010000650100005C1300109B
:10A0600004010000660100006013001004010000FC
:10A070006701000064130010040100006801000083
:10A080006813001004010000690100006C13001047
:10A09000040100006A0100007013001004010000B8
:10A0A0006B01000074130010040100006C0100003B
:10A0B00078130010040100006D0100007C130010F3
:10A0C000040100006E010000801300100401000074
:10A0D0006F010000841300100401000070010000F3
:10A0E0008813001001010000710100008C130010A2
:10A0F0000401000072010000901300100401000030
:10A1000073010000941300100401000074010000AA
:10A110009813001004010000750100009C1300104A
:10A120000401000076010000A013001004010000EB
:10A1300077010000A4130010040100007801000062
:10A14000A813001004010000790100001815001088
:10A150000400000000000000AC1300100201000029
:10A160007A010000B0130010040100007B01000020
:10A17000B4130010010100007C010000B6130010B0
:10A18000020100007D010000B81300100201000070
:10A190007E010000BA130010020100007F010000E0
:10A1A000BC13001002010000800100001C1500100B
:10A1B00001000000000000001D150010010000005B
:10A1C000000000001E15001001000000000000004B
:10A1D000BE1300100101000081010000C013001037
:10A1E0000401000082010000C413001004010000FB
:10A1F00083010000C8130010040100008401000066
:10A20000CC1300100401000085010000D0130010E1
:10A210000401000086010000D413001004010000B6
:10A2200087010000D813001004010000880100001D
:10A23000DC1300100401000089010000E01300108D
:10A24000040100008A010000A30E001001030000B9
:10A2500000000000FC0100005CA2031A9301010150
:10A2600000000000652C0010D2060104010000006F
:10A27000A40E0010D208010402000000602C00109F
:10A28000D201010103000000642C0010D201010181
:10A2900004000000A80E0010D20601040500000012
:10A2A000AC0E0010D201010109000000B00E001038
:10A2B000D30101010A000000B10E0010D204010216
:10A2C0000B000000682C00101206010408000000BA
:10A2D000B40E001012010101B00400005814001067
:10A2E00012070804B10400005C14001012070204F5
:10A2F000B20400006014001013060104B30400004F
:10A300006414001013040102B40400006814001067
:10A3100012060104B50400006C14001012060104BA
:10A32000B60400007014001013010101B70400000E
:10A330007414001053010101B8040000B80E00109D
:10A3400053070204B9040000BC0E001053070204B6
:10A35000BA040000C00E001053070204BB04000042
:10A36000C40E001053070204BC040000C80E001005
:10A3700012010101BD040000751400105301010118
:10A38000BE040000CC0E001053010101BF04000008
:10A39000CD0E001053010101C0040000CE0E0010CC
:10A3A00012010101C104000076140010120702041A
:10A3B000C20400007814001053010101C30400001E
:10A3C000E413001053010101C4040000E513001060
:10A3D00013070204C50400007C1400105307020494
:10A3E000C6040000E813001053010101C704000077
:10A3F000EC13001013010101C804000080140010C8
:10A4000013010101C90400008114001013010101AE
:10A41000CA0400008214001012070204CB040000DA
:10A420008414001053010101CC040000ED1300104E
:10A4300053010101CD040000EE13001012070204C5
:10A44000CE0400008814001053070204CF0400005B
:10A45000F013001053010101D0040000F4130010A8
:10A4600013010101D10400008C140010130101013B
:10A47000D20400008D14001013010101D304000068
:10A480008E14001012070204D4040000901400106F
:10A4900012070204D50400009414001053070204AC
:10A4A000D6040000F813001053010101D704000086
:10A4B000CF0E001053010101D8040000D00E00108F
:10A4C00053010101D9040000D10E00105301010114
:10A4D000DA040000D20E001053010101DB04000079
:10A4E000D30E001053010101DC040000D40E001053
:10A4F00053010101DD040000D50E001053010101DC
:10A50000DE040000D60E001053070204DF04000032
:10A51000D80E001053010101E0040000DC0E001011
:10A5200053070204E1040000E00E0010530404028B
:10A53000E2040000E40E001053040402E3040000EF
:10A54000E60E001053040402E4040000E80E0010BC
:10A5500053040402E5040000EA0E00105304040250
:10A56000E6040000EC0E001053040402E7040000AF
:10A57000EE0E001053040402E8040000F00E001078
:10A5800053040402E9040000F20E00105304040214
:10A59000EA040000F40E001053010101EB04000076
:10A5A000F60E001053010101EC040000F70E00103C
:10A5B00053010101ED040000F80E001053010101E8
:10A5C000EE040000F90E001012010101EF0400007A
:10A5D0009814001053040402F0040000FA0E001056
:10A5E00053040402F1040000FC0E001053040402A2
:10A5F000F2040000FE0E001053040402F3040000F5
:10A60000000F001053010101F4040000020F0010BC
:10A6100053060104F5040000040F00105306010462
:10A62000F6040000080F001012040102F7040000F5
:10A630009A14001012010101F80400009C1400108B
:10A6400012040102F90400009E140010120101011D
:10A65000FA040000A014001012040102FB04000020
:10A66000A214001012010101FC040000A414001047
:10A6700053040102FD0400000C0F001053070204F4
:10A68000FE040000100F001012070204FF04000077
:10A69000A81400105301010100050000140F001060
:10A6A0005301010101050000150F001053010101C4
:10A6B00002050000160F0010130601040305000038
:10A6C000AC1400105301010104050000170F001025
:10A6D0005304010205050000180F001012060104C2
:10A6E00006050000B0140010130601040705000061
:10A6F000B41400101306010408050000B81400107B
:10A700001306010409050000BC14001053060104DF
:10A710000A050000FC130010530601040B0500009D
:10A720001C0F0010530601040C050000200F001040
:10A73000530601040D050000240F00105306010408
:10A740000E050000280F0010530601040F0500003D
:10A750002C0F00105306010410050000300F0010EC
:10A760005306010411050000340F001053060104C4
:10A7700012050000380F00105306010413050000F5
:10A780003C0F00105306010414050000400F001098
:10A790005306010415050000440F00105306010480
:10A7A00016050000480F00105306010417050000AD
:10A7B0004C0F00105306010418050000500F001044
:10A7C0005306010419050000540F0010530601043C
:10A7D0001A050000580F0010530601041B05000065
:10A7E0005C0F0010530601041C050000600F0010F0
:10A7F000530601041D050000640F001053060104F8
:10A800001E050000680F0010530601041F0500001C
:10A810006C0F00105306010420050000700F00109B
:10A820005306010421050000740F001053060104B3
:10A8300022050000780F00105306010423050000D4
:10A840007C0F00105306010424050000800F001047
:10A850005306010425050000840F0010530601046F
:10A8600026050000880F001053060104270500008C
:10A870008C0F00105306010428050000900F0010F3
:10A880005306010429050000940F0010530601042B
:10A890002A050000980F0010530601042B05000044
:10A8A0009C0F0010530601042C050000A00F00109F
:10A8B000530601042D050000A40F001053060104E7
:10A8C0002E050000A80F0010530601042F050000FC
:10A8D000AC0F00105301010130050000B00F001053
:10A8E0005306010431050000B40F001053060104A3
:10A8F00032050000B80F00105306010433050000B4
:10A90000BC0F00105306010434050000C00F0010F6
:10A910005301010135050000C40F0010530401026A
:10A9200036050000C60F0010530401023705000071
:10A93000C80F00105304010238050000CA0F0010B0
:10A9400053060104390500000014001053060104E9
:10A950003A05000004140010530601043B050000F2
:10A9600008140010530601043C0500000C140010EC
:10A97000530601043D0500001014001053060104A5
:10A980003E05000014140010530601043F050000AA
:10A990001814001053060104400500001C14001098
:10A9A0005306010441050000CC0F001053060104BA
:10A9B0004205000020140010530601044305000066
:10A9C000241400105306010444050000281400104C
:10A9D00053060104450500002C1400105306010421
:10A9E000460500003014001053060104470500001E
:10A9F00034140010530601044805000038140010F8
:10AA000053060104490500003C14001053060104DC
:10AA10004A050000D00F0010530601044B0500004A
:10AA2000D40F0010530601044C050000D80F00108D
:10AA3000530601044D050000DC0F0010530601040D
:10AA40004E050000E00F0010530601044F05000002
:10AA5000E40F00105306010450050000E80F001039
:10AA60005306010451050000EC0F001053060104C9
:10AA700052050000F00F00105306010453050000BA
:10AA8000F40F00105306010454050000F80F0010E5
:10AA90005306010455050000FC0F00105306010485
:10AAA0005605000000100010530601045705000071
:10AAB000041000105306010458050000081000108F
:10AAC00053060104590500000C1000105306010440
:10AAD0005A05000010100010530601045B05000029
:10AAE00014100010530601045C050000181000103B
:10AAF000530601045D0500001C10001053060104FC
:10AB00005E05000020100010530601045F050000E0
:10AB100024100010530601046005000028100010E6
:10AB200053060104610500002C10001053060104B7
:10AB30006205000030100010530601046305000098
:10AB40003410001053060104640500003810001092
:10AB500053060104650500003C1000105306010473
:10AB60006605000040100010530601046705000050
:10AB7000441000105306010468050000481000103E
:10AB800053060104690500004C100010530601042F
:10AB90006A05000050100010530601046B05000008
:10ABA00054100010530601046C05000058100010EA
:10ABB000530601046D0500005C10001053060104EB
:10ABC0006E05000060100010530601046F050000C0
:10ABD0006410001053060104700500006810001096
:10ABE00053060104710500006C10001053060104A7
:10ABF0007205000070100010530601047305000078
:10AC00007410001053060104740500007810001041
:10AC100053060104750500007C1000105306010462
:10AC2000760500008010001053060104770500002F
:10AC300084100010530601047805000088100010ED
:10AC400053060104790500008C100010530601041E
:10AC50007A05000090100010530601047B050000E7
:10AC600094100010530601047C0500009810001099
:10AC7000530601047D0500009C10001053060104DA
:10AC80007E050000A0100010530601047F0500009F
:10AC9000A41000105306010480050000A810001045
:10ACA0005306010481050000AC1000105306010496
:10ACB00082050000B0100010530601048305000057
:10ACC000B41000105306010484050000B8100010F1
:10ACD0005306010485050000BC1000105306010452
:10ACE00086050000C010001053060104870500000F
:10ACF000C41000105306010488050000C81000109D
:10AD00005306010489050000CC100010530601040D
:10AD10008A050000D0100010530601048B050000C6
:10AD2000D4100010530601048C050000D810001048
:10AD3000530601048D050000DC10001053060104C9
:10AD40008E050000E0100010530601048F0500007E
:10AD5000E41000105306010490050000E8100010F4
:10AD60005306010491050000EC1000105306010485
:10AD700092050000F0100010530601049305000036
:10AD8000F41000105306010494050000F8100010A0
:10AD90005306010495050000FC1000105306010441
:10ADA00096050000001100105306010497050000ED
:10ADB000041100105306010498050000081100104A
:10ADC00053060104990500000C11001053060104FC
:10ADD0009A05000010110010530601049B050000A5
:10ADE00014110010530601049C05000018110010F6
:10ADF000530601049D0500001C11001053060104B8
:10AE00009E05000020110010530601049F0500005C
:10AE10002411001053060104A005000028110010A1
:10AE200053060104A10500002C1100105306010473
:10AE3000A20500003011001053060104A305000014
:10AE40003411001053060104A4050000381100104D
:10AE500053060104A50500003C110010530601042F
:10AE6000A60500004011001053060104A7050000CC
:10AE70004411001053060104A805000048110010F9
:10AE800053060104A90500004C11001053060104EB
:10AE9000AA0500005011001053060104AB05000084
:10AEA0005411001053060104AC05000058110010A5
:10AEB00053060104AD0500005C11001053060104A7
:10AEC000AE0500006011001053060104AF0500003C
:10AED0006411001053060104B00500006811001051
:10AEE00053060104B10500006C1100105306010463
:10AEF000B20500007011001053060104B3050000F4
:10AF00007411001053060104B405000078110010FC
:10AF100053060104B50500007C110010530601041E
:10AF2000B60500008011001053060104B7050000AB
:10AF30008411001053060104B805000088110010A8
:10AF400053060104B90500008C11001053060104DA
:10AF5000BA0500009011001053060104BB05000063
:10AF60009411001053060104BC0500009811001054
:10AF700053060104BD0500009C1100105306010496
:10AF8000BE050000A011001053060104BF0500001B
:10AF9000A411001053060104C0050000A811001000
:10AFA00053060104C1050000AC1100105306010452
:10AFB000C2050000B011001053060104C3050000D3
:10AFC000B411001053060104C4050000B8110010AC
:10AFD00053060104C5050000BC110010530601040E
:10AFE000C6050000C011001053060104C70500008B
:10AFF000C411001053060104C8050000C811001058
:10B0000053060104C9050000CC11001053060104C9
:10B01000CA050000D011001053060104CB05000042
:10B02000D411001053060104CC050000D811001003
:10B0300053060104CD050000DC1100105306010485
:10B04000CE050000E011001053060104CF050000FA
:10B05000E411001053060104D0050000E8110010AF
:10B0600053060104D1050000EC1100105306010441
:10B07000D2050000F011001053060104D3050000B2
:10B08000F411001053060104D4050000F81100105B
:10B0900053060104D5050000FC11001053060104FD
:10B0A000D60500000012001053060104D705000069
:10B0B0000412001053060104D80500000812001005
:10B0C00053060104D90500000C12001053060104B8
:10B0D000DA0500001012001053010101DB05000029
:10B0E0001412001012010101DC050000C014001050
:10B0F00053060104DD050000181200105306010478
:10B10000DE0500001C12001053060104DF050000DC
:10B110002012001053060104E00500002412001064
:10B1200053060104E1050000281200105306010433
:10B13000E20500002C12001053060104E305000094
:10B140003012001053060104E40500003412001010
:10B1500053060104E50500003812001053060104EF
:10B16000E60500003C12001053060104E70500004C
:10B170004012001053060104E805000044120010BC
:10B1800053060104E90500004812001053060104AB
:10B19000EA0500004C12001053060104EB05000004
:10B1A0005012001053060104EC0500005412001068
:10B1B00053060104ED050000581200105306010467
:10B1C000EE0500005C12001053060104EF050000BC
:10B1D0006012001053060104F00500006412001014
:10B1E00053060104F1050000681200105306010423
:10B1F000F20500006C12001053060104F305000074
:10B200007012001053060104F405000074120010BF
:10B2100053060104F50500007812001053060104DE
:10B22000F60500007C12001053060104F70500002B
:10B230008012001053060104F8050000841200106B
:10B2400053060104F905000088120010530601049A
:10B25000FA0500008C12001053060104FB050000E3
:10B260009012001053060104FC0500009412001017
:10B2700053060104FD050000981200105306010456
:10B28000FE0500009C12001053060104FF0500009B
:10B29000A01200105306010400060000A4120010C2
:10B2A0001206010401060000C41400101207010474
:10B2B00002060000C8140010530701040306000032
:10B2C000A81200105307010404060000AC1200107D
:10B2D0005304040205060000B012001053040402D7
:10B2E00006060000B2120010120601040706000054
:10B2F000CC1400105306010408060000B41200101C
:10B300005301010109060000B812001012070204DF
:10B310000A060000D0140010530601040B060000BA
:10B32000BC120010530404020C060000C0120010EE
:10B33000530404020D060000C2120010530404025C
:10B340000E060000C4120010530404020F06000091
:10B35000C61200105304040210060000C8120010A8
:10B360005304040211060000CA1200105304040220
:10B3700012060000CC120010530404021306000051
:10B38000CE1200105304040214060000D012001064
:10B390005304040215060000D212001053040402E4
:10B3A00016060000D4120010530404021706000011
:10B3B000D61200101204010218060000D414001066
:10B3C0005301010119060000D812001053010101B8
:10B3D0001A060000D9120010530601041B060000D3
:10B3E000DC120010530401021C060000E0120010E1
:10B3F000530101011D060000E212001012040102B7
:10B400001E060000D6140010120401021F060000E0
:10B41000D81400101307020420060000DC140010EA
:10B420001304010221060000E014001013040102BD
:10B4300022060000E214001012040102230600009C
:10B44000E41400101304010224060000E6140010A6
:10B450001304010225060000E81400101304010281
:10B4600026060000EA14001053010101270600001F
:10B47000E31200105301010128060000E41200103D
:10B480005301010129060000E512001053010101DA
:10B490002A060000E6120010530101012B060000ED
:10B4A000E7120010130101012C060000EC1400103B
:10B4B000130101012D060000ED140010130101011C
:10B4C0002E060000EE140010130101012F060000EB
:10B4D000EF1400101301010130060000F0140010F9
:10B4E0005304010231060000E81200105304010267
:10B4F00032060000EA120010530101013306000079
:10B50000EC1200105301010134060000ED1200108E
:10B510005301010135060000EE12001053070A0422
:10B52000360600004014001053070A0437060000D6
:10B53000441400105307090438060000F0120010EC
:10B540005307090439060000F412001053070904D8
:10B550003A060000F8120010530709043B060000E9
:10B56000FC120010530709043C06000000130010F1
:10B57000530709043D0600000413001013070104DB
:10B580003E060000F4140010130701043F060000FB
:10B59000F81400105306010440060000481400107F
:10B5A00053060104410600004C1400105306010428
:10B5B0004206000050140010530601044306000028
:10B5C000541400101306010444060000FC1400107B
:10B5D00013060104450600000015001013060104BF
:10B5E000460600000415001013060104470600007B
:10B5F0000815001053040402480600000813001048
:10B6000053010101490600000A1300105307010409
:10B610004A0600000C130010120601044B0600003D
:10B620000C150010530101014C060000101300100E
:10B63000120401024D060000101500101201010154
:10B640004E06000012150010530101014F060000C4
:10B6500011130010530101015006000012130010D5
:10B6600053010101510600001313001013010101E1
:10B6700052060000131500101301010153060000CB
:10B6800014150010130101015406000015150010D7
:10B690005301010155060000141300105306010464
:10B6A0005606000018130010530601045706000048
:10B6B0001C13001053010101580600002013001054
:10B6C000530101015906000021130010530101012B
:10B6D0005A06000022130010530101015B0600000E
:10B6E00023130010530101015C0600002413001015
:10B6F000530101015D0600002513001053010101F3
:10B700005E06000026130010530101015F060000D1
:10B7100027130010530101016006000028130010D8
:10B7200053010101610600002913001053010101BA
:10B73000620600002A130010530101016306000095
:10B740002B13001053010101640600002C1300109C
:10B7500053010101650600002D1300105301010182
:10B76000660600002E130010530101016706000059
:10B770002F13001053010101680600003013001060
:10B78000530101016906000031130010530101014A
:10B790006A06000032130010530101016B0600001D
:10B7A00033130010530101016C0600003413001024
:10B7B000530101016D060000351300105301010112
:10B7C0006E06000036130010530101016F060000E1
:10B7D00037130010530702047006000038130010DE
:10B7E00053070204710600003C13001053070204C3
:10B7F0007206000040130010530601047306000097
:10B80000441300105306010474060000481300108E
:10B8100053060104750600004C1300105306010482
:10B82000760600005013001053060104770600004E
:10B83000541300105306010478060000581300103A
:10B8400053060104790600005C130010530601043E
:10B850007A06000060130010530601047B06000006
:10B8600064130010530601047C06000068130010E6
:10B87000530601047D0600006C13001053060104FA
:10B880007E06000070130010530601047F060000BE
:10B890007413001053060104800600007813001092
:10B8A00053060104810600007C13001053060104B6
:10B8B0008206000080130010530601048306000076
:10B8C0008413001053010101840600008813001046
:10B8D00053060104850600008C1300105306010472
:10B8E000860600009013001053060104870600002E
:10B8F00094130010530601048806000098130010EA
:10B9000053060104890600009C130010530601042D
:10B910008A060000A0130010530601048B060000E5
:10B92000A4130010530601048C060000A813001095
:10B93000130601048D0600001815001053040102BF
:10B940008E060000AC130010530702048F0600009F
:10B95000B01300105301010190060000B413001051
:10B960005304010291060000B613001053040102B3
:10B9700092060000B8130010530401029306000061
:10B98000BA1300105304010294060000BC13001007
:10B9900013010101950600001C150010130101019F
:10B9A000960600001D150010130101019706000006
:10B9B0001E1500105301010198060000BE1300106F
:10B9C0005306010499060000C01300105306010439
:10B9D0009A060000C4130010530601049B060000E1
:10B9E000C8130010530601049C060000CC1300107D
:10B9F000530601049D060000D013001053060104F5
:10BA00009E060000D4130010530601049F06000098
:10BA1000D813001053060104A0060000DC13001028
:10BA200053060104A1060000E0130010000000000E
:10BA3000000000001D21021AF52D021AEB2D021A3A
:10BA400000000000000000005534021AB738021A46
:10BA5000AD38021A000306080B0D101215171A1D37
:10BA60001F222427292C2E313336393B3E404345B3
:10BA7000484A4D505255575A5C5F616466696C6E16
:10BA8000717376787B7D808385888A8D8F92949779
:10BA9000999C9FA1A4A6A9ABAEB0B3B6B8BBBDC0DC
:10BAA000C2C5C7CACCCFD2D4D7D9DCDEE1E3E6E940
:10BAB000EBEEF0F3F5F8FAFDFFFFFFFF8C0100005D
:10BAC0008E0100009001000092010000940100002E
:10BAD00096010000980100009A0100009C010000FE
:10BAE0009E010000A0010000A2010000A4010000CE
:10BAF000A6010000A80100008A01000088010000E2
:10BB0000AA010000AC010000AE010000B00100007D
:10BB1000B2010000B4010000B6010000B80100004D
:10BB2000BA010000BC010000BE010000C00100001D
:10BB3000C2010000C4010000C6010000C8010000ED
:10BB4000CA010000CC010000CE010000D0010000BD
:10BB5000D2010000D4010000D6010000D80100008D
:10BB6000DA010000DC010000DE010000E00100005D
:10BB7000E2010000E4010000E60100008B0100008A
:10BB80008D0100008F010000910100009301000071
:10BB90009501000097010000990100009B01000041
:10BBA0009D0100009F010000A1010000A301000011
:10BBB000A5010000A7010000890100008701000025
:10BBC000A9010000AB010000AD010000AF010000C1
:10BBD000B1010000B3010000B5010000B701000091
:10BBE000B9010000BB010000BD010000BF01000061
:10BBF000C1010000C3010000C5010000C701000031
:10BC0000C9010000CB010000CD010000CF01000000
:10BC1000D1010000D3010000D5010000D7010000D0
:10BC2000D9010000DB010000DD010000DF010000A0
:10BC3000E1010000E3010000E50100000000000058
:10BC400000000000DD42021AE549021A1548021AF6
:10BC500000000000000000007944021A000000000B
:10BC6000000000007549021A2A0000002B000000A5
:10BC70002D0000002C00000027000000290000001B
:10BC8000260000000600000058000010D104D30474
:10BC9000D204010021000000220000002400000066
:10BCA000230000001E000000200000001D00000016
:10BCB000050000006C000010C804CA04C90400009C
:10BCC00005000000781400106C0000101D0000003A
:10BCD0001E00000021000000220000000000000003
:10BCE0000600000084140010580000102600000018
:10BCF000270000002A0000002B00000001000000C7
:10BD0000070000009014001008220010FFFFFFFF42
:10BD1000FFFFFFFFFFFFFFFFFFFFFFFF020000002D
:10BD20009509001097090010960900109809001055
:10BD30009D090010840000008B0000006F000000CF
:10BD4000450000004C000000A9090010AB090010DC
:10BD5000AA090010AC090010B1090010850000000C
:10BD60008C00000070000000460000004D00000044
:10BD7000BD090010BF090010BE090010C009001065
:10BD8000C5090010860000008D0000007100000051
:10BD9000470000004E000000DC280010FA0E0010E2
:10BDA000010000001F0A001048130010D8280010DE
:10BDB000FC0E001002000000250A00104C130010B9
:10BDC000D4280010FE0E0010040000002B0A001002
:10BDD00050130010D0280010000F001008000000C1
:10BDE000310A001054130010CC280010C0120010AB
:10BDF00010000000370A001058130010C828001067
:10BE0000C2120010200000003D0A00105C13001058
:10BE1000C4280010C412001040000000430A0010A3
:10BE200060130010C0280010C6120010800000002F
:10BE3000490A001064130010BC280010C81200103A
:10BE4000000100004F0A001068130010B82800100D
:10BE5000CA12001000020000550A00106C130010F6
:10BE6000B4280010CC120010000400005B0A00107F
:10BE700070130010B0280010CE120010000800004F
:10BE8000610A001074130010AC280010D0120010CA
:10BE900000100000670A001078130010A828001096
:10BEA000D2120010002000006D0A00107C13001058
:10BEB000A4280010D412001000400000730A0010E3
:10BEC00080130010A0280010D6120010008000007F
:10BED000790A001084130010281200106812001054
:10BEE0002C1200106C120010301200107012001092
:10BEF0003412001074120010381200107812001062
:10BF00003C1200107C120010401200108012001031
:10BF10004412001084120010481200108812001001
:10BF20004C1200108C1200105012001090120010D1
:10BF300054120010941200105812001098120010A1
:10BF40005C1200109C12001060120010A012001071
:10BF500064120010A4120010000028004F007600A8
:10BF60009D00C500EC0013013A0161018901B00197
:10BF7000D701FE0126024D0274029B02C202EA02B0
:10BF8000110338035F038603AE03D503FC032304C8
:10BF90004B0472049904C004E7040F0536055D05DF
:10BFA0008405AB05D305FA052106480670069706F9
:10BFB000BE06E5060C0734075B078207A907D00712
:10BFC000F8071F0846086D089508BC08E3080A0929
:10BFD000310959098009A709CE09F6091D0A440A41
:10BFE0006B0A920ABA0AE10A080B2F0B560B7E0B5A
:10BFF000A50BCC0BF30B1B0C420C690C900CB70C73
:10C00000DF0C060D2D0D540D7B0DA30DCA0DF10D8A
:10C01000180E400E670E8E0EB50EDC0E040F2B0FA1
:10C02000520F790FA00FC80FEF0F16103D106510BB
:10C030008C10B310DA1001112911501177119E11D3
:10C04000C611ED1114123B1262128A12B112D812EB
:10C05000FF1226134E1375139C13C313EB13121404
:10C06000391460148714AF14D614FD1424154B151D
:10C0700073159A15C115E815101637165E16851634
:10C08000AC16D416FB162217491770179817BF174E
:10C09000E6170D1835185C188318AA18D118F91866
:10C0A000201947196E199619BD19E4190B1A321A7D
:10C0B0005A1A811AA81ACF1AF61A1E1B451B6C1B96
:10C0C000931BBB1BE21B091C301C571C7F1CA61CAE
:10C0D000CD1CF41C1B1D431D6A1D911DB81DE01DC8
:10C0E000071E2E1E551E7C1EA41ECB1EF21E191FDF
:10C0F000401F681F8F1FB61FDD1F05202C205320F7
:10C100007A20A120C920F02017213E2166218D210F
:10C11000B421DB2102222A22512278229F22C62228
:10C12000EE2215233C2363238B23B223D92300243F
:10C1300027244F2476249D24C424EB2413253A2558
:10C1400061258825B025D725FE2525264C26742671
:10C150009B26C226E9261027FFFFFFFF0000F841BB
:10C160000000204200003C42000000420000244247
:10C17000000040420000000000000000D5B7021A95
:10C18000E5B7021AFDB7021ACFB8021A09B9021AA6
:10C19000E1B7021ABDB9021A6100630064006500CC
:10C1A0006600670068006E006F0072007300810017
:10C1B00083008500A100A200A300A400A500A600A2
:10C1C000A4380010943800108438001000000000DB
:10C1D00000000000A5BD021A65BD021A09BE021AC0
:10C1E0004DBE021A0000000000000000F9DD021A36
:10C1F00055C5021AC5E0021A1DC6021A79C5021AEF
:10C20000D1C6021A45C7021AD9C7021A9DC5021A19
:10C210006DC7021AD1C5021AD9C5021ADDC5021AA4
:10C22000E7C5021AEBC5021AEFC5021AF3C5021AD6
:10C23000F9C5021AA1C7021A05C6021A61C5021A77
:10C240006DC5021AA5C9021A75C6021A8BDC021A3C
:10C2500011C6021A15C6021A19C6021AE9CB021A29
:10C260000000000000000000B5E2021ACDE2021A50
:10C27000E5E2021A05E3021A29E3021A6DE3021A43
:10C2800089E3021AA5E3021AD1E3021AEDE3021AC6
:10C2900009E4021A5D803558285F8F3C9769000CCD
:10C2A00005060B09000A0D030E0F0804070102FF23
:10C2B0000000000000000000F9E6021ABDE6021AC4
:10C2C000D5E6021AE5E6021AE9E6021A00000000C5
:10C2D0000000000029E7021A000000000000000032
:10C2E00029E7021AEBE8021A61E8021A7FE8021A4B
:10C2F0009DE8021AB3E8021AC9E8021ADDE8021A38
:10C300005DE8021AF8FFFFFF0000000079E8021A5A
:10C3100097E8021AADE8021AC3E8021A0DE9021AF8
:10C32000000000000000000029E7021AB9EA021A22
:10C3300015E9021A33E9021A51E9021A67E9021AE9
:10C340007DE9021A21EA021A11E9021AF8FFFFFF39
:10C35000000000002DE9021A4BE9021A61E9021AF5
:10C3600077E9021AD9EA021A000000000000000072
:10C370006DEB021AFDED021ADDEA021A25EB021A34
:10C3800031EB021A6DEF021AA9EB021A49EB021AFD
:10C3900051EB021A3DEB021A881378007C2C001036
:10C3A000030000000100000058020000881378001C
:10C3B0009C2C00100200000020000000DC050000A2
:10C3C000D007100EBC2C0010010000008B010000F3
:10C3D000DC050000ACC3031AF02E001098C3031A4A
:10C3E000D82E0010000000000000000081F3021AA7
:10C3F00093F3021AA5F4021A0000000000000000E6
:10C4000083F3021A85F3021A01F5021A4B0053480E
:10C41000572C0041373236393632433544373734BA
:10C420003933373932444432443545313643383074
:10C430003844450030322C313400333539314144F1
:10C440003944354234363439313338373335413372
:10C45000304336353538373543370030412C3134A9
:10C460000038393036303134434339433134393888
:10C47000434243393942383836343346413537360A
:10C480003300413438393435324531323437343879
:10C49000313242313032454434333735303032373F
:10C4A000374200303631373742343946423135343D
:10C4B00045373441344137364438343834443133E5
:10C4C000364430003144334642323030324339361C
:10C4D00034443946423030364133303439454334C0
:10C4E000434244420073662C3200414F4B0D0A0018
:10C4F000732D2C536953424C455F0073646D2C536C
:10C500006953636F6E74726F6C65720073646E2C26
:10C51000726F626F7420532E412E0073732C38306B
:10C520003030303030310073722C323230303030B5
:10C53000303000505A0050532C30393436433530A7
:10C540003245334232343337434142354545344234
:10C550004344364639453944410050432C41373233
:10C560003639363243354437373439333739324444
:10C57000443244354531364338303844452C303226
:10C580002C30320050432C33353931414439443555
:10C59000423436343931333837333541333043362A
:10C5A000353538373543372C31322C313400504350
:10C5B0002C3839303630313443433943313439380B
:10C5C00043424339394238383634334641353736B9
:10C5D000332C31412C31340050432C413438393420
:10C5E00035324531323437343831324231303245E8
:10C5F00044343337353030323737422C30322C31F7
:10C60000300050432C3036313737423439464231CE
:10C61000353445373441344137364438343834447E
:10C6200031333644302C30322C30380050432C31EA
:10C63000443346423230303243393634443946424C
:10C640003030364133303439454334434244422C50
:10C6500030412C3038004C5300722C3100434D4493
:10C660000D0A0053542C303030362C303030302C02
:10C6700030303634002C3030303100436F6E6E6510
:10C680006374696F6E20456E6400436F6E6E656300
:10C6900074656400436F6E6E506172616D00FFFFE0
:10C6A0000000000000000000CB00031AD100031AB4
:10C6B000D700031A9503031A7D01031AD900031A40
:10C6C000A502031ADD00031AFB00031A0701031A6F
:10C6D0001101031ADDF5021A11F6021A71F6021A97
:10C6E000D1F6021A31F7021A05F6021A0052433740
:10C6F000363530000000000000000000CB00031AB7
:10C70000D100031AD700031A9503031A7D01031AF7
:10C71000D900031AA502031ADD00031AFB00031A4D
:10C720000701031A1101031A0000000000000000B5
:10C7300000000000000000000000000000000000F9
:10C740000000000000000000000000006919031A4A
:10C750006D19031A7D19031AC919031AB71A031A96
:10C760005519031A8D19031AAB19031AF91A031A6A
:10C770006519031A131B031A9B19031A9F19031A2D
:10C78000A719031A5119031A0020000000400000E5
:10C79000006000000080000000A0000000C0000059
:10C7A00000E00000000001000000020000000300A3
:10C7B0000000040000000500000006000000070063
:10C7C0000000000000000000551C031AA91B031AFA
:10C7D000491B031A3D1B031A431B031A00000000E8
:10C7E000000000000D1D031A951C031AA51C031A56
:10C7F000D91F031A1923031AA71C031AED1C031AC5
:10C80000D11C031AAB1C031AB71C031AC31C031A4E
:10C81000001BB70000000000000000000000000046
:10C820003F23031A4123031AF131031A3D29031A46
:10C830005131031AED30031AA12D031A0131031AE5
:10C840000931031A1931031A1131031A1D31031A60
:10C850007128031A3928031A3D28031AD123031A11
:10C860004928031A6D2A031A4D28031AFCFFFFFFFB
:10C8700000000000A529031A6919031A6D19031A8B
:10C880007D19031AC919031AB71A031A5519031A7D
:10C890008D19031AAB19031AF91A031A6519031A29
:10C8A000131B031A9B19031A9F19031AA719031ABA
:10C8B0005119031AECFDFFFF000000008D2A031A36
:10C8C000A129031A00000000000000005128031AEB
:10C8D0006128031A0D29031AE528031AF928031AF7
:10C8E0000000000000000000000000000000000048
:10C8F000F131031A000000005131031AED30031A20
:10C90000FD30031A0131031A0931031A1931031AD0
:10C910001131031A1D31031A00000000000000004D
:10C920000000000000000000000000000000000007
:10C930001732031A00000000000000003D31031A06
:10C940001D32031A00001000000000011000000159
:10C950000100100000040101100000080102100095
:10C96000000901031000000A01041000000B01057A
:10C970001000010801061000010901071000010064
:10C98000010810000101010910000102010A100054
:10C990000103010B10000104010C10000105010D41
:10C9A00010000106010E10000107010F1000000227
:10C9B00001101000000301111000000C0112100002
:10C9C000000D01141000000F020014000500020108
:10C9D00014000501020214000502020314000503FD
:10C9E00002041400050402051400050502061400E3
:10C9F00005060207100000070208140005070209D7
:10CA00001000010A020A1000000E020B1000010BB8
:10CA1000020C1000010C020D1000010D03011400A6
:10CA2000050803021400050903041000010E0305A4
:10CA30001000010F03061000000603071400050A8A
:10CA400003081400050B040010000200040110008C
:10CA50000201040210000202040310000203040495
:10CA6000100002040405100002050406100002066E
:10CA700004081400050C04091400050D040A140030
:10CA8000050E05001000020905011000020A05024A
:10CA90001000020B05031000020C05041000020D2B
:10CAA00005051000020E05061000020F0507100014
:10CAB000020706011000030006021000030106032E
:10CAC000100003020604100003030605100003040F
:10CAD00006061000000506071400050F06081400DE
:10CAE0000510060910000305060A10000306060BD0
:10CAF00010000307060C10000208070010000308CE
:10CB000007011000030907021000030A07031000C1
:10CB1000030B07041000030C07051000030D0706A4
:10CB20001000030E07071000030F08001000040098
:10CB3000080110000401080210000402080310009C
:10CB40000403080410000404080510000405080686
:10CB50001000040608071000040709001000040C68
:10CB600009011000040D09021000040E0903100051
:10CB7000040F090414000511090514000512090623
:10CB80001000040B0A01100004080A021000040936
:10CB90000A031000040A0A04140005130B00140011
:10CBA00005140B01140005150B02140005160B03E8
:10CBB000140005170B04140005180B0514000519C3
:10CBC0000B061400051A0C01140006000C021400D8
:10CBD00006010C03140006020C04140006030C05E5
:10CBE000140006040C06140006050C0714000606C3
:10CBF0000C08140006070C09140006080C0A14009F
:10CC000006090C0B1400060A0C0C1400060B0C0D84
:10CC10001400060C0C0E1400060D0D001400060E78
:10CC20000D011400060F0D02140006100D03140070
:10CC300006110D04140006120D05140006130D064E
:10CC4000140006140D07140006150D08140006162E
:10CC50000D09140006170D0A140006180D0B140018
:10CC600006190D0C1400061A0D0D1400061B0D0EEE
:10CC70001400061C0D0F1400061D0D101400061ED6
:10CC80000E00140007000E01140007010E0214002C
:10CC900007020E03140007030E04140007040E0518
:10CCA000140007050E06140007060E0714000707F8
:10CCB0000E08140007080E09140007090E0A1400D4
:10CCC000070A0E0B1400070B0E0C1400070C0E0DB8
:10CCD0001400070D0E0E1400070E0E0F1400070FA0
:10CCE0000F01140007100F02140007110F031400A6
:10CCF00007120F05140007130F06140007140F077F
:10CD0000140007150F08140007160F091400071761
:10CD10000F0A140007180F0B14000719030F0F0F49
:10CD2000FF00000005000A00200024000900400068
:10CD3000400005006000A6000400C000C30002001F
:10CD4000E000E000010000010001030020012001DB
:10CD50000600400140010C0042014201190062013D
:10CD600062011300820182011200A201A2011100DE
:10CD7000C201C2011000E201E2010F000202020240
:10CD80000E00220222020D00230223021C000001D9
:10CD90000100090901000A09010001070101020956
:10CDA0000100060901000C0901010D0901000E092D
:10CDB00001000F0901001009010011090100120909
:10CDC00001001309010014110100191101001A11C9
:10CDD00001001B110100C201A20182016201810058
:10CDE0008200A100A200FFFF4E395F5F676E755F92
:10CDF00063787832307265637572736976655F69DE
:10CE00006E69745F6572726F724500FF68CE031AB7
:10CE1000E8CD031A34CF031A000000000CCE031A29
:10CE20002950031A3D50031A0154031A4E31305F42
:10CE30005F637878616269763132305F5F73695F12
:10CE4000636C6173735F747970655F696E666F455B
:10CE500000FFFFFF68CE031A2CCE031AC8CE031AB8
:10CE60000000000054CE031A6550031A7950031ACB
:10CE70008551031A8551031A8552031AB551031AB5
:10CE80005551031AD150031A9550031A537439742B
:10CE90007970655F696E666F00FFFFFFDCCE031A75
:10CEA0008CCE031A4E31305F5F63787861626976A9
:10CEB0003131375F5F636C6173735F747970655F85
:10CEC000696E666F4500FFFF68CE031AA4CE031A91
:10CED0009CCE031A00000000C8CE031AF551031AB5
:10CEE0000952031A8551031A8551031A8552031AF0
:10CEF000B551031A6952031A2552031AE951031A4C
:10CF00007374643A3A657863657074696F6E00FF94
:10CF10007374643A3A6261645F65786365707469DA
:10CF20006F6E00FF537439657863657074696F6E56
:10CF300000FFFFFFDCCE031A24CF031A53743133F2
:10CF40006261645F657863657074696F6E00FFFF8E
:10CF500068CE031A3CCF031A34CF031A4E31305F28
:10CF60005F637878616269763131355F5F666F72D1
:10CF70006365645F756E77696E644500DCCE031A85
:10CF80005CCF031A4E31305F5F63787861626976F7
:10CF90003131395F5F666F726569676E5F657863AF
:10CFA000657074696F6E4500DCCE031A84CF031A76
:10CFB0000000000050CF031AFD53031A1154031A46
:10CFC0000954031AF8B500BFF8BC08BC9E46704768
:10CFD000210E021ADD33021A5D40021AA142021A22
:10CFE000F149021AD14C021AF162021A9164021A32
:10CFF0003567021A219F021A41A1021AFDA3021AE3
:10D0000079F2021AAD04031AA516031A6D2E031A3B
:10D01000D153031AC956031A4560031AF8B500BF65
:08D02000F8BC08BC9E467047F5
:10D028004D88FF7F8408B101B0B0B000FF100D013A
:10D0380004020608010100000000000008B1018197
:10D04800B0B000840000000008B10181B0B00084D5
:10D05800000000001988FF7FA908B100FFFF010048
:10D0680008B10181B0B00084000000000188FF7F92
:10D07800B0AF1400FF1015010B1ED4070000C00844
:10D0880004C408010100000000000000E187FF7FE0
:10D09800B0AF0400FF101D0112240432012E044811
:10D0A80001783AB80100C001040000010000000046
:10D0B8000000000008B10181B0B000840000000049
:0CD0C80008B10181B0B00084000000003D
:10D0D400107FFF7F010000000C7FFF7FB0B0A880AD
:10D0E4003C7FFF7F010000006880FF7FB0B0AC8010
:10D0F4008C80FF7F01000000B880FF7FB0AA03800E
:10D10400E480FF7F010000001483FF7F18FFFF7F8E
:10D114001C83FF7F010000002883FF7F24FFFF7F23
:10D124002883FF7F28FFFF7F3483FF7F01000000F7
:10D134004C83FF7FB0B0A8808883FF7F010000008C
:10D14400C483FF7FB0B0AA80F083FF7FB0B0A88013
:10D154005884FF7F04FFFF7FCC84FF7F0100000021
:10D164007C85FF7FB0B0AA803486FF7FF8FEFF7F06
:10D174007086FF7FAB08B180F886FF7FF4FEFF7FE7
:10D18400448BFF7F01000000488BFF7FB0AB02801F
:10D19400EC8BFF7F01000000148DFF7FF4FEFF7F06
:10D1A400DC8DFF7F010000007891FF7FB0A9028031
:10D1B4000492FF7FB0B0A8805492FF7F010000006A
:10D1C4005C92FF7FB0B0AA808C92FF7FAE71B28078
:10D1D4005893FF7FAB3F3880B893FF7F0100000076
:10D1E400C093FF7FB0B0AA80F893FF7F01000000D6
:10D1F400A894FF7FAA0DB2802495FF7FB0AF08806A
:10D20400AC97FF7F01000000BC97FF7FAD3F028019
:10D214005C9AFF7F01000000389CFF7F008404803B
:10D224004C9CFF7F01000000489CFF7FB0AD048050
:10D23400149FFF7FB0A80380389FFF7F7CFEFF7F91
:10D244003C9FFF7F80FEFF7F489FFF7F010000001F
:10D2540000000000010000000000000001000000C8
:10D26400040000002000001002000000380000103C
:10D2740000000500000008000800090009000B0078
:10D284000600B004A1060A00010008001300FB0117
:10D2940001FFFFFF0A000000000301FF0A00000075
:10D2A4000A0000000101FFFF000000000000000070
:10D2B400000000002C2200101C22001000000000BE
:10D2C40000000000000000004C2200103C2200106E
:10D2D400030708FFFF0000FFFF020708FF0000FF2D
:10D2E400FF000107080000FF00FFFF000108000025
:10D2F4000000000001FFFFFFFFFFFFFFFFFFFFFF34
:10D304000000000000000000000000000000000019
:10D31400000000000000000000000000FFFFFFFF0D
:10D32400FFFFFFFF000000000000000000000000FD
:10D3340000000000000000000000000000000000E9
:10D34400FFFFFFFFFFFFFFFF0000000000000000E1
:10D3540000000000000000000000000000000000C9
:10D364000000000001FFFFFF0000000001000000BA
:10D37400000000000100000080FFFFFF20130010E8
:10D384002113001022130010231300102413001083
:10D394002513001026130010271300102813001063
:10D3A400291300102A1300102B1300102C13001043
:10D3B4002D1300102E1300102F1300103013001023
:10D3C4003113001032130010331300103413001003
:10D3D4003513001036130010371300106C000010C2
:10D3E400580000100822001070C3031AB8C2031AB0
:10D3F400788A031A000000000100000001FFFFFF0B
:10D40400FFFFFFFF0107FFFFFFFFFFFF50C3000007
:10D4140001FFFFFF0000000001000000CCC8031A58
:10D42400C8C7031A00100A4022000000793C031AFE
:10D4340000000000000000000000000000000000E8
:10D4440000000E4001000000793C031A00000000B7
:10D45400000000000000000000000000FFFFFFFFCC
:10D4640000000200FFFFFFFF0000000000000000BA
:10D4740018020010180200102002001020020010F0
:10D4840028020010280200103002001030020010A0
:10D494003802001038020010400200104002001050
:10D4A4004802001048020010500200105002001000
:10D4B40058020010580200106002001060020010B0
:10D4C4006802001068020010700200107002001060
:10D4D4007802001078020010800200108002001010
:10D4E40088020010880200109002001090020010C0
:10D4F4009802001098020010A0020010A002001070
:10D50400A8020010A8020010B0020010B00200101F
:10D51400B8020010B8020010C0020010C0020010CF
:10D52400C8020010C8020010D0020010D00200107F
:10D53400D8020010D8020010E0020010E00200102F
:10D54400E8020010E8020010F0020010F0020010DF
:10D55400F8020010F802001000030010000300108D
:10D56400080300100803001010030010100300103B
:10D5740018030010180300102003001020030010EB
:10D58400280300102803001030030010300300109B
:10D59400380300103803001040030010400300104B
:10D5A40048030010480300105003001050030010FB
:10D5B40058030010580300106003001060030010AB
:10D5C400680300106803001070030010700300105B
:10D5D400780300107803001080030010800300100B
:10D5E40088030010880300109003001090030010BB
:10D5F4009803001098030010A0030010A00300106B
:10D60400A8030010A8030010B0030010B00300101A
:10D61400B8030010B8030010C0030010C0030010CA
:10D62400C8030010C8030010D0030010D00300107A
:10D63400D8030010D8030010E0030010E00300102A
:10D64400E8030010E8030010F0030010F0030010DA
:10D65400F8030010F8030010000400100004001088
:10D664000804001008040010100400101004001036
:10D6740018040010180400102004001020040010E6
:10D684002804001028040010300400103004001096
:10D694003804001038040010400400104004001046
:10D6A40048040010480400105004001050040010F6
:10D6B40058040010580400106004001060040010A6
:10D6C4006804001068040010700400107004001056
:10D6D4007804001078040010800400108004001006
:10D6E40088040010880400109004001090040010B6
:10D6F4009804001098040010A0040010A004001066
:10D70400A8040010A8040010B0040010B004001015
:10D71400B8040010B8040010C0040010C0040010C5
:10D72400C8040010C8040010D0040010D004001075
:10D73400D8040010D8040010E0040010E004001025
:10D74400E8040010E8040010F0040010F0040010D5
:10D75400F8040010F8040010000500100005001083
:10D764000805001008050010100500101005001031
:10D7740018050010180500102005001020050010E1
:10D784002805001028050010300500103005001091
:10D794003805001038050010400500104005001041
:10D7A40048050010480500105005001050050010F1
:10D7B40058050010580500106005001060050010A1
:10D7C4006805001068050010700500107005001051
:10D7D4007805001078050010800500108005001001
:10D7E40088050010880500109005001090050010B1
:10D7F4009805001098050010A0050010A005001061
:10D80400A8050010A8050010B0050010B005001010
:10D81400B8050010B8050010C0050010C0050010C0
:10D82400C8050010C8050010D0050010D005001070
:10D83400D8050010D8050010E0050010E005001020
:10D84400E8050010E8050010F0050010F0050010D0
:10D85400F8050010F805001000060010000600107E
:10D86400080600100806001010060010100600102C
:10D8740028060010FFFFFFFF00000000F839001029
:10D88400603A0010C83A00100000000000000000D8
:10D894000000000000000000000000000000000084
:10D8A4000000000000000000000000000000000074
:10D8B4000000000000000000000000000000000064
:10D8C4000000000000000000000000000000000054
:10D8D4000000000000000000000000000000000044
:10D8E4000000000000000000000000000000000034
:10D8F4000000000000000000000000000000000024
:10D904000000000000000000000000000000000013
:10D9140001000000000000000E33CDAB34126DE6B0
:10D92400ECDE05000B000000000000000000000019
:10D9340000000000000000000000000000000000E3
:10D9440000000000000000000000000000000000D3
:10D9540000000000000000000000000000000000C3
:10D9640000000000000000000000000000000000B3
:10D9740000000000000000000000000000000000A3
:10D984000000000000000000000000000000000093
:10D9940000000000000000003154031ACDBA021A3E
:04D9A400000000007F
:020000041A07D9
:10FE000004000000000000000000000000000000EE
:10FE100000000000000000000000000000000000E2
:10FE200000000000000000000000000000000000D2
:10FE300000000000000000000000000000000000C2
:10FE400000000000000000000000000000000000B2
:10FE500000000000000000000000000000000000A2
:10FE60000000000000000000000000000000000092
:10FE70000000000000000000000000000000000082
:10FE80000000000000000000000000000000000072
:10FE90000000000000000000000000000000000062
:10FEA0000000000000000000000000000000000052
:10FEB0000000000000000000000000000000000042
:10FEC0000000000000000000000000000000000032
:10FED0000000000000000000000000000000000022
:10FEE0000000000000000000000000000000000012
:10FEF0000000000000000000000000000000000002
:10FF000000000000000000000000000000000000F1
:10FF100000000000000000000000000000000000E1
:10FF200000000000000000000000000000000000D1
:10FF300000000000000000000000000000000000C1
:10FF400000000000000000000000000000000000B1
:10FF500000000000000000000000000000000000A1
:10FF60000000000000000000000000000000000091
:10FF70000000000000000000000000000000000081
:10FF80000000000000000000000000000000000071
:10FF90000000000000000000000000000000000061
:10FFA0000000000000000000000000000000000051
:10FFB0000000000000000000000000000000000041
:10FFC0000000000000000000000000000000000031
:10FFD0000000000000000000000000000000000021
:10FFE0000000000000000000000000000000000011
:10FFF0000000000000000000000000000000000001
:040000051A02BAD150
:00000001FF
